データ,カテゴリ,対象,ランク系統,ランク,人数,割合%,実在との差分
実在12球団,実在12球団,全体,キャッチャー,E,23,44.23,
実在12球団,実在12球団,全体,キャッチャー,F,19,36.54,
実在12球団,実在12球団,全体,キャッチャー,C,6,11.54,
実在12球団,実在12球団,全体,キャッチャー,G,2,3.85,
実在12球団,実在12球団,全体,キャッチャー,B,2,3.85,
実在12球団,実在12球団,全体,クイック,E,78,49.37,
実在12球団,実在12球団,全体,クイック,C,55,34.81,
実在12球団,実在12球団,全体,クイック,B,13,8.23,
実在12球団,実在12球団,全体,クイック,F,12,7.59,
実在12球団,実在12球団,全体,クイック,A,1,0.63,
実在12球団,実在12球団,全体,ケガしにくさ,E,198,60.37,
実在12球団,実在12球団,全体,ケガしにくさ,F,53,16.16,
実在12球団,実在12球団,全体,ケガしにくさ,C,48,14.63,
実在12球団,実在12球団,全体,ケガしにくさ,B,21,6.4,
実在12球団,実在12球団,全体,ケガしにくさ,G,7,2.13,
実在12球団,実在12球団,全体,ケガしにくさ,A,2,0.61,
実在12球団,実在12球団,全体,チャンス,C,81,53.29,
実在12球団,実在12球団,全体,チャンス,E,56,36.84,
実在12球団,実在12球団,全体,チャンス,B,11,7.24,
実在12球団,実在12球団,全体,チャンス,F,5,3.29,
実在12球団,実在12球団,全体,ノビ,C,111,47.44,
実在12球団,実在12球団,全体,ノビ,E,63,26.92,
実在12球団,実在12球団,全体,ノビ,B,34,14.53,
実在12球団,実在12球団,全体,ノビ,F,17,7.26,
実在12球団,実在12球団,全体,ノビ,A,7,2.99,
実在12球団,実在12球団,全体,ノビ,G,2,0.85,
実在12球団,実在12球団,全体,回復,E,317,58.49,
実在12球団,実在12球団,全体,回復,C,108,19.93,
実在12球団,実在12球団,全体,回復,F,73,13.47,
実在12球団,実在12球団,全体,回復,B,45,8.3,
実在12球団,実在12球団,全体,対ピンチ,C,60,47.62,
実在12球団,実在12球団,全体,対ピンチ,E,56,44.44,
実在12球団,実在12球団,全体,対ピンチ,F,7,5.56,
実在12球団,実在12球団,全体,対ピンチ,B,3,2.38,
実在12球団,実在12球団,全体,対左打者,E,105,50.97,
実在12球団,実在12球団,全体,対左打者,C,60,29.13,
実在12球団,実在12球団,全体,対左打者,F,31,15.05,
実在12球団,実在12球団,全体,対左打者,B,11,5.34,
実在12球団,実在12球団,全体,対左投手,E,87,42.23,
実在12球団,実在12球団,全体,対左投手,C,74,35.92,
実在12球団,実在12球団,全体,対左投手,F,26,12.62,
実在12球団,実在12球団,全体,対左投手,B,19,9.22,
実在12球団,実在12球団,全体,打たれ強さ,C,84,50.3,
実在12球団,実在12球団,全体,打たれ強さ,E,47,28.14,
実在12球団,実在12球団,全体,打たれ強さ,B,32,19.16,
実在12球団,実在12球団,全体,打たれ強さ,F,3,1.8,
実在12球団,実在12球団,全体,打たれ強さ,A,1,0.6,
実在12球団,実在12球団,全体,盗塁,E,70,45.45,
実在12球団,実在12球団,全体,盗塁,C,54,35.06,
実在12球団,実在12球団,全体,盗塁,F,21,13.64,
実在12球団,実在12球団,全体,盗塁,B,10,6.49,
実在12球団,実在12球団,全体,走塁,C,109,63.37,
実在12球団,実在12球団,全体,走塁,B,45,26.16,
実在12球団,実在12球団,全体,走塁,E,13,7.56,
実在12球団,実在12球団,全体,走塁,A,5,2.91,
実在12球団,実在12球団,全体,送球,E,120,50.42,
実在12球団,実在12球団,全体,送球,C,71,29.83,
実在12球団,実在12球団,全体,送球,B,24,10.08,
実在12球団,実在12球団,全体,送球,F,22,9.24,
実在12球団,実在12球団,全体,送球,A,2,0.84,
実在12球団,実在12球団,投手,クイック,E,78,49.37,
実在12球団,実在12球団,投手,クイック,C,54,34.18,
実在12球団,実在12球団,投手,クイック,B,13,8.23,
実在12球団,実在12球団,投手,クイック,F,12,7.59,
実在12球団,実在12球団,投手,クイック,A,1,0.63,
実在12球団,実在12球団,投手,ケガしにくさ,E,114,62.64,
実在12球団,実在12球団,投手,ケガしにくさ,F,28,15.38,
実在12球団,実在12球団,投手,ケガしにくさ,C,24,13.19,
実在12球団,実在12球団,投手,ケガしにくさ,B,10,5.49,
実在12球団,実在12球団,投手,ケガしにくさ,G,5,2.75,
実在12球団,実在12球団,投手,ケガしにくさ,A,1,0.55,
実在12球団,実在12球団,投手,チャンス,F,1,100.0,
実在12球団,実在12球団,投手,ノビ,C,111,47.44,
実在12球団,実在12球団,投手,ノビ,E,63,26.92,
実在12球団,実在12球団,投手,ノビ,B,34,14.53,
実在12球団,実在12球団,投手,ノビ,F,17,7.26,
実在12球団,実在12球団,投手,ノビ,A,7,2.99,
実在12球団,実在12球団,投手,ノビ,G,2,0.85,
実在12球団,実在12球団,投手,回復,E,122,46.92,
実在12球団,実在12球団,投手,回復,C,69,26.54,
実在12球団,実在12球団,投手,回復,B,35,13.46,
実在12球団,実在12球団,投手,回復,F,34,13.08,
実在12球団,実在12球団,投手,対ピンチ,C,60,47.62,
実在12球団,実在12球団,投手,対ピンチ,E,56,44.44,
実在12球団,実在12球団,投手,対ピンチ,F,7,5.56,
実在12球団,実在12球団,投手,対ピンチ,B,3,2.38,
実在12球団,実在12球団,投手,対左打者,E,104,50.49,
実在12球団,実在12球団,投手,対左打者,C,60,29.13,
実在12球団,実在12球団,投手,対左打者,F,31,15.05,
実在12球団,実在12球団,投手,対左打者,B,11,5.34,
実在12球団,実在12球団,投手,打たれ強さ,C,84,50.3,
実在12球団,実在12球団,投手,打たれ強さ,E,47,28.14,
実在12球団,実在12球団,投手,打たれ強さ,B,32,19.16,
実在12球団,実在12球団,投手,打たれ強さ,F,3,1.8,
実在12球団,実在12球団,投手,打たれ強さ,A,1,0.6,
実在12球団,実在12球団,投手,盗塁,E,1,100.0,
実在12球団,実在12球団,投手,送球,B,1,100.0,
実在12球団,実在12球団,野手,キャッチャー,E,23,44.23,
実在12球団,実在12球団,野手,キャッチャー,F,19,36.54,
実在12球団,実在12球団,野手,キャッチャー,C,6,11.54,
実在12球団,実在12球団,野手,キャッチャー,G,2,3.85,
実在12球団,実在12球団,野手,キャッチャー,B,2,3.85,
実在12球団,実在12球団,野手,クイック,C,1,100.0,
実在12球団,実在12球団,野手,ケガしにくさ,E,84,57.14,
実在12球団,実在12球団,野手,ケガしにくさ,F,25,17.01,
実在12球団,実在12球団,野手,ケガしにくさ,C,24,16.33,
実在12球団,実在12球団,野手,ケガしにくさ,B,11,7.48,
実在12球団,実在12球団,野手,ケガしにくさ,G,2,1.36,
実在12球団,実在12球団,野手,ケガしにくさ,A,1,0.68,
実在12球団,実在12球団,野手,チャンス,C,81,53.29,
実在12球団,実在12球団,野手,チャンス,E,56,36.84,
実在12球団,実在12球団,野手,チャンス,B,11,7.24,
実在12球団,実在12球団,野手,チャンス,F,4,2.63,
実在12球団,実在12球団,野手,回復,E,195,68.9,
実在12球団,実在12球団,野手,回復,F,39,13.78,
実在12球団,実在12球団,野手,回復,C,39,13.78,
実在12球団,実在12球団,野手,回復,B,10,3.53,
実在12球団,実在12球団,野手,対左打者,E,1,100.0,
実在12球団,実在12球団,野手,対左投手,E,87,42.23,
実在12球団,実在12球団,野手,対左投手,C,74,35.92,
実在12球団,実在12球団,野手,対左投手,F,26,12.62,
実在12球団,実在12球団,野手,対左投手,B,19,9.22,
実在12球団,実在12球団,野手,盗塁,E,69,44.81,
実在12球団,実在12球団,野手,盗塁,C,54,35.06,
実在12球団,実在12球団,野手,盗塁,F,21,13.64,
実在12球団,実在12球団,野手,盗塁,B,10,6.49,
実在12球団,実在12球団,野手,走塁,C,109,63.37,
実在12球団,実在12球団,野手,走塁,B,45,26.16,
実在12球団,実在12球団,野手,走塁,E,13,7.56,
実在12球団,実在12球団,野手,走塁,A,5,2.91,
実在12球団,実在12球団,野手,送球,E,120,50.42,
実在12球団,実在12球団,野手,送球,C,71,29.83,
実在12球団,実在12球団,野手,送球,B,23,9.66,
実在12球団,実在12球団,野手,送球,F,22,9.24,
実在12球団,実在12球団,野手,送球,A,2,0.84,
全体,全体,全体,キャッチャー,D,906,55.18,
全体,全体,全体,キャッチャー,E,284,17.3,
全体,全体,全体,キャッチャー,C,227,13.82,
全体,全体,全体,キャッチャー,F,97,5.91,
全体,全体,全体,キャッチャー,B,88,5.36,
全体,全体,全体,キャッチャー,G,22,1.34,
全体,全体,全体,キャッチャー,A,18,1.1,
全体,全体,全体,クイック,D,8333,55.55,
全体,全体,全体,クイック,E,2403,16.02,
全体,全体,全体,クイック,C,2122,14.15,
全体,全体,全体,クイック,F,857,5.71,
全体,全体,全体,クイック,B,820,5.47,
全体,全体,全体,クイック,G,304,2.03,
全体,全体,全体,クイック,A,161,1.07,
全体,全体,全体,ケガしにくさ,D,16853,56.18,
全体,全体,全体,ケガしにくさ,E,5101,17.0,
全体,全体,全体,ケガしにくさ,C,3827,12.76,
全体,全体,全体,ケガしにくさ,F,1778,5.93,
全体,全体,全体,ケガしにくさ,B,1534,5.11,
全体,全体,全体,ケガしにくさ,G,596,1.99,
全体,全体,全体,ケガしにくさ,A,311,1.04,
全体,全体,全体,チャンス,D,7685,51.23,
全体,全体,全体,チャンス,E,2750,18.33,
全体,全体,全体,チャンス,C,2141,14.27,
全体,全体,全体,チャンス,F,991,6.61,
全体,全体,全体,チャンス,B,852,5.68,
全体,全体,全体,チャンス,G,365,2.43,
全体,全体,全体,チャンス,A,216,1.44,
全体,全体,全体,ノビ,D,7221,48.14,
全体,全体,全体,ノビ,C,3305,22.03,
全体,全体,全体,ノビ,E,2221,14.81,
全体,全体,全体,ノビ,B,982,6.55,
全体,全体,全体,ノビ,F,747,4.98,
全体,全体,全体,ノビ,A,309,2.06,
全体,全体,全体,ノビ,G,215,1.43,
全体,全体,全体,回復,D,16932,56.44,
全体,全体,全体,回復,E,5121,17.07,
全体,全体,全体,回復,C,3770,12.57,
全体,全体,全体,回復,F,1811,6.04,
全体,全体,全体,回復,B,1475,4.92,
全体,全体,全体,回復,G,595,1.98,
全体,全体,全体,回復,A,296,0.99,
全体,全体,全体,対ピンチ,D,7005,46.7,
全体,全体,全体,対ピンチ,C,2944,19.63,
全体,全体,全体,対ピンチ,E,2164,14.43,
全体,全体,全体,対ピンチ,B,1436,9.57,
全体,全体,全体,対ピンチ,F,753,5.02,
全体,全体,全体,対ピンチ,A,459,3.06,
全体,全体,全体,対ピンチ,G,239,1.59,
全体,全体,全体,対左打者,D,7137,47.58,
全体,全体,全体,対左打者,C,3376,22.51,
全体,全体,全体,対左打者,E,2180,14.53,
全体,全体,全体,対左打者,B,980,6.53,
全体,全体,全体,対左打者,F,781,5.21,
全体,全体,全体,対左打者,A,308,2.05,
全体,全体,全体,対左打者,G,238,1.59,
全体,全体,全体,対左投手,D,8422,56.15,
全体,全体,全体,対左投手,E,2653,17.69,
全体,全体,全体,対左投手,C,1910,12.73,
全体,全体,全体,対左投手,F,905,6.03,
全体,全体,全体,対左投手,B,719,4.79,
全体,全体,全体,対左投手,G,264,1.76,
全体,全体,全体,対左投手,A,127,0.85,
全体,全体,全体,打たれ強さ,D,8403,56.02,
全体,全体,全体,打たれ強さ,E,2569,17.13,
全体,全体,全体,打たれ強さ,C,1910,12.73,
全体,全体,全体,打たれ強さ,F,897,5.98,
全体,全体,全体,打たれ強さ,B,751,5.01,
全体,全体,全体,打たれ強さ,G,311,2.07,
全体,全体,全体,打たれ強さ,A,159,1.06,
全体,全体,全体,盗塁,D,5738,38.25,
全体,全体,全体,盗塁,C,4110,27.4,
全体,全体,全体,盗塁,B,1869,12.46,
全体,全体,全体,盗塁,E,1836,12.24,
全体,全体,全体,盗塁,A,646,4.31,
全体,全体,全体,盗塁,F,623,4.15,
全体,全体,全体,盗塁,G,178,1.19,
全体,全体,全体,走塁,D,5689,37.93,
全体,全体,全体,走塁,C,4114,27.43,
全体,全体,全体,走塁,B,1878,12.52,
全体,全体,全体,走塁,E,1799,11.99,
全体,全体,全体,走塁,A,691,4.61,
全体,全体,全体,走塁,F,640,4.27,
全体,全体,全体,走塁,G,189,1.26,
全体,全体,全体,送球,D,15665,52.22,
全体,全体,全体,送球,C,4835,16.12,
全体,全体,全体,送球,E,4777,15.92,
全体,全体,全体,送球,B,1993,6.64,
全体,全体,全体,送球,F,1670,5.57,
全体,全体,全体,送球,G,544,1.81,
全体,全体,全体,送球,A,516,1.72,
全体,全体,投手,クイック,D,8333,55.55,
全体,全体,投手,クイック,E,2403,16.02,
全体,全体,投手,クイック,C,2122,14.15,
全体,全体,投手,クイック,F,857,5.71,
全体,全体,投手,クイック,B,820,5.47,
全体,全体,投手,クイック,G,304,2.03,
全体,全体,投手,クイック,A,161,1.07,
全体,全体,投手,ケガしにくさ,D,8508,56.72,
全体,全体,投手,ケガしにくさ,E,2517,16.78,
全体,全体,投手,ケガしにくさ,C,1908,12.72,
全体,全体,投手,ケガしにくさ,F,835,5.57,
全体,全体,投手,ケガしにくさ,B,772,5.15,
全体,全体,投手,ケガしにくさ,G,305,2.03,
全体,全体,投手,ケガしにくさ,A,155,1.03,
全体,全体,投手,ノビ,D,7221,48.14,
全体,全体,投手,ノビ,C,3305,22.03,
全体,全体,投手,ノビ,E,2221,14.81,
全体,全体,投手,ノビ,B,982,6.55,
全体,全体,投手,ノビ,F,747,4.98,
全体,全体,投手,ノビ,A,309,2.06,
全体,全体,投手,ノビ,G,215,1.43,
全体,全体,投手,回復,D,8497,56.65,
全体,全体,投手,回復,E,2580,17.2,
全体,全体,投手,回復,C,1842,12.28,
全体,全体,投手,回復,F,896,5.97,
全体,全体,投手,回復,B,736,4.91,
全体,全体,投手,回復,G,294,1.96,
全体,全体,投手,回復,A,155,1.03,
全体,全体,投手,対ピンチ,D,7005,46.7,
全体,全体,投手,対ピンチ,C,2944,19.63,
全体,全体,投手,対ピンチ,E,2164,14.43,
全体,全体,投手,対ピンチ,B,1436,9.57,
全体,全体,投手,対ピンチ,F,753,5.02,
全体,全体,投手,対ピンチ,A,459,3.06,
全体,全体,投手,対ピンチ,G,239,1.59,
全体,全体,投手,対左打者,D,7137,47.58,
全体,全体,投手,対左打者,C,3376,22.51,
全体,全体,投手,対左打者,E,2180,14.53,
全体,全体,投手,対左打者,B,980,6.53,
全体,全体,投手,対左打者,F,781,5.21,
全体,全体,投手,対左打者,A,308,2.05,
全体,全体,投手,対左打者,G,238,1.59,
全体,全体,投手,打たれ強さ,D,8403,56.02,
全体,全体,投手,打たれ強さ,E,2569,17.13,
全体,全体,投手,打たれ強さ,C,1910,12.73,
全体,全体,投手,打たれ強さ,F,897,5.98,
全体,全体,投手,打たれ強さ,B,751,5.01,
全体,全体,投手,打たれ強さ,G,311,2.07,
全体,全体,投手,打たれ強さ,A,159,1.06,
全体,全体,投手,送球,D,8344,55.63,
全体,全体,投手,送球,E,2560,17.07,
全体,全体,投手,送球,C,1994,13.29,
全体,全体,投手,送球,F,925,6.17,
全体,全体,投手,送球,B,744,4.96,
全体,全体,投手,送球,G,279,1.86,
全体,全体,投手,送球,A,154,1.03,
全体,全体,野手,キャッチャー,D,906,55.18,
全体,全体,野手,キャッチャー,E,284,17.3,
全体,全体,野手,キャッチャー,C,227,13.82,
全体,全体,野手,キャッチャー,F,97,5.91,
全体,全体,野手,キャッチャー,B,88,5.36,
全体,全体,野手,キャッチャー,G,22,1.34,
全体,全体,野手,キャッチャー,A,18,1.1,
全体,全体,野手,ケガしにくさ,D,8345,55.63,
全体,全体,野手,ケガしにくさ,E,2584,17.23,
全体,全体,野手,ケガしにくさ,C,1919,12.79,
全体,全体,野手,ケガしにくさ,F,943,6.29,
全体,全体,野手,ケガしにくさ,B,762,5.08,
全体,全体,野手,ケガしにくさ,G,291,1.94,
全体,全体,野手,ケガしにくさ,A,156,1.04,
全体,全体,野手,チャンス,D,7685,51.23,
全体,全体,野手,チャンス,E,2750,18.33,
全体,全体,野手,チャンス,C,2141,14.27,
全体,全体,野手,チャンス,F,991,6.61,
全体,全体,野手,チャンス,B,852,5.68,
全体,全体,野手,チャンス,G,365,2.43,
全体,全体,野手,チャンス,A,216,1.44,
全体,全体,野手,回復,D,8435,56.23,
全体,全体,野手,回復,E,2541,16.94,
全体,全体,野手,回復,C,1928,12.85,
全体,全体,野手,回復,F,915,6.1,
全体,全体,野手,回復,B,739,4.93,
全体,全体,野手,回復,G,301,2.01,
全体,全体,野手,回復,A,141,0.94,
全体,全体,野手,対左投手,D,8422,56.15,
全体,全体,野手,対左投手,E,2653,17.69,
全体,全体,野手,対左投手,C,1910,12.73,
全体,全体,野手,対左投手,F,905,6.03,
全体,全体,野手,対左投手,B,719,4.79,
全体,全体,野手,対左投手,G,264,1.76,
全体,全体,野手,対左投手,A,127,0.85,
全体,全体,野手,盗塁,D,5738,38.25,
全体,全体,野手,盗塁,C,4110,27.4,
全体,全体,野手,盗塁,B,1869,12.46,
全体,全体,野手,盗塁,E,1836,12.24,
全体,全体,野手,盗塁,A,646,4.31,
全体,全体,野手,盗塁,F,623,4.15,
全体,全体,野手,盗塁,G,178,1.19,
全体,全体,野手,走塁,D,5689,37.93,
全体,全体,野手,走塁,C,4114,27.43,
全体,全体,野手,走塁,B,1878,12.52,
全体,全体,野手,走塁,E,1799,11.99,
全体,全体,野手,走塁,A,691,4.61,
全体,全体,野手,走塁,F,640,4.27,
全体,全体,野手,走塁,G,189,1.26,
全体,全体,野手,送球,D,7321,48.81,
全体,全体,野手,送球,C,2841,18.94,
全体,全体,野手,送球,E,2217,14.78,
全体,全体,野手,送球,B,1249,8.33,
全体,全体,野手,送球,F,745,4.97,
全体,全体,野手,送球,A,362,2.41,
全体,全体,野手,送球,G,265,1.77,
架空球団用,架空球団用,全体,キャッチャー,D,317,53.82,
架空球団用,架空球団用,全体,キャッチャー,E,102,17.32,
架空球団用,架空球団用,全体,キャッチャー,C,78,13.24,
架空球団用,架空球団用,全体,キャッチャー,F,44,7.47,
架空球団用,架空球団用,全体,キャッチャー,B,36,6.11,
架空球団用,架空球団用,全体,キャッチャー,G,7,1.19,
架空球団用,架空球団用,全体,キャッチャー,A,5,0.85,
架空球団用,架空球団用,全体,クイック,D,2753,55.06,
架空球団用,架空球団用,全体,クイック,E,810,16.2,
架空球団用,架空球団用,全体,クイック,C,706,14.12,
架空球団用,架空球団用,全体,クイック,F,290,5.8,
架空球団用,架空球団用,全体,クイック,B,287,5.74,
架空球団用,架空球団用,全体,クイック,G,107,2.14,
架空球団用,架空球団用,全体,クイック,A,47,0.94,
架空球団用,架空球団用,全体,ケガしにくさ,D,5560,55.6,
架空球団用,架空球団用,全体,ケガしにくさ,E,1695,16.95,
架空球団用,架空球団用,全体,ケガしにくさ,C,1287,12.87,
架空球団用,架空球団用,全体,ケガしにくさ,F,614,6.14,
架空球団用,架空球団用,全体,ケガしにくさ,B,517,5.17,
架空球団用,架空球団用,全体,ケガしにくさ,G,206,2.06,
架空球団用,架空球団用,全体,ケガしにくさ,A,121,1.21,
架空球団用,架空球団用,全体,チャンス,D,2603,52.06,
架空球団用,架空球団用,全体,チャンス,E,920,18.4,
架空球団用,架空球団用,全体,チャンス,C,668,13.36,
架空球団用,架空球団用,全体,チャンス,F,349,6.98,
架空球団用,架空球団用,全体,チャンス,B,262,5.24,
架空球団用,架空球団用,全体,チャンス,G,119,2.38,
架空球団用,架空球団用,全体,チャンス,A,79,1.58,
架空球団用,架空球団用,全体,ノビ,D,2451,49.02,
架空球団用,架空球団用,全体,ノビ,C,1065,21.3,
架空球団用,架空球団用,全体,ノビ,E,757,15.14,
架空球団用,架空球団用,全体,ノビ,B,290,5.8,
架空球団用,架空球団用,全体,ノビ,F,255,5.1,
架空球団用,架空球団用,全体,ノビ,A,96,1.92,
架空球団用,架空球団用,全体,ノビ,G,86,1.72,
架空球団用,架空球団用,全体,回復,D,5674,56.74,
架空球団用,架空球団用,全体,回復,E,1678,16.78,
架空球団用,架空球団用,全体,回復,C,1250,12.5,
架空球団用,架空球団用,全体,回復,F,589,5.89,
架空球団用,架空球団用,全体,回復,B,497,4.97,
架空球団用,架空球団用,全体,回復,G,199,1.99,
架空球団用,架空球団用,全体,回復,A,113,1.13,
架空球団用,架空球団用,全体,対ピンチ,D,2287,45.74,
架空球団用,架空球団用,全体,対ピンチ,C,993,19.86,
架空球団用,架空球団用,全体,対ピンチ,E,720,14.4,
架空球団用,架空球団用,全体,対ピンチ,B,530,10.6,
架空球団用,架空球団用,全体,対ピンチ,F,223,4.46,
架空球団用,架空球団用,全体,対ピンチ,A,166,3.32,
架空球団用,架空球団用,全体,対ピンチ,G,81,1.62,
架空球団用,架空球団用,全体,対左打者,D,2354,47.08,
架空球団用,架空球団用,全体,対左打者,C,1182,23.64,
架空球団用,架空球団用,全体,対左打者,E,702,14.04,
架空球団用,架空球団用,全体,対左打者,B,334,6.68,
架空球団用,架空球団用,全体,対左打者,F,242,4.84,
架空球団用,架空球団用,全体,対左打者,A,119,2.38,
架空球団用,架空球団用,全体,対左打者,G,67,1.34,
架空球団用,架空球団用,全体,対左投手,D,2832,56.64,
架空球団用,架空球団用,全体,対左投手,E,864,17.28,
架空球団用,架空球団用,全体,対左投手,C,640,12.8,
架空球団用,架空球団用,全体,対左投手,F,295,5.9,
架空球団用,架空球団用,全体,対左投手,B,234,4.68,
架空球団用,架空球団用,全体,対左投手,G,87,1.74,
架空球団用,架空球団用,全体,対左投手,A,48,0.96,
架空球団用,架空球団用,全体,打たれ強さ,D,2753,55.06,
架空球団用,架空球団用,全体,打たれ強さ,E,889,17.78,
架空球団用,架空球団用,全体,打たれ強さ,C,647,12.94,
架空球団用,架空球団用,全体,打たれ強さ,F,291,5.82,
架空球団用,架空球団用,全体,打たれ強さ,B,264,5.28,
架空球団用,架空球団用,全体,打たれ強さ,G,98,1.96,
架空球団用,架空球団用,全体,打たれ強さ,A,58,1.16,
架空球団用,架空球団用,全体,盗塁,D,1834,36.68,
架空球団用,架空球団用,全体,盗塁,C,1388,27.76,
架空球団用,架空球団用,全体,盗塁,B,673,13.46,
架空球団用,架空球団用,全体,盗塁,E,596,11.92,
架空球団用,架空球団用,全体,盗塁,A,235,4.7,
架空球団用,架空球団用,全体,盗塁,F,212,4.24,
架空球団用,架空球団用,全体,盗塁,G,62,1.24,
架空球団用,架空球団用,全体,走塁,D,1819,36.38,
架空球団用,架空球団用,全体,走塁,C,1378,27.56,
架空球団用,架空球団用,全体,走塁,B,661,13.22,
架空球団用,架空球団用,全体,走塁,E,616,12.32,
架空球団用,架空球団用,全体,走塁,A,247,4.94,
架空球団用,架空球団用,全体,走塁,F,211,4.22,
架空球団用,架空球団用,全体,走塁,G,68,1.36,
架空球団用,架空球団用,全体,送球,D,5159,51.59,
架空球団用,架空球団用,全体,送球,C,1660,16.6,
架空球団用,架空球団用,全体,送球,E,1625,16.25,
架空球団用,架空球団用,全体,送球,B,695,6.95,
架空球団用,架空球団用,全体,送球,F,540,5.4,
架空球団用,架空球団用,全体,送球,A,170,1.7,
架空球団用,架空球団用,全体,送球,G,151,1.51,
架空球団用,架空球団用,投手,クイック,D,2753,55.06,
架空球団用,架空球団用,投手,クイック,E,810,16.2,
架空球団用,架空球団用,投手,クイック,C,706,14.12,
架空球団用,架空球団用,投手,クイック,F,290,5.8,
架空球団用,架空球団用,投手,クイック,B,287,5.74,
架空球団用,架空球団用,投手,クイック,G,107,2.14,
架空球団用,架空球団用,投手,クイック,A,47,0.94,
架空球団用,架空球団用,投手,ケガしにくさ,D,2812,56.24,
架空球団用,架空球団用,投手,ケガしにくさ,E,846,16.92,
架空球団用,架空球団用,投手,ケガしにくさ,C,643,12.86,
架空球団用,架空球団用,投手,ケガしにくさ,F,280,5.6,
架空球団用,架空球団用,投手,ケガしにくさ,B,249,4.98,
架空球団用,架空球団用,投手,ケガしにくさ,G,112,2.24,
架空球団用,架空球団用,投手,ケガしにくさ,A,58,1.16,
架空球団用,架空球団用,投手,ノビ,D,2451,49.02,
架空球団用,架空球団用,投手,ノビ,C,1065,21.3,
架空球団用,架空球団用,投手,ノビ,E,757,15.14,
架空球団用,架空球団用,投手,ノビ,B,290,5.8,
架空球団用,架空球団用,投手,ノビ,F,255,5.1,
架空球団用,架空球団用,投手,ノビ,A,96,1.92,
架空球団用,架空球団用,投手,ノビ,G,86,1.72,
架空球団用,架空球団用,投手,回復,D,2831,56.62,
架空球団用,架空球団用,投手,回復,E,867,17.34,
架空球団用,架空球団用,投手,回復,C,601,12.02,
架空球団用,架空球団用,投手,回復,F,293,5.86,
架空球団用,架空球団用,投手,回復,B,241,4.82,
架空球団用,架空球団用,投手,回復,G,106,2.12,
架空球団用,架空球団用,投手,回復,A,61,1.22,
架空球団用,架空球団用,投手,対ピンチ,D,2287,45.74,
架空球団用,架空球団用,投手,対ピンチ,C,993,19.86,
架空球団用,架空球団用,投手,対ピンチ,E,720,14.4,
架空球団用,架空球団用,投手,対ピンチ,B,530,10.6,
架空球団用,架空球団用,投手,対ピンチ,F,223,4.46,
架空球団用,架空球団用,投手,対ピンチ,A,166,3.32,
架空球団用,架空球団用,投手,対ピンチ,G,81,1.62,
架空球団用,架空球団用,投手,対左打者,D,2354,47.08,
架空球団用,架空球団用,投手,対左打者,C,1182,23.64,
架空球団用,架空球団用,投手,対左打者,E,702,14.04,
架空球団用,架空球団用,投手,対左打者,B,334,6.68,
架空球団用,架空球団用,投手,対左打者,F,242,4.84,
架空球団用,架空球団用,投手,対左打者,A,119,2.38,
架空球団用,架空球団用,投手,対左打者,G,67,1.34,
架空球団用,架空球団用,投手,打たれ強さ,D,2753,55.06,
架空球団用,架空球団用,投手,打たれ強さ,E,889,17.78,
架空球団用,架空球団用,投手,打たれ強さ,C,647,12.94,
架空球団用,架空球団用,投手,打たれ強さ,F,291,5.82,
架空球団用,架空球団用,投手,打たれ強さ,B,264,5.28,
架空球団用,架空球団用,投手,打たれ強さ,G,98,1.96,
架空球団用,架空球団用,投手,打たれ強さ,A,58,1.16,
架空球団用,架空球団用,投手,送球,D,2795,55.9,
架空球団用,架空球団用,投手,送球,E,887,17.74,
架空球団用,架空球団用,投手,送球,C,630,12.6,
架空球団用,架空球団用,投手,送球,F,306,6.12,
架空球団用,架空球団用,投手,送球,B,251,5.02,
架空球団用,架空球団用,投手,送球,G,82,1.64,
架空球団用,架空球団用,投手,送球,A,49,0.98,
架空球団用,架空球団用,野手,キャッチャー,D,317,53.82,
架空球団用,架空球団用,野手,キャッチャー,E,102,17.32,
架空球団用,架空球団用,野手,キャッチャー,C,78,13.24,
架空球団用,架空球団用,野手,キャッチャー,F,44,7.47,
架空球団用,架空球団用,野手,キャッチャー,B,36,6.11,
架空球団用,架空球団用,野手,キャッチャー,G,7,1.19,
架空球団用,架空球団用,野手,キャッチャー,A,5,0.85,
架空球団用,架空球団用,野手,ケガしにくさ,D,2748,54.96,
架空球団用,架空球団用,野手,ケガしにくさ,E,849,16.98,
架空球団用,架空球団用,野手,ケガしにくさ,C,644,12.88,
架空球団用,架空球団用,野手,ケガしにくさ,F,334,6.68,
架空球団用,架空球団用,野手,ケガしにくさ,B,268,5.36,
架空球団用,架空球団用,野手,ケガしにくさ,G,94,1.88,
架空球団用,架空球団用,野手,ケガしにくさ,A,63,1.26,
架空球団用,架空球団用,野手,チャンス,D,2603,52.06,
架空球団用,架空球団用,野手,チャンス,E,920,18.4,
架空球団用,架空球団用,野手,チャンス,C,668,13.36,
架空球団用,架空球団用,野手,チャンス,F,349,6.98,
架空球団用,架空球団用,野手,チャンス,B,262,5.24,
架空球団用,架空球団用,野手,チャンス,G,119,2.38,
架空球団用,架空球団用,野手,チャンス,A,79,1.58,
架空球団用,架空球団用,野手,回復,D,2843,56.86,
架空球団用,架空球団用,野手,回復,E,811,16.22,
架空球団用,架空球団用,野手,回復,C,649,12.98,
架空球団用,架空球団用,野手,回復,F,296,5.92,
架空球団用,架空球団用,野手,回復,B,256,5.12,
架空球団用,架空球団用,野手,回復,G,93,1.86,
架空球団用,架空球団用,野手,回復,A,52,1.04,
架空球団用,架空球団用,野手,対左投手,D,2832,56.64,
架空球団用,架空球団用,野手,対左投手,E,864,17.28,
架空球団用,架空球団用,野手,対左投手,C,640,12.8,
架空球団用,架空球団用,野手,対左投手,F,295,5.9,
架空球団用,架空球団用,野手,対左投手,B,234,4.68,
架空球団用,架空球団用,野手,対左投手,G,87,1.74,
架空球団用,架空球団用,野手,対左投手,A,48,0.96,
架空球団用,架空球団用,野手,盗塁,D,1834,36.68,
架空球団用,架空球団用,野手,盗塁,C,1388,27.76,
架空球団用,架空球団用,野手,盗塁,B,673,13.46,
架空球団用,架空球団用,野手,盗塁,E,596,11.92,
架空球団用,架空球団用,野手,盗塁,A,235,4.7,
架空球団用,架空球団用,野手,盗塁,F,212,4.24,
架空球団用,架空球団用,野手,盗塁,G,62,1.24,
架空球団用,架空球団用,野手,走塁,D,1819,36.38,
架空球団用,架空球団用,野手,走塁,C,1378,27.56,
架空球団用,架空球団用,野手,走塁,B,661,13.22,
架空球団用,架空球団用,野手,走塁,E,616,12.32,
架空球団用,架空球団用,野手,走塁,A,247,4.94,
架空球団用,架空球団用,野手,走塁,F,211,4.22,
架空球団用,架空球団用,野手,走塁,G,68,1.36,
架空球団用,架空球団用,野手,送球,D,2364,47.28,
架空球団用,架空球団用,野手,送球,C,1030,20.6,
架空球団用,架空球団用,野手,送球,E,738,14.76,
架空球団用,架空球団用,野手,送球,B,444,8.88,
架空球団用,架空球団用,野手,送球,F,234,4.68,
架空球団用,架空球団用,野手,送球,A,121,2.42,
架空球団用,架空球団用,野手,送球,G,69,1.38,
ドラフト候補用,ドラフト候補用,全体,キャッチャー,D,372,58.22,
ドラフト候補用,ドラフト候補用,全体,キャッチャー,E,109,17.06,
ドラフト候補用,ドラフト候補用,全体,キャッチャー,C,86,13.46,
ドラフト候補用,ドラフト候補用,全体,キャッチャー,F,31,4.85,
ドラフト候補用,ドラフト候補用,全体,キャッチャー,B,27,4.23,
ドラフト候補用,ドラフト候補用,全体,キャッチャー,G,9,1.41,
ドラフト候補用,ドラフト候補用,全体,キャッチャー,A,5,0.78,
ドラフト候補用,ドラフト候補用,全体,クイック,D,2794,55.88,
ドラフト候補用,ドラフト候補用,全体,クイック,E,784,15.68,
ドラフト候補用,ドラフト候補用,全体,クイック,C,711,14.22,
ドラフト候補用,ドラフト候補用,全体,クイック,B,289,5.78,
ドラフト候補用,ドラフト候補用,全体,クイック,F,261,5.22,
ドラフト候補用,ドラフト候補用,全体,クイック,G,104,2.08,
ドラフト候補用,ドラフト候補用,全体,クイック,A,57,1.14,
ドラフト候補用,ドラフト候補用,全体,ケガしにくさ,D,5579,55.79,
ドラフト候補用,ドラフト候補用,全体,ケガしにくさ,E,1743,17.43,
ドラフト候補用,ドラフト候補用,全体,ケガしにくさ,C,1304,13.04,
ドラフト候補用,ドラフト候補用,全体,ケガしにくさ,F,559,5.59,
ドラフト候補用,ドラフト候補用,全体,ケガしにくさ,B,525,5.25,
ドラフト候補用,ドラフト候補用,全体,ケガしにくさ,G,208,2.08,
ドラフト候補用,ドラフト候補用,全体,ケガしにくさ,A,82,0.82,
ドラフト候補用,ドラフト候補用,全体,チャンス,D,2629,52.58,
ドラフト候補用,ドラフト候補用,全体,チャンス,E,883,17.66,
ドラフト候補用,ドラフト候補用,全体,チャンス,C,696,13.92,
ドラフト候補用,ドラフト候補用,全体,チャンス,F,319,6.38,
ドラフト候補用,ドラフト候補用,全体,チャンス,B,279,5.58,
ドラフト候補用,ドラフト候補用,全体,チャンス,G,125,2.5,
ドラフト候補用,ドラフト候補用,全体,チャンス,A,69,1.38,
ドラフト候補用,ドラフト候補用,全体,ノビ,D,2437,48.74,
ドラフト候補用,ドラフト候補用,全体,ノビ,C,1049,20.98,
ドラフト候補用,ドラフト候補用,全体,ノビ,E,768,15.36,
ドラフト候補用,ドラフト候補用,全体,ノビ,B,343,6.86,
ドラフト候補用,ドラフト候補用,全体,ノビ,F,249,4.98,
ドラフト候補用,ドラフト候補用,全体,ノビ,A,80,1.6,
ドラフト候補用,ドラフト候補用,全体,ノビ,G,74,1.48,
ドラフト候補用,ドラフト候補用,全体,回復,D,5686,56.86,
ドラフト候補用,ドラフト候補用,全体,回復,E,1725,17.25,
ドラフト候補用,ドラフト候補用,全体,回復,C,1214,12.14,
ドラフト候補用,ドラフト候補用,全体,回復,F,602,6.02,
ドラフト候補用,ドラフト候補用,全体,回復,B,487,4.87,
ドラフト候補用,ドラフト候補用,全体,回復,G,197,1.97,
ドラフト候補用,ドラフト候補用,全体,回復,A,89,0.89,
ドラフト候補用,ドラフト候補用,全体,対ピンチ,D,2301,46.02,
ドラフト候補用,ドラフト候補用,全体,対ピンチ,C,1032,20.64,
ドラフト候補用,ドラフト候補用,全体,対ピンチ,E,716,14.32,
ドラフト候補用,ドラフト候補用,全体,対ピンチ,B,438,8.76,
ドラフト候補用,ドラフト候補用,全体,対ピンチ,F,282,5.64,
ドラフト候補用,ドラフト候補用,全体,対ピンチ,A,165,3.3,
ドラフト候補用,ドラフト候補用,全体,対ピンチ,G,66,1.32,
ドラフト候補用,ドラフト候補用,全体,対左打者,D,2347,46.94,
ドラフト候補用,ドラフト候補用,全体,対左打者,C,1168,23.36,
ドラフト候補用,ドラフト候補用,全体,対左打者,E,740,14.8,
ドラフト候補用,ドラフト候補用,全体,対左打者,B,334,6.68,
ドラフト候補用,ドラフト候補用,全体,対左打者,F,238,4.76,
ドラフト候補用,ドラフト候補用,全体,対左打者,A,92,1.84,
ドラフト候補用,ドラフト候補用,全体,対左打者,G,81,1.62,
ドラフト候補用,ドラフト候補用,全体,対左投手,D,2827,56.54,
ドラフト候補用,ドラフト候補用,全体,対左投手,E,867,17.34,
ドラフト候補用,ドラフト候補用,全体,対左投手,C,642,12.84,
ドラフト候補用,ドラフト候補用,全体,対左投手,F,315,6.3,
ドラフト候補用,ドラフト候補用,全体,対左投手,B,222,4.44,
ドラフト候補用,ドラフト候補用,全体,対左投手,G,92,1.84,
ドラフト候補用,ドラフト候補用,全体,対左投手,A,35,0.7,
ドラフト候補用,ドラフト候補用,全体,打たれ強さ,D,2847,56.94,
ドラフト候補用,ドラフト候補用,全体,打たれ強さ,E,851,17.02,
ドラフト候補用,ドラフト候補用,全体,打たれ強さ,C,620,12.4,
ドラフト候補用,ドラフト候補用,全体,打たれ強さ,F,298,5.96,
ドラフト候補用,ドラフト候補用,全体,打たれ強さ,B,240,4.8,
ドラフト候補用,ドラフト候補用,全体,打たれ強さ,G,99,1.98,
ドラフト候補用,ドラフト候補用,全体,打たれ強さ,A,45,0.9,
ドラフト候補用,ドラフト候補用,全体,盗塁,D,1948,38.96,
ドラフト候補用,ドラフト候補用,全体,盗塁,C,1325,26.5,
ドラフト候補用,ドラフト候補用,全体,盗塁,B,640,12.8,
ドラフト候補用,ドラフト候補用,全体,盗塁,E,591,11.82,
ドラフト候補用,ドラフト候補用,全体,盗塁,A,225,4.5,
ドラフト候補用,ドラフト候補用,全体,盗塁,F,204,4.08,
ドラフト候補用,ドラフト候補用,全体,盗塁,G,67,1.34,
ドラフト候補用,ドラフト候補用,全体,走塁,D,1892,37.84,
ドラフト候補用,ドラフト候補用,全体,走塁,C,1329,26.58,
ドラフト候補用,ドラフト候補用,全体,走塁,B,650,13.0,
ドラフト候補用,ドラフト候補用,全体,走塁,E,605,12.1,
ドラフト候補用,ドラフト候補用,全体,走塁,A,239,4.78,
ドラフト候補用,ドラフト候補用,全体,走塁,F,224,4.48,
ドラフト候補用,ドラフト候補用,全体,走塁,G,61,1.22,
ドラフト候補用,ドラフト候補用,全体,送球,D,5172,51.72,
ドラフト候補用,ドラフト候補用,全体,送球,E,1619,16.19,
ドラフト候補用,ドラフト候補用,全体,送球,C,1616,16.16,
ドラフト候補用,ドラフト候補用,全体,送球,B,649,6.49,
ドラフト候補用,ドラフト候補用,全体,送球,F,555,5.55,
ドラフト候補用,ドラフト候補用,全体,送球,G,216,2.16,
ドラフト候補用,ドラフト候補用,全体,送球,A,173,1.73,
ドラフト候補用,ドラフト候補用,投手,クイック,D,2794,55.88,
ドラフト候補用,ドラフト候補用,投手,クイック,E,784,15.68,
ドラフト候補用,ドラフト候補用,投手,クイック,C,711,14.22,
ドラフト候補用,ドラフト候補用,投手,クイック,B,289,5.78,
ドラフト候補用,ドラフト候補用,投手,クイック,F,261,5.22,
ドラフト候補用,ドラフト候補用,投手,クイック,G,104,2.08,
ドラフト候補用,ドラフト候補用,投手,クイック,A,57,1.14,
ドラフト候補用,ドラフト候補用,投手,ケガしにくさ,D,2815,56.3,
ドラフト候補用,ドラフト候補用,投手,ケガしにくさ,E,850,17.0,
ドラフト候補用,ドラフト候補用,投手,ケガしにくさ,C,652,13.04,
ドラフト候補用,ドラフト候補用,投手,ケガしにくさ,B,281,5.62,
ドラフト候補用,ドラフト候補用,投手,ケガしにくさ,F,265,5.3,
ドラフト候補用,ドラフト候補用,投手,ケガしにくさ,G,101,2.02,
ドラフト候補用,ドラフト候補用,投手,ケガしにくさ,A,36,0.72,
ドラフト候補用,ドラフト候補用,投手,ノビ,D,2437,48.74,
ドラフト候補用,ドラフト候補用,投手,ノビ,C,1049,20.98,
ドラフト候補用,ドラフト候補用,投手,ノビ,E,768,15.36,
ドラフト候補用,ドラフト候補用,投手,ノビ,B,343,6.86,
ドラフト候補用,ドラフト候補用,投手,ノビ,F,249,4.98,
ドラフト候補用,ドラフト候補用,投手,ノビ,A,80,1.6,
ドラフト候補用,ドラフト候補用,投手,ノビ,G,74,1.48,
ドラフト候補用,ドラフト候補用,投手,回復,D,2856,57.12,
ドラフト候補用,ドラフト候補用,投手,回復,E,873,17.46,
ドラフト候補用,ドラフト候補用,投手,回復,C,576,11.52,
ドラフト候補用,ドラフト候補用,投手,回復,F,303,6.06,
ドラフト候補用,ドラフト候補用,投手,回復,B,249,4.98,
ドラフト候補用,ドラフト候補用,投手,回復,G,95,1.9,
ドラフト候補用,ドラフト候補用,投手,回復,A,48,0.96,
ドラフト候補用,ドラフト候補用,投手,対ピンチ,D,2301,46.02,
ドラフト候補用,ドラフト候補用,投手,対ピンチ,C,1032,20.64,
ドラフト候補用,ドラフト候補用,投手,対ピンチ,E,716,14.32,
ドラフト候補用,ドラフト候補用,投手,対ピンチ,B,438,8.76,
ドラフト候補用,ドラフト候補用,投手,対ピンチ,F,282,5.64,
ドラフト候補用,ドラフト候補用,投手,対ピンチ,A,165,3.3,
ドラフト候補用,ドラフト候補用,投手,対ピンチ,G,66,1.32,
ドラフト候補用,ドラフト候補用,投手,対左打者,D,2347,46.94,
ドラフト候補用,ドラフト候補用,投手,対左打者,C,1168,23.36,
ドラフト候補用,ドラフト候補用,投手,対左打者,E,740,14.8,
ドラフト候補用,ドラフト候補用,投手,対左打者,B,334,6.68,
ドラフト候補用,ドラフト候補用,投手,対左打者,F,238,4.76,
ドラフト候補用,ドラフト候補用,投手,対左打者,A,92,1.84,
ドラフト候補用,ドラフト候補用,投手,対左打者,G,81,1.62,
ドラフト候補用,ドラフト候補用,投手,打たれ強さ,D,2847,56.94,
ドラフト候補用,ドラフト候補用,投手,打たれ強さ,E,851,17.02,
ドラフト候補用,ドラフト候補用,投手,打たれ強さ,C,620,12.4,
ドラフト候補用,ドラフト候補用,投手,打たれ強さ,F,298,5.96,
ドラフト候補用,ドラフト候補用,投手,打たれ強さ,B,240,4.8,
ドラフト候補用,ドラフト候補用,投手,打たれ強さ,G,99,1.98,
ドラフト候補用,ドラフト候補用,投手,打たれ強さ,A,45,0.9,
ドラフト候補用,ドラフト候補用,投手,送球,D,2711,54.22,
ドラフト候補用,ドラフト候補用,投手,送球,E,847,16.94,
ドラフト候補用,ドラフト候補用,投手,送球,C,702,14.04,
ドラフト候補用,ドラフト候補用,投手,送球,F,306,6.12,
ドラフト候補用,ドラフト候補用,投手,送球,B,269,5.38,
ドラフト候補用,ドラフト候補用,投手,送球,G,110,2.2,
ドラフト候補用,ドラフト候補用,投手,送球,A,55,1.1,
ドラフト候補用,ドラフト候補用,野手,キャッチャー,D,372,58.22,
ドラフト候補用,ドラフト候補用,野手,キャッチャー,E,109,17.06,
ドラフト候補用,ドラフト候補用,野手,キャッチャー,C,86,13.46,
ドラフト候補用,ドラフト候補用,野手,キャッチャー,F,31,4.85,
ドラフト候補用,ドラフト候補用,野手,キャッチャー,B,27,4.23,
ドラフト候補用,ドラフト候補用,野手,キャッチャー,G,9,1.41,
ドラフト候補用,ドラフト候補用,野手,キャッチャー,A,5,0.78,
ドラフト候補用,ドラフト候補用,野手,ケガしにくさ,D,2764,55.28,
ドラフト候補用,ドラフト候補用,野手,ケガしにくさ,E,893,17.86,
ドラフト候補用,ドラフト候補用,野手,ケガしにくさ,C,652,13.04,
ドラフト候補用,ドラフト候補用,野手,ケガしにくさ,F,294,5.88,
ドラフト候補用,ドラフト候補用,野手,ケガしにくさ,B,244,4.88,
ドラフト候補用,ドラフト候補用,野手,ケガしにくさ,G,107,2.14,
ドラフト候補用,ドラフト候補用,野手,ケガしにくさ,A,46,0.92,
ドラフト候補用,ドラフト候補用,野手,チャンス,D,2629,52.58,
ドラフト候補用,ドラフト候補用,野手,チャンス,E,883,17.66,
ドラフト候補用,ドラフト候補用,野手,チャンス,C,696,13.92,
ドラフト候補用,ドラフト候補用,野手,チャンス,F,319,6.38,
ドラフト候補用,ドラフト候補用,野手,チャンス,B,279,5.58,
ドラフト候補用,ドラフト候補用,野手,チャンス,G,125,2.5,
ドラフト候補用,ドラフト候補用,野手,チャンス,A,69,1.38,
ドラフト候補用,ドラフト候補用,野手,回復,D,2830,56.6,
ドラフト候補用,ドラフト候補用,野手,回復,E,852,17.04,
ドラフト候補用,ドラフト候補用,野手,回復,C,638,12.76,
ドラフト候補用,ドラフト候補用,野手,回復,F,299,5.98,
ドラフト候補用,ドラフト候補用,野手,回復,B,238,4.76,
ドラフト候補用,ドラフト候補用,野手,回復,G,102,2.04,
ドラフト候補用,ドラフト候補用,野手,回復,A,41,0.82,
ドラフト候補用,ドラフト候補用,野手,対左投手,D,2827,56.54,
ドラフト候補用,ドラフト候補用,野手,対左投手,E,867,17.34,
ドラフト候補用,ドラフト候補用,野手,対左投手,C,642,12.84,
ドラフト候補用,ドラフト候補用,野手,対左投手,F,315,6.3,
ドラフト候補用,ドラフト候補用,野手,対左投手,B,222,4.44,
ドラフト候補用,ドラフト候補用,野手,対左投手,G,92,1.84,
ドラフト候補用,ドラフト候補用,野手,対左投手,A,35,0.7,
ドラフト候補用,ドラフト候補用,野手,盗塁,D,1948,38.96,
ドラフト候補用,ドラフト候補用,野手,盗塁,C,1325,26.5,
ドラフト候補用,ドラフト候補用,野手,盗塁,B,640,12.8,
ドラフト候補用,ドラフト候補用,野手,盗塁,E,591,11.82,
ドラフト候補用,ドラフト候補用,野手,盗塁,A,225,4.5,
ドラフト候補用,ドラフト候補用,野手,盗塁,F,204,4.08,
ドラフト候補用,ドラフト候補用,野手,盗塁,G,67,1.34,
ドラフト候補用,ドラフト候補用,野手,走塁,D,1892,37.84,
ドラフト候補用,ドラフト候補用,野手,走塁,C,1329,26.58,
ドラフト候補用,ドラフト候補用,野手,走塁,B,650,13.0,
ドラフト候補用,ドラフト候補用,野手,走塁,E,605,12.1,
ドラフト候補用,ドラフト候補用,野手,走塁,A,239,4.78,
ドラフト候補用,ドラフト候補用,野手,走塁,F,224,4.48,
ドラフト候補用,ドラフト候補用,野手,走塁,G,61,1.22,
ドラフト候補用,ドラフト候補用,野手,送球,D,2461,49.22,
ドラフト候補用,ドラフト候補用,野手,送球,C,914,18.28,
ドラフト候補用,ドラフト候補用,野手,送球,E,772,15.44,
ドラフト候補用,ドラフト候補用,野手,送球,B,380,7.6,
ドラフト候補用,ドラフト候補用,野手,送球,F,249,4.98,
ドラフト候補用,ドラフト候補用,野手,送球,A,118,2.36,
ドラフト候補用,ドラフト候補用,野手,送球,G,106,2.12,
助っ人外国人用,助っ人外国人用,全体,キャッチャー,D,217,52.42,
助っ人外国人用,助っ人外国人用,全体,キャッチャー,E,73,17.63,
助っ人外国人用,助っ人外国人用,全体,キャッチャー,C,63,15.22,
助っ人外国人用,助っ人外国人用,全体,キャッチャー,B,25,6.04,
助っ人外国人用,助っ人外国人用,全体,キャッチャー,F,22,5.31,
助っ人外国人用,助っ人外国人用,全体,キャッチャー,A,8,1.93,
助っ人外国人用,助っ人外国人用,全体,キャッチャー,G,6,1.45,
助っ人外国人用,助っ人外国人用,全体,クイック,D,2786,55.72,
助っ人外国人用,助っ人外国人用,全体,クイック,E,809,16.18,
助っ人外国人用,助っ人外国人用,全体,クイック,C,705,14.1,
助っ人外国人用,助っ人外国人用,全体,クイック,F,306,6.12,
助っ人外国人用,助っ人外国人用,全体,クイック,B,244,4.88,
助っ人外国人用,助っ人外国人用,全体,クイック,G,93,1.86,
助っ人外国人用,助っ人外国人用,全体,クイック,A,57,1.14,
助っ人外国人用,助っ人外国人用,全体,ケガしにくさ,D,5714,57.14,
助っ人外国人用,助っ人外国人用,全体,ケガしにくさ,E,1663,16.63,
助っ人外国人用,助っ人外国人用,全体,ケガしにくさ,C,1236,12.36,
助っ人外国人用,助っ人外国人用,全体,ケガしにくさ,F,605,6.05,
助っ人外国人用,助っ人外国人用,全体,ケガしにくさ,B,492,4.92,
助っ人外国人用,助っ人外国人用,全体,ケガしにくさ,G,182,1.82,
助っ人外国人用,助っ人外国人用,全体,ケガしにくさ,A,108,1.08,
助っ人外国人用,助っ人外国人用,全体,チャンス,D,2453,49.06,
助っ人外国人用,助っ人外国人用,全体,チャンス,E,947,18.94,
助っ人外国人用,助っ人外国人用,全体,チャンス,C,777,15.54,
助っ人外国人用,助っ人外国人用,全体,チャンス,F,323,6.46,
助っ人外国人用,助っ人外国人用,全体,チャンス,B,311,6.22,
助っ人外国人用,助っ人外国人用,全体,チャンス,G,121,2.42,
助っ人外国人用,助っ人外国人用,全体,チャンス,A,68,1.36,
助っ人外国人用,助っ人外国人用,全体,ノビ,D,2333,46.66,
助っ人外国人用,助っ人外国人用,全体,ノビ,C,1191,23.82,
助っ人外国人用,助っ人外国人用,全体,ノビ,E,696,13.92,
助っ人外国人用,助っ人外国人用,全体,ノビ,B,349,6.98,
助っ人外国人用,助っ人外国人用,全体,ノビ,F,243,4.86,
助っ人外国人用,助っ人外国人用,全体,ノビ,A,133,2.66,
助っ人外国人用,助っ人外国人用,全体,ノビ,G,55,1.1,
助っ人外国人用,助っ人外国人用,全体,回復,D,5572,55.72,
助っ人外国人用,助っ人外国人用,全体,回復,E,1718,17.18,
助っ人外国人用,助っ人外国人用,全体,回復,C,1306,13.06,
助っ人外国人用,助っ人外国人用,全体,回復,F,620,6.2,
助っ人外国人用,助っ人外国人用,全体,回復,B,491,4.91,
助っ人外国人用,助っ人外国人用,全体,回復,G,199,1.99,
助っ人外国人用,助っ人外国人用,全体,回復,A,94,0.94,
助っ人外国人用,助っ人外国人用,全体,対ピンチ,D,2417,48.34,
助っ人外国人用,助っ人外国人用,全体,対ピンチ,C,919,18.38,
助っ人外国人用,助っ人外国人用,全体,対ピンチ,E,728,14.56,
助っ人外国人用,助っ人外国人用,全体,対ピンチ,B,468,9.36,
助っ人外国人用,助っ人外国人用,全体,対ピンチ,F,248,4.96,
助っ人外国人用,助っ人外国人用,全体,対ピンチ,A,128,2.56,
助っ人外国人用,助っ人外国人用,全体,対ピンチ,G,92,1.84,
助っ人外国人用,助っ人外国人用,全体,対左打者,D,2436,48.72,
助っ人外国人用,助っ人外国人用,全体,対左打者,C,1026,20.52,
助っ人外国人用,助っ人外国人用,全体,対左打者,E,738,14.76,
助っ人外国人用,助っ人外国人用,全体,対左打者,B,312,6.24,
助っ人外国人用,助っ人外国人用,全体,対左打者,F,301,6.02,
助っ人外国人用,助っ人外国人用,全体,対左打者,A,97,1.94,
助っ人外国人用,助っ人外国人用,全体,対左打者,G,90,1.8,
助っ人外国人用,助っ人外国人用,全体,対左投手,D,2763,55.26,
助っ人外国人用,助っ人外国人用,全体,対左投手,E,922,18.44,
助っ人外国人用,助っ人外国人用,全体,対左投手,C,628,12.56,
助っ人外国人用,助っ人外国人用,全体,対左投手,F,295,5.9,
助っ人外国人用,助っ人外国人用,全体,対左投手,B,263,5.26,
助っ人外国人用,助っ人外国人用,全体,対左投手,G,85,1.7,
助っ人外国人用,助っ人外国人用,全体,対左投手,A,44,0.88,
助っ人外国人用,助っ人外国人用,全体,打たれ強さ,D,2803,56.06,
助っ人外国人用,助っ人外国人用,全体,打たれ強さ,E,829,16.58,
助っ人外国人用,助っ人外国人用,全体,打たれ強さ,C,643,12.86,
助っ人外国人用,助っ人外国人用,全体,打たれ強さ,F,308,6.16,
助っ人外国人用,助っ人外国人用,全体,打たれ強さ,B,247,4.94,
助っ人外国人用,助っ人外国人用,全体,打たれ強さ,G,114,2.28,
助っ人外国人用,助っ人外国人用,全体,打たれ強さ,A,56,1.12,
助っ人外国人用,助っ人外国人用,全体,盗塁,D,1956,39.12,
助っ人外国人用,助っ人外国人用,全体,盗塁,C,1397,27.94,
助っ人外国人用,助っ人外国人用,全体,盗塁,E,649,12.98,
助っ人外国人用,助っ人外国人用,全体,盗塁,B,556,11.12,
助っ人外国人用,助っ人外国人用,全体,盗塁,F,207,4.14,
助っ人外国人用,助っ人外国人用,全体,盗塁,A,186,3.72,
助っ人外国人用,助っ人外国人用,全体,盗塁,G,49,0.98,
助っ人外国人用,助っ人外国人用,全体,走塁,D,1978,39.56,
助っ人外国人用,助っ人外国人用,全体,走塁,C,1407,28.14,
助っ人外国人用,助っ人外国人用,全体,走塁,E,578,11.56,
助っ人外国人用,助っ人外国人用,全体,走塁,B,567,11.34,
助っ人外国人用,助っ人外国人用,全体,走塁,A,205,4.1,
助っ人外国人用,助っ人外国人用,全体,走塁,F,205,4.1,
助っ人外国人用,助っ人外国人用,全体,走塁,G,60,1.2,
助っ人外国人用,助っ人外国人用,全体,送球,D,5334,53.34,
助っ人外国人用,助っ人外国人用,全体,送球,C,1559,15.59,
助っ人外国人用,助っ人外国人用,全体,送球,E,1533,15.33,
助っ人外国人用,助っ人外国人用,全体,送球,B,649,6.49,
助っ人外国人用,助っ人外国人用,全体,送球,F,575,5.75,
助っ人外国人用,助っ人外国人用,全体,送球,G,177,1.77,
助っ人外国人用,助っ人外国人用,全体,送球,A,173,1.73,
助っ人外国人用,助っ人外国人用,投手,クイック,D,2786,55.72,
助っ人外国人用,助っ人外国人用,投手,クイック,E,809,16.18,
助っ人外国人用,助っ人外国人用,投手,クイック,C,705,14.1,
助っ人外国人用,助っ人外国人用,投手,クイック,F,306,6.12,
助っ人外国人用,助っ人外国人用,投手,クイック,B,244,4.88,
助っ人外国人用,助っ人外国人用,投手,クイック,G,93,1.86,
助っ人外国人用,助っ人外国人用,投手,クイック,A,57,1.14,
助っ人外国人用,助っ人外国人用,投手,ケガしにくさ,D,2881,57.62,
助っ人外国人用,助っ人外国人用,投手,ケガしにくさ,E,821,16.42,
助っ人外国人用,助っ人外国人用,投手,ケガしにくさ,C,613,12.26,
助っ人外国人用,助っ人外国人用,投手,ケガしにくさ,F,290,5.8,
助っ人外国人用,助っ人外国人用,投手,ケガしにくさ,B,242,4.84,
助っ人外国人用,助っ人外国人用,投手,ケガしにくさ,G,92,1.84,
助っ人外国人用,助っ人外国人用,投手,ケガしにくさ,A,61,1.22,
助っ人外国人用,助っ人外国人用,投手,ノビ,D,2333,46.66,
助っ人外国人用,助っ人外国人用,投手,ノビ,C,1191,23.82,
助っ人外国人用,助っ人外国人用,投手,ノビ,E,696,13.92,
助っ人外国人用,助っ人外国人用,投手,ノビ,B,349,6.98,
助っ人外国人用,助っ人外国人用,投手,ノビ,F,243,4.86,
助っ人外国人用,助っ人外国人用,投手,ノビ,A,133,2.66,
助っ人外国人用,助っ人外国人用,投手,ノビ,G,55,1.1,
助っ人外国人用,助っ人外国人用,投手,回復,D,2810,56.2,
助っ人外国人用,助っ人外国人用,投手,回復,E,840,16.8,
助っ人外国人用,助っ人外国人用,投手,回復,C,665,13.3,
助っ人外国人用,助っ人外国人用,投手,回復,F,300,6.0,
助っ人外国人用,助っ人外国人用,投手,回復,B,246,4.92,
助っ人外国人用,助っ人外国人用,投手,回復,G,93,1.86,
助っ人外国人用,助っ人外国人用,投手,回復,A,46,0.92,
助っ人外国人用,助っ人外国人用,投手,対ピンチ,D,2417,48.34,
助っ人外国人用,助っ人外国人用,投手,対ピンチ,C,919,18.38,
助っ人外国人用,助っ人外国人用,投手,対ピンチ,E,728,14.56,
助っ人外国人用,助っ人外国人用,投手,対ピンチ,B,468,9.36,
助っ人外国人用,助っ人外国人用,投手,対ピンチ,F,248,4.96,
助っ人外国人用,助っ人外国人用,投手,対ピンチ,A,128,2.56,
助っ人外国人用,助っ人外国人用,投手,対ピンチ,G,92,1.84,
助っ人外国人用,助っ人外国人用,投手,対左打者,D,2436,48.72,
助っ人外国人用,助っ人外国人用,投手,対左打者,C,1026,20.52,
助っ人外国人用,助っ人外国人用,投手,対左打者,E,738,14.76,
助っ人外国人用,助っ人外国人用,投手,対左打者,B,312,6.24,
助っ人外国人用,助っ人外国人用,投手,対左打者,F,301,6.02,
助っ人外国人用,助っ人外国人用,投手,対左打者,A,97,1.94,
助っ人外国人用,助っ人外国人用,投手,対左打者,G,90,1.8,
助っ人外国人用,助っ人外国人用,投手,打たれ強さ,D,2803,56.06,
助っ人外国人用,助っ人外国人用,投手,打たれ強さ,E,829,16.58,
助っ人外国人用,助っ人外国人用,投手,打たれ強さ,C,643,12.86,
助っ人外国人用,助っ人外国人用,投手,打たれ強さ,F,308,6.16,
助っ人外国人用,助っ人外国人用,投手,打たれ強さ,B,247,4.94,
助っ人外国人用,助っ人外国人用,投手,打たれ強さ,G,114,2.28,
助っ人外国人用,助っ人外国人用,投手,打たれ強さ,A,56,1.12,
助っ人外国人用,助っ人外国人用,投手,送球,D,2838,56.76,
助っ人外国人用,助っ人外国人用,投手,送球,E,826,16.52,
助っ人外国人用,助っ人外国人用,投手,送球,C,662,13.24,
助っ人外国人用,助っ人外国人用,投手,送球,F,313,6.26,
助っ人外国人用,助っ人外国人用,投手,送球,B,224,4.48,
助っ人外国人用,助っ人外国人用,投手,送球,G,87,1.74,
助っ人外国人用,助っ人外国人用,投手,送球,A,50,1.0,
助っ人外国人用,助っ人外国人用,野手,キャッチャー,D,217,52.42,
助っ人外国人用,助っ人外国人用,野手,キャッチャー,E,73,17.63,
助っ人外国人用,助っ人外国人用,野手,キャッチャー,C,63,15.22,
助っ人外国人用,助っ人外国人用,野手,キャッチャー,B,25,6.04,
助っ人外国人用,助っ人外国人用,野手,キャッチャー,F,22,5.31,
助っ人外国人用,助っ人外国人用,野手,キャッチャー,A,8,1.93,
助っ人外国人用,助っ人外国人用,野手,キャッチャー,G,6,1.45,
助っ人外国人用,助っ人外国人用,野手,ケガしにくさ,D,2833,56.66,
助っ人外国人用,助っ人外国人用,野手,ケガしにくさ,E,842,16.84,
助っ人外国人用,助っ人外国人用,野手,ケガしにくさ,C,623,12.46,
助っ人外国人用,助っ人外国人用,野手,ケガしにくさ,F,315,6.3,
助っ人外国人用,助っ人外国人用,野手,ケガしにくさ,B,250,5.0,
助っ人外国人用,助っ人外国人用,野手,ケガしにくさ,G,90,1.8,
助っ人外国人用,助っ人外国人用,野手,ケガしにくさ,A,47,0.94,
助っ人外国人用,助っ人外国人用,野手,チャンス,D,2453,49.06,
助っ人外国人用,助っ人外国人用,野手,チャンス,E,947,18.94,
助っ人外国人用,助っ人外国人用,野手,チャンス,C,777,15.54,
助っ人外国人用,助っ人外国人用,野手,チャンス,F,323,6.46,
助っ人外国人用,助っ人外国人用,野手,チャンス,B,311,6.22,
助っ人外国人用,助っ人外国人用,野手,チャンス,G,121,2.42,
助っ人外国人用,助っ人外国人用,野手,チャンス,A,68,1.36,
助っ人外国人用,助っ人外国人用,野手,回復,D,2762,55.24,
助っ人外国人用,助っ人外国人用,野手,回復,E,878,17.56,
助っ人外国人用,助っ人外国人用,野手,回復,C,641,12.82,
助っ人外国人用,助っ人外国人用,野手,回復,F,320,6.4,
助っ人外国人用,助っ人外国人用,野手,回復,B,245,4.9,
助っ人外国人用,助っ人外国人用,野手,回復,G,106,2.12,
助っ人外国人用,助っ人外国人用,野手,回復,A,48,0.96,
助っ人外国人用,助っ人外国人用,野手,対左投手,D,2763,55.26,
助っ人外国人用,助っ人外国人用,野手,対左投手,E,922,18.44,
助っ人外国人用,助っ人外国人用,野手,対左投手,C,628,12.56,
助っ人外国人用,助っ人外国人用,野手,対左投手,F,295,5.9,
助っ人外国人用,助っ人外国人用,野手,対左投手,B,263,5.26,
助っ人外国人用,助っ人外国人用,野手,対左投手,G,85,1.7,
助っ人外国人用,助っ人外国人用,野手,対左投手,A,44,0.88,
助っ人外国人用,助っ人外国人用,野手,盗塁,D,1956,39.12,
助っ人外国人用,助っ人外国人用,野手,盗塁,C,1397,27.94,
助っ人外国人用,助っ人外国人用,野手,盗塁,E,649,12.98,
助っ人外国人用,助っ人外国人用,野手,盗塁,B,556,11.12,
助っ人外国人用,助っ人外国人用,野手,盗塁,F,207,4.14,
助っ人外国人用,助っ人外国人用,野手,盗塁,A,186,3.72,
助っ人外国人用,助っ人外国人用,野手,盗塁,G,49,0.98,
助っ人外国人用,助っ人外国人用,野手,走塁,D,1978,39.56,
助っ人外国人用,助っ人外国人用,野手,走塁,C,1407,28.14,
助っ人外国人用,助っ人外国人用,野手,走塁,E,578,11.56,
助っ人外国人用,助っ人外国人用,野手,走塁,B,567,11.34,
助っ人外国人用,助っ人外国人用,野手,走塁,A,205,4.1,
助っ人外国人用,助っ人外国人用,野手,走塁,F,205,4.1,
助っ人外国人用,助っ人外国人用,野手,走塁,G,60,1.2,
助っ人外国人用,助っ人外国人用,野手,送球,D,2496,49.92,
助っ人外国人用,助っ人外国人用,野手,送球,C,897,17.94,
助っ人外国人用,助っ人外国人用,野手,送球,E,707,14.14,
助っ人外国人用,助っ人外国人用,野手,送球,B,425,8.5,
助っ人外国人用,助っ人外国人用,野手,送球,F,262,5.24,
助っ人外国人用,助っ人外国人用,野手,送球,A,123,2.46,
助っ人外国人用,助っ人外国人用,野手,送球,G,90,1.8,
