データ,対象,特殊能力,カテゴリ,対象役割,実在出現数,生成出現数,実在保有率%,生成保有率%,保有率差分,実在100人あたり出現数,生成100人あたり出現数
全体,全体,いぶし銀,青特,野手,5,663,0.63,2.15,1.52,0.63,2.15
全体,全体,かく乱,青特,野手,7,659,0.88,2.14,1.26,0.88,2.14
全体,全体,ささやき破り,青特,野手,0,99,0.0,0.32,0.32,0.0,0.32
全体,全体,アウトコースヒッター,青特,野手,9,603,1.14,1.96,0.82,1.14,1.96
全体,全体,アベレージヒッター,青特,野手,3,172,0.38,0.56,0.18,0.38,0.56
全体,全体,インコースヒッター,青特,野手,30,608,3.79,1.97,-1.82,3.79,1.97
全体,全体,エラー,赤特,野手,43,1182,5.44,3.84,-1.6,5.44,3.84
全体,全体,カット打ち,青特,野手,38,613,4.8,1.99,-2.81,4.8,1.99
全体,全体,キレ○,青特,投手,59,526,7.46,1.71,-5.75,7.46,1.71
全体,全体,クロスファイヤー,青特,投手,27,290,3.41,0.94,-2.47,3.41,0.94
全体,全体,ゴロピッチャー,青特,投手,39,506,4.93,1.64,-3.29,4.93,1.64
全体,全体,サヨナラ男,青特,野手,80,677,10.11,2.2,-7.91,10.11,2.2
全体,全体,ジャイロボール,青特,投手,1,417,0.13,1.35,1.22,0.13,1.35
全体,全体,ストライク先行,青特,投手,9,592,1.14,1.92,0.78,1.14,1.92
全体,全体,スロースターター,赤特,投手,45,914,5.69,2.97,-2.72,5.69,2.97
全体,全体,ダメ押し,青特,野手,4,653,0.38,2.12,1.74,0.51,2.12
全体,全体,チャンスメーカー,青特,野手,5,636,0.63,2.07,1.44,0.63,2.07
全体,全体,チームプレイ×,緑特,野手,0,349,0.0,1.13,1.13,0.0,1.13
全体,全体,チームプレイ○,緑特,野手,32,553,3.92,1.8,-2.12,4.05,1.8
全体,全体,テンポ○,緑特,投手,25,880,3.16,2.86,-0.3,3.16,2.86
全体,全体,ナチュラルシュート,青特,投手,47,877,5.94,2.85,-3.09,5.94,2.85
全体,全体,ハイボールヒッター,青特,野手,16,583,1.9,1.89,-0.01,2.02,1.89
全体,全体,バント○,青特,野手,53,850,6.7,2.76,-3.94,6.7,2.76
全体,全体,バント職人,青特,野手,8,351,0.88,1.14,0.26,1.01,1.14
全体,全体,パワーヒッター,青特,野手,4,374,0.51,1.21,0.7,0.51,1.21
全体,全体,フライボールピッチャー,青特,投手,44,373,5.56,1.21,-4.35,5.56,1.21
全体,全体,フル出場,緑特,野手,1,798,0.13,2.59,2.46,0.13,2.59
全体,全体,フレーミング○,青特,野手,0,89,0.0,0.29,0.29,0.0,0.29
全体,全体,フレーミング◎,青特,野手,0,39,0.0,0.13,0.13,0.0,0.13
全体,全体,ブロッキング,青特,野手,0,104,0.0,0.34,0.34,0.0,0.34
全体,全体,プルヒッター,青特,野手,27,649,3.29,2.11,-1.18,3.41,2.11
全体,全体,プレッシャーラン,青特,野手,1,696,0.13,2.26,2.13,0.13,2.26
全体,全体,ヘッドスライディング,青特,野手,40,688,4.93,2.23,-2.7,5.06,2.23
全体,全体,ホーム死守,青特,野手,13,105,1.64,0.34,-1.3,1.64,0.34
全体,全体,ホーム突入,青特,野手,19,641,2.4,2.08,-0.32,2.4,2.08
全体,全体,ボール先行,赤特,投手,0,833,0.0,2.71,2.71,0.0,2.71
全体,全体,ポーカーフェイス,青特,投手,16,392,2.02,1.27,-0.75,2.02,1.27
全体,全体,マルチ弾,青特,野手,18,667,2.28,2.17,-0.11,2.28,2.17
全体,全体,ミート多用,緑特,野手,34,753,4.3,2.45,-1.85,4.3,2.45
全体,全体,ムード×,赤特,共通,0,224,0.0,0.73,0.73,0.0,0.73
全体,全体,ムード○,青特,共通,0,376,0.0,1.22,1.22,0.0,1.22
全体,全体,ラインドライブ,青特,野手,12,653,1.52,2.12,0.6,1.52,2.12
全体,全体,リベンジ,青特,野手,0,641,0.0,2.08,2.08,0.0,2.08
全体,全体,リリース○,青特,投手,123,542,15.55,1.76,-13.79,15.55,1.76
全体,全体,レーザービーム,青特,野手,17,385,2.15,1.25,-0.9,2.15,1.25
全体,全体,ローボールヒッター,青特,野手,10,649,1.26,2.11,0.85,1.26,2.11
全体,全体,一発,赤特,投手,42,569,5.31,1.85,-3.46,5.31,1.85
全体,全体,三振,赤特,野手,135,1172,17.07,3.81,-13.26,17.07,3.81
全体,全体,乱調,赤特,投手,15,1043,1.9,3.39,1.49,1.9,3.39
全体,全体,人気者,緑特,共通,0,825,0.0,2.68,2.68,0.0,2.68
全体,全体,代打○,青特,野手,4,853,0.51,2.77,2.26,0.51,2.77
全体,全体,低め○,青特,投手,14,468,1.77,1.52,-0.25,1.77,1.52
全体,全体,併殺,赤特,野手,67,892,8.47,2.9,-5.57,8.47,2.9
全体,全体,全開,青特,投手,0,369,0.0,1.2,1.2,0.0,1.2
全体,全体,内角攻め,青特,投手,65,440,8.22,1.43,-6.79,8.22,1.43
全体,全体,内野安打○,青特,野手,75,788,9.36,2.56,-6.8,9.48,2.56
全体,全体,初球○,青特,野手,37,848,4.68,2.75,-1.93,4.68,2.75
全体,全体,力配分,青特,投手,19,348,2.4,1.13,-1.27,2.4,1.13
全体,全体,勝ち運,青特,投手,9,595,1.14,1.93,0.79,1.14,1.93
全体,全体,四球,赤特,投手,113,1000,14.29,3.25,-11.04,14.29,3.25
全体,全体,回またぎ○,青特,投手,47,866,5.94,2.81,-3.13,5.94,2.81
全体,全体,固め打ち,青特,野手,75,775,9.48,2.52,-6.96,9.48,2.52
全体,全体,国際大会×,赤特,共通,0,708,0.0,2.3,2.3,0.0,2.3
全体,全体,国際大会○,青特,共通,6,872,0.76,2.83,2.07,0.76,2.83
全体,全体,変化球中心,緑特,投手,50,935,6.32,3.04,-3.28,6.32,3.04
全体,全体,奪三振,青特,投手,116,731,14.66,2.37,-12.29,14.66,2.37
全体,全体,守備職人,青特,野手,12,130,1.39,0.42,-0.97,1.52,0.42
全体,全体,安全圏○,青特,投手,0,819,0.0,2.66,2.66,0.0,2.66
全体,全体,寸前,赤特,投手,14,894,1.77,2.9,1.13,1.77,2.9
全体,全体,対エース○,青特,野手,0,306,0.0,0.99,0.99,0.0,0.99
全体,全体,対ストレート○,青特,野手,23,790,2.91,2.57,-0.34,2.91,2.57
全体,全体,対ランナー,青特,投手,37,623,4.68,2.02,-2.66,4.68,2.02
全体,全体,対ランナー×,赤特,投手,0,720,0.0,2.34,2.34,0.0,2.34
全体,全体,対変化球○,青特,野手,11,846,1.26,2.75,1.49,1.39,2.75
全体,全体,対強打者○,青特,投手,0,275,0.0,0.89,0.89,0.0,0.89
全体,全体,尻上がり,青特,投手,8,835,1.01,2.71,1.7,1.01,2.71
全体,全体,帳尻合わせ,青特,野手,0,629,0.0,2.04,2.04,0.0,2.04
全体,全体,広角打法,青特,野手,29,346,3.67,1.12,-2.55,3.67,1.12
全体,全体,強振多用,緑特,野手,41,858,5.18,2.79,-2.39,5.18,2.79
全体,全体,悪球打ち,青特,野手,18,397,2.28,1.29,-0.99,2.28,1.29
全体,全体,意外性,青特,野手,24,639,3.03,2.08,-0.95,3.03,2.08
全体,全体,慎重打法,緑特,野手,49,840,6.19,2.73,-3.46,6.19,2.73
全体,全体,慎重盗塁,緑特,野手,41,780,5.06,2.53,-2.53,5.18,2.53
全体,全体,打球反応○,青特,投手,33,762,4.17,2.47,-1.7,4.17,2.47
全体,全体,投手存在感,青特,投手,0,236,0.0,0.77,0.77,0.0,0.77
全体,全体,投手調子安定,緑特,投手,0,855,0.0,2.78,2.78,0.0,2.78
全体,全体,投手調子極端,緑特,投手,0,323,0.0,1.05,1.05,0.0,1.05
全体,全体,投打躍動,青特,投手,0,653,0.0,2.12,2.12,0.0,2.12
全体,全体,投球位置右,緑特,投手,5,340,0.63,1.1,0.47,0.63,1.1
全体,全体,投球位置左,緑特,投手,2,372,0.25,1.21,0.96,0.25,1.21
全体,全体,抜け球,赤特,投手,98,1003,12.39,3.26,-9.13,12.39,3.26
全体,全体,根性,青特,投手,0,709,0.0,2.3,2.3,0.0,2.3
全体,全体,死球集中,青特,野手,34,390,4.3,1.27,-3.03,4.3,1.27
全体,全体,決勝打,青特,野手,51,619,6.45,2.01,-4.44,6.45,2.01
全体,全体,流し打ち,青特,野手,66,782,8.34,2.54,-5.8,8.34,2.54
全体,全体,満塁男,青特,野手,67,645,8.47,2.09,-6.38,8.47,2.09
全体,全体,火消し,青特,投手,1,617,0.13,2.0,1.87,0.13,2.0
全体,全体,牽制○,青特,投手,56,890,7.08,2.89,-4.19,7.08,2.89
全体,全体,球持ち○,青特,投手,88,399,11.13,1.3,-9.83,11.13,1.3
全体,全体,球速安定,青特,投手,126,927,15.93,3.01,-12.92,15.93,3.01
全体,全体,真っスラ,青特,投手,33,862,4.17,2.8,-1.37,4.17,2.8
全体,全体,短気,赤特,投手,0,788,0.0,2.56,2.56,0.0,2.56
全体,全体,積極守備,緑特,野手,60,872,7.46,2.83,-4.63,7.59,2.83
全体,全体,積極打法,緑特,野手,90,815,11.25,2.65,-8.6,11.38,2.65
全体,全体,積極盗塁,緑特,野手,49,872,6.19,2.83,-3.36,6.19,2.83
全体,全体,積極走塁,緑特,野手,74,919,9.23,2.98,-6.25,9.36,2.98
全体,全体,窮地○,青特,野手,0,842,0.0,2.73,2.73,0.0,2.73
全体,全体,立ち上がり○,青特,投手,0,966,0.0,3.14,3.14,0.0,3.14
全体,全体,粘り打ち,青特,野手,27,723,3.41,2.35,-1.06,3.41,2.35
全体,全体,緊急登板○,青特,投手,33,815,4.17,2.65,-1.52,4.17,2.65
全体,全体,緩急○,青特,投手,53,629,6.7,2.04,-4.66,6.7,2.04
全体,全体,荒れ球,青特,投手,44,693,5.56,2.25,-3.31,5.56,2.25
全体,全体,要所○,青特,投手,18,854,2.28,2.77,0.49,2.28,2.77
全体,全体,負け運,赤特,投手,15,885,1.9,2.87,0.97,1.9,2.87
全体,全体,軽い球,赤特,投手,3,632,0.38,2.05,1.67,0.38,2.05
全体,全体,逃げ球,青特,投手,88,769,11.13,2.5,-8.63,11.13,2.5
全体,全体,逆境○,青特,野手,30,871,3.79,2.83,-0.96,3.79,2.83
全体,全体,速球中心,緑特,投手,42,997,5.31,3.24,-2.07,5.31,3.24
全体,全体,選球眼,緑特,野手,71,805,8.98,2.61,-6.37,8.98,2.61
全体,全体,重い球,青特,投手,0,791,0.0,2.57,2.57,0.0,2.57
全体,全体,野手存在感,青特,野手,0,282,0.0,0.92,0.92,0.0,0.92
全体,全体,野手調子安定,緑特,野手,0,834,0.0,2.71,2.71,0.0,2.71
全体,全体,野手調子極端,緑特,野手,0,361,0.0,1.17,1.17,0.0,1.17
全体,全体,闘志,青特,投手,0,613,0.0,1.99,1.99,0.0,1.99
全体,全体,高速チャージ,青特,野手,1,690,0.13,2.24,2.11,0.13,2.24
全体,投手,キレ○,青特,投手,59,526,14.68,3.42,-11.26,14.68,3.42
全体,投手,クロスファイヤー,青特,投手,27,290,6.72,1.88,-4.84,6.72,1.88
全体,投手,ゴロピッチャー,青特,投手,39,506,9.7,3.29,-6.41,9.7,3.29
全体,投手,ジャイロボール,青特,投手,1,417,0.25,2.71,2.46,0.25,2.71
全体,投手,ストライク先行,青特,投手,9,592,2.24,3.84,1.6,2.24,3.84
全体,投手,スロースターター,赤特,投手,45,914,11.19,5.93,-5.26,11.19,5.93
全体,投手,テンポ○,緑特,投手,25,880,6.22,5.71,-0.51,6.22,5.71
全体,投手,ナチュラルシュート,青特,投手,47,877,11.69,5.69,-6.0,11.69,5.69
全体,投手,フライボールピッチャー,青特,投手,44,373,10.95,2.42,-8.53,10.95,2.42
全体,投手,ボール先行,赤特,投手,0,833,0.0,5.41,5.41,0.0,5.41
全体,投手,ポーカーフェイス,青特,投手,16,392,3.98,2.55,-1.43,3.98,2.55
全体,投手,ムード×,赤特,共通,0,95,0.0,0.62,0.62,0.0,0.62
全体,投手,ムード○,青特,共通,0,179,0.0,1.16,1.16,0.0,1.16
全体,投手,リリース○,青特,投手,123,542,30.6,3.52,-27.08,30.6,3.52
全体,投手,一発,赤特,投手,42,569,10.45,3.69,-6.76,10.45,3.69
全体,投手,乱調,赤特,投手,15,1043,3.73,6.77,3.04,3.73,6.77
全体,投手,人気者,緑特,共通,0,382,0.0,2.48,2.48,0.0,2.48
全体,投手,低め○,青特,投手,14,468,3.48,3.04,-0.44,3.48,3.04
全体,投手,全開,青特,投手,0,369,0.0,2.4,2.4,0.0,2.4
全体,投手,内角攻め,青特,投手,65,440,16.17,2.86,-13.31,16.17,2.86
全体,投手,力配分,青特,投手,19,348,4.73,2.26,-2.47,4.73,2.26
全体,投手,勝ち運,青特,投手,9,595,2.24,3.86,1.62,2.24,3.86
全体,投手,四球,赤特,投手,113,1000,28.11,6.49,-21.62,28.11,6.49
全体,投手,回またぎ○,青特,投手,47,866,11.69,5.62,-6.07,11.69,5.62
全体,投手,国際大会×,赤特,共通,0,354,0.0,2.3,2.3,0.0,2.3
全体,投手,国際大会○,青特,共通,1,444,0.25,2.88,2.63,0.25,2.88
全体,投手,変化球中心,緑特,投手,50,935,12.44,6.07,-6.37,12.44,6.07
全体,投手,奪三振,青特,投手,116,731,28.86,4.75,-24.11,28.86,4.75
全体,投手,安全圏○,青特,投手,0,819,0.0,5.32,5.32,0.0,5.32
全体,投手,寸前,赤特,投手,14,894,3.48,5.8,2.32,3.48,5.8
全体,投手,対ランナー,青特,投手,37,623,9.2,4.04,-5.16,9.2,4.04
全体,投手,対ランナー×,赤特,投手,0,720,0.0,4.67,4.67,0.0,4.67
全体,投手,対強打者○,青特,投手,0,275,0.0,1.79,1.79,0.0,1.79
全体,投手,尻上がり,青特,投手,8,835,1.99,5.42,3.43,1.99,5.42
全体,投手,打球反応○,青特,投手,33,762,8.21,4.95,-3.26,8.21,4.95
全体,投手,投手存在感,青特,投手,0,236,0.0,1.53,1.53,0.0,1.53
全体,投手,投手調子安定,緑特,投手,0,855,0.0,5.55,5.55,0.0,5.55
全体,投手,投手調子極端,緑特,投手,0,323,0.0,2.1,2.1,0.0,2.1
全体,投手,投打躍動,青特,投手,0,653,0.0,4.24,4.24,0.0,4.24
全体,投手,投球位置右,緑特,投手,5,340,1.24,2.21,0.97,1.24,2.21
全体,投手,投球位置左,緑特,投手,2,372,0.5,2.42,1.92,0.5,2.42
全体,投手,抜け球,赤特,投手,98,1003,24.38,6.51,-17.87,24.38,6.51
全体,投手,根性,青特,投手,0,709,0.0,4.6,4.6,0.0,4.6
全体,投手,火消し,青特,投手,1,617,0.25,4.01,3.76,0.25,4.01
全体,投手,牽制○,青特,投手,56,890,13.93,5.78,-8.15,13.93,5.78
全体,投手,球持ち○,青特,投手,88,399,21.89,2.59,-19.3,21.89,2.59
全体,投手,球速安定,青特,投手,126,927,31.34,6.02,-25.32,31.34,6.02
全体,投手,真っスラ,青特,投手,33,862,8.21,5.6,-2.61,8.21,5.6
全体,投手,短気,赤特,投手,0,788,0.0,5.12,5.12,0.0,5.12
全体,投手,立ち上がり○,青特,投手,0,966,0.0,6.27,6.27,0.0,6.27
全体,投手,緊急登板○,青特,投手,33,815,8.21,5.29,-2.92,8.21,5.29
全体,投手,緩急○,青特,投手,53,629,13.18,4.08,-9.1,13.18,4.08
全体,投手,荒れ球,青特,投手,44,693,10.95,4.5,-6.45,10.95,4.5
全体,投手,要所○,青特,投手,18,854,4.48,5.54,1.06,4.48,5.54
全体,投手,負け運,赤特,投手,15,885,3.73,5.75,2.02,3.73,5.75
全体,投手,軽い球,赤特,投手,3,632,0.75,4.1,3.35,0.75,4.1
全体,投手,逃げ球,青特,投手,88,769,21.89,4.99,-16.9,21.89,4.99
全体,投手,速球中心,緑特,投手,42,997,10.45,6.47,-3.98,10.45,6.47
全体,投手,重い球,青特,投手,0,791,0.0,5.14,5.14,0.0,5.14
全体,投手,闘志,青特,投手,0,613,0.0,3.98,3.98,0.0,3.98
全体,野手,いぶし銀,青特,野手,5,663,1.29,4.31,3.02,1.29,4.31
全体,野手,かく乱,青特,野手,7,659,1.8,4.28,2.48,1.8,4.28
全体,野手,ささやき破り,青特,野手,0,99,0.0,0.64,0.64,0.0,0.64
全体,野手,アウトコースヒッター,青特,野手,9,603,2.31,3.92,1.61,2.31,3.92
全体,野手,アベレージヒッター,青特,野手,3,172,0.77,1.12,0.35,0.77,1.12
全体,野手,インコースヒッター,青特,野手,30,608,7.71,3.95,-3.76,7.71,3.95
全体,野手,エラー,赤特,野手,43,1182,11.05,7.68,-3.37,11.05,7.68
全体,野手,カット打ち,青特,野手,38,613,9.77,3.98,-5.79,9.77,3.98
全体,野手,サヨナラ男,青特,野手,80,677,20.57,4.4,-16.17,20.57,4.4
全体,野手,ダメ押し,青特,野手,3,653,0.77,4.24,3.47,0.77,4.24
全体,野手,チャンスメーカー,青特,野手,5,636,1.29,4.13,2.84,1.29,4.13
全体,野手,チームプレイ×,緑特,野手,0,349,0.0,2.27,2.27,0.0,2.27
全体,野手,チームプレイ○,緑特,野手,31,553,7.97,3.59,-4.38,7.97,3.59
全体,野手,ハイボールヒッター,青特,野手,15,583,3.86,3.79,-0.07,3.86,3.79
全体,野手,バント○,青特,野手,53,850,13.62,5.52,-8.1,13.62,5.52
全体,野手,バント職人,青特,野手,7,351,1.8,2.28,0.48,1.8,2.28
全体,野手,パワーヒッター,青特,野手,4,374,1.03,2.43,1.4,1.03,2.43
全体,野手,フル出場,緑特,野手,1,798,0.26,5.19,4.93,0.26,5.19
全体,野手,フレーミング○,青特,野手,0,89,0.0,0.58,0.58,0.0,0.58
全体,野手,フレーミング◎,青特,野手,0,39,0.0,0.25,0.25,0.0,0.25
全体,野手,ブロッキング,青特,野手,0,104,0.0,0.68,0.68,0.0,0.68
全体,野手,プルヒッター,青特,野手,26,649,6.68,4.22,-2.46,6.68,4.22
全体,野手,プレッシャーラン,青特,野手,1,696,0.26,4.52,4.26,0.26,4.52
全体,野手,ヘッドスライディング,青特,野手,39,688,10.03,4.47,-5.56,10.03,4.47
全体,野手,ホーム死守,青特,野手,13,105,3.34,0.68,-2.66,3.34,0.68
全体,野手,ホーム突入,青特,野手,19,641,4.88,4.17,-0.71,4.88,4.17
全体,野手,マルチ弾,青特,野手,18,667,4.63,4.33,-0.3,4.63,4.33
全体,野手,ミート多用,緑特,野手,34,753,8.74,4.89,-3.85,8.74,4.89
全体,野手,ムード×,赤特,共通,0,129,0.0,0.84,0.84,0.0,0.84
全体,野手,ムード○,青特,共通,0,197,0.0,1.28,1.28,0.0,1.28
全体,野手,ラインドライブ,青特,野手,12,653,3.08,4.24,1.16,3.08,4.24
全体,野手,リベンジ,青特,野手,0,641,0.0,4.17,4.17,0.0,4.17
全体,野手,レーザービーム,青特,野手,17,385,4.37,2.5,-1.87,4.37,2.5
全体,野手,ローボールヒッター,青特,野手,10,649,2.57,4.22,1.65,2.57,4.22
全体,野手,三振,赤特,野手,135,1172,34.7,7.62,-27.08,34.7,7.62
全体,野手,人気者,緑特,共通,0,443,0.0,2.88,2.88,0.0,2.88
全体,野手,代打○,青特,野手,4,853,1.03,5.54,4.51,1.03,5.54
全体,野手,併殺,赤特,野手,67,892,17.22,5.8,-11.42,17.22,5.8
全体,野手,内野安打○,青特,野手,74,788,19.02,5.12,-13.9,19.02,5.12
全体,野手,初球○,青特,野手,37,848,9.51,5.51,-4.0,9.51,5.51
全体,野手,固め打ち,青特,野手,75,775,19.28,5.04,-14.24,19.28,5.04
全体,野手,国際大会×,赤特,共通,0,354,0.0,2.3,2.3,0.0,2.3
全体,野手,国際大会○,青特,共通,5,428,1.29,2.78,1.49,1.29,2.78
全体,野手,守備職人,青特,野手,11,130,2.83,0.84,-1.99,2.83,0.84
全体,野手,対エース○,青特,野手,0,306,0.0,1.99,1.99,0.0,1.99
全体,野手,対ストレート○,青特,野手,23,790,5.91,5.13,-0.78,5.91,5.13
全体,野手,対変化球○,青特,野手,10,846,2.57,5.5,2.93,2.57,5.5
全体,野手,帳尻合わせ,青特,野手,0,629,0.0,4.09,4.09,0.0,4.09
全体,野手,広角打法,青特,野手,29,346,7.46,2.25,-5.21,7.46,2.25
全体,野手,強振多用,緑特,野手,41,858,10.54,5.58,-4.96,10.54,5.58
全体,野手,悪球打ち,青特,野手,18,397,4.63,2.58,-2.05,4.63,2.58
全体,野手,意外性,青特,野手,24,639,6.17,4.15,-2.02,6.17,4.15
全体,野手,慎重打法,緑特,野手,49,840,12.6,5.46,-7.14,12.6,5.46
全体,野手,慎重盗塁,緑特,野手,40,780,10.28,5.07,-5.21,10.28,5.07
全体,野手,死球集中,青特,野手,34,390,8.74,2.53,-6.21,8.74,2.53
全体,野手,決勝打,青特,野手,51,619,13.11,4.02,-9.09,13.11,4.02
全体,野手,流し打ち,青特,野手,66,782,16.97,5.08,-11.89,16.97,5.08
全体,野手,満塁男,青特,野手,67,645,17.22,4.19,-13.03,17.22,4.19
全体,野手,積極守備,緑特,野手,59,872,15.17,5.67,-9.5,15.17,5.67
全体,野手,積極打法,緑特,野手,89,815,22.88,5.3,-17.58,22.88,5.3
全体,野手,積極盗塁,緑特,野手,49,872,12.6,5.67,-6.93,12.6,5.67
全体,野手,積極走塁,緑特,野手,73,919,18.77,5.97,-12.8,18.77,5.97
全体,野手,窮地○,青特,野手,0,842,0.0,5.47,5.47,0.0,5.47
全体,野手,粘り打ち,青特,野手,27,723,6.94,4.7,-2.24,6.94,4.7
全体,野手,逆境○,青特,野手,30,871,7.71,5.66,-2.05,7.71,5.66
全体,野手,選球眼,緑特,野手,71,805,18.25,5.23,-13.02,18.25,5.23
全体,野手,野手存在感,青特,野手,0,282,0.0,1.83,1.83,0.0,1.83
全体,野手,野手調子安定,緑特,野手,0,834,0.0,5.42,5.42,0.0,5.42
全体,野手,野手調子極端,緑特,野手,0,361,0.0,2.35,2.35,0.0,2.35
全体,野手,高速チャージ,青特,野手,1,690,0.26,4.48,4.22,0.26,4.48
架空球団用,全体,いぶし銀,青特,野手,5,213,0.63,2.13,1.5,0.63,2.13
架空球団用,全体,かく乱,青特,野手,7,231,0.88,2.31,1.43,0.88,2.31
架空球団用,全体,ささやき破り,青特,野手,0,41,0.0,0.41,0.41,0.0,0.41
架空球団用,全体,アウトコースヒッター,青特,野手,9,206,1.14,2.06,0.92,1.14,2.06
架空球団用,全体,アベレージヒッター,青特,野手,3,77,0.38,0.77,0.39,0.38,0.77
架空球団用,全体,インコースヒッター,青特,野手,30,196,3.79,1.96,-1.83,3.79,1.96
架空球団用,全体,エラー,赤特,野手,43,390,5.44,3.9,-1.54,5.44,3.9
架空球団用,全体,カット打ち,青特,野手,38,210,4.8,2.1,-2.7,4.8,2.1
架空球団用,全体,キレ○,青特,投手,59,186,7.46,1.86,-5.6,7.46,1.86
架空球団用,全体,クロスファイヤー,青特,投手,27,86,3.41,0.86,-2.55,3.41,0.86
架空球団用,全体,ゴロピッチャー,青特,投手,39,173,4.93,1.73,-3.2,4.93,1.73
架空球団用,全体,サヨナラ男,青特,野手,80,215,10.11,2.15,-7.96,10.11,2.15
架空球団用,全体,ジャイロボール,青特,投手,1,148,0.13,1.48,1.35,0.13,1.48
架空球団用,全体,ストライク先行,青特,投手,9,233,1.14,2.33,1.19,1.14,2.33
架空球団用,全体,スロースターター,赤特,投手,45,306,5.69,3.06,-2.63,5.69,3.06
架空球団用,全体,ダメ押し,青特,野手,4,228,0.38,2.28,1.9,0.51,2.28
架空球団用,全体,チャンスメーカー,青特,野手,5,221,0.63,2.21,1.58,0.63,2.21
架空球団用,全体,チームプレイ×,緑特,野手,0,90,0.0,0.9,0.9,0.0,0.9
架空球団用,全体,チームプレイ○,緑特,野手,32,145,3.92,1.45,-2.47,4.05,1.45
架空球団用,全体,テンポ○,緑特,投手,25,283,3.16,2.83,-0.33,3.16,2.83
架空球団用,全体,ナチュラルシュート,青特,投手,47,280,5.94,2.8,-3.14,5.94,2.8
架空球団用,全体,ハイボールヒッター,青特,野手,16,201,1.9,2.01,0.11,2.02,2.01
架空球団用,全体,バント○,青特,野手,53,268,6.7,2.68,-4.02,6.7,2.68
架空球団用,全体,バント職人,青特,野手,8,107,0.88,1.07,0.19,1.01,1.07
架空球団用,全体,パワーヒッター,青特,野手,4,120,0.51,1.2,0.69,0.51,1.2
架空球団用,全体,フライボールピッチャー,青特,投手,44,125,5.56,1.25,-4.31,5.56,1.25
架空球団用,全体,フル出場,緑特,野手,1,256,0.13,2.56,2.43,0.13,2.56
架空球団用,全体,フレーミング○,青特,野手,0,35,0.0,0.35,0.35,0.0,0.35
架空球団用,全体,フレーミング◎,青特,野手,0,15,0.0,0.15,0.15,0.0,0.15
架空球団用,全体,ブロッキング,青特,野手,0,37,0.0,0.37,0.37,0.0,0.37
架空球団用,全体,プルヒッター,青特,野手,27,187,3.29,1.87,-1.42,3.41,1.87
架空球団用,全体,プレッシャーラン,青特,野手,1,231,0.13,2.31,2.18,0.13,2.31
架空球団用,全体,ヘッドスライディング,青特,野手,40,223,4.93,2.23,-2.7,5.06,2.23
架空球団用,全体,ホーム死守,青特,野手,13,26,1.64,0.26,-1.38,1.64,0.26
架空球団用,全体,ホーム突入,青特,野手,19,213,2.4,2.13,-0.27,2.4,2.13
架空球団用,全体,ボール先行,赤特,投手,0,290,0.0,2.9,2.9,0.0,2.9
架空球団用,全体,ポーカーフェイス,青特,投手,16,134,2.02,1.34,-0.68,2.02,1.34
架空球団用,全体,マルチ弾,青特,野手,18,195,2.28,1.95,-0.33,2.28,1.95
架空球団用,全体,ミート多用,緑特,野手,34,242,4.3,2.42,-1.88,4.3,2.42
架空球団用,全体,ムード×,赤特,共通,0,43,0.0,0.43,0.43,0.0,0.43
架空球団用,全体,ムード○,青特,共通,0,90,0.0,0.9,0.9,0.0,0.9
架空球団用,全体,ラインドライブ,青特,野手,12,235,1.52,2.35,0.83,1.52,2.35
架空球団用,全体,リベンジ,青特,野手,0,228,0.0,2.28,2.28,0.0,2.28
架空球団用,全体,リリース○,青特,投手,123,171,15.55,1.71,-13.84,15.55,1.71
架空球団用,全体,レーザービーム,青特,野手,17,120,2.15,1.2,-0.95,2.15,1.2
架空球団用,全体,ローボールヒッター,青特,野手,10,217,1.26,2.17,0.91,1.26,2.17
架空球団用,全体,一発,赤特,投手,42,186,5.31,1.86,-3.45,5.31,1.86
架空球団用,全体,三振,赤特,野手,135,370,17.07,3.7,-13.37,17.07,3.7
架空球団用,全体,乱調,赤特,投手,15,349,1.9,3.49,1.59,1.9,3.49
架空球団用,全体,人気者,緑特,共通,0,231,0.0,2.31,2.31,0.0,2.31
架空球団用,全体,代打○,青特,野手,4,273,0.51,2.73,2.22,0.51,2.73
架空球団用,全体,低め○,青特,投手,14,150,1.77,1.5,-0.27,1.77,1.5
架空球団用,全体,併殺,赤特,野手,67,317,8.47,3.17,-5.3,8.47,3.17
架空球団用,全体,全開,青特,投手,0,127,0.0,1.27,1.27,0.0,1.27
架空球団用,全体,内角攻め,青特,投手,65,168,8.22,1.68,-6.54,8.22,1.68
架空球団用,全体,内野安打○,青特,野手,75,273,9.36,2.73,-6.63,9.48,2.73
架空球団用,全体,初球○,青特,野手,37,277,4.68,2.77,-1.91,4.68,2.77
架空球団用,全体,力配分,青特,投手,19,120,2.4,1.2,-1.2,2.4,1.2
架空球団用,全体,勝ち運,青特,投手,9,207,1.14,2.07,0.93,1.14,2.07
架空球団用,全体,四球,赤特,投手,113,363,14.29,3.63,-10.66,14.29,3.63
架空球団用,全体,回またぎ○,青特,投手,47,317,5.94,3.17,-2.77,5.94,3.17
架空球団用,全体,固め打ち,青特,野手,75,247,9.48,2.47,-7.01,9.48,2.47
架空球団用,全体,国際大会×,赤特,共通,0,148,0.0,1.48,1.48,0.0,1.48
架空球団用,全体,国際大会○,青特,共通,6,171,0.76,1.71,0.95,0.76,1.71
架空球団用,全体,変化球中心,緑特,投手,50,266,6.32,2.66,-3.66,6.32,2.66
架空球団用,全体,奪三振,青特,投手,116,256,14.66,2.56,-12.1,14.66,2.56
架空球団用,全体,守備職人,青特,野手,12,58,1.39,0.58,-0.81,1.52,0.58
架空球団用,全体,安全圏○,青特,投手,0,253,0.0,2.53,2.53,0.0,2.53
架空球団用,全体,寸前,赤特,投手,14,323,1.77,3.23,1.46,1.77,3.23
架空球団用,全体,対エース○,青特,野手,0,103,0.0,1.03,1.03,0.0,1.03
架空球団用,全体,対ストレート○,青特,野手,23,250,2.91,2.5,-0.41,2.91,2.5
架空球団用,全体,対ランナー,青特,投手,37,204,4.68,2.04,-2.64,4.68,2.04
架空球団用,全体,対ランナー×,赤特,投手,0,262,0.0,2.62,2.62,0.0,2.62
架空球団用,全体,対変化球○,青特,野手,11,298,1.26,2.98,1.72,1.39,2.98
架空球団用,全体,対強打者○,青特,投手,0,97,0.0,0.97,0.97,0.0,0.97
架空球団用,全体,尻上がり,青特,投手,8,316,1.01,3.16,2.15,1.01,3.16
架空球団用,全体,帳尻合わせ,青特,野手,0,198,0.0,1.98,1.98,0.0,1.98
架空球団用,全体,広角打法,青特,野手,29,107,3.67,1.07,-2.6,3.67,1.07
架空球団用,全体,強振多用,緑特,野手,41,255,5.18,2.55,-2.63,5.18,2.55
架空球団用,全体,悪球打ち,青特,野手,18,137,2.28,1.37,-0.91,2.28,1.37
架空球団用,全体,意外性,青特,野手,24,199,3.03,1.99,-1.04,3.03,1.99
架空球団用,全体,慎重打法,緑特,野手,49,239,6.19,2.39,-3.8,6.19,2.39
架空球団用,全体,慎重盗塁,緑特,野手,41,240,5.06,2.4,-2.66,5.18,2.4
架空球団用,全体,打球反応○,青特,投手,33,256,4.17,2.56,-1.61,4.17,2.56
架空球団用,全体,投手存在感,青特,投手,0,85,0.0,0.85,0.85,0.0,0.85
架空球団用,全体,投手調子安定,緑特,投手,0,253,0.0,2.53,2.53,0.0,2.53
架空球団用,全体,投手調子極端,緑特,投手,0,89,0.0,0.89,0.89,0.0,0.89
架空球団用,全体,投打躍動,青特,投手,0,229,0.0,2.29,2.29,0.0,2.29
架空球団用,全体,投球位置右,緑特,投手,5,92,0.63,0.92,0.29,0.63,0.92
架空球団用,全体,投球位置左,緑特,投手,2,96,0.25,0.96,0.71,0.25,0.96
架空球団用,全体,抜け球,赤特,投手,98,344,12.39,3.44,-8.95,12.39,3.44
架空球団用,全体,根性,青特,投手,0,241,0.0,2.41,2.41,0.0,2.41
架空球団用,全体,死球集中,青特,野手,34,127,4.3,1.27,-3.03,4.3,1.27
架空球団用,全体,決勝打,青特,野手,51,175,6.45,1.75,-4.7,6.45,1.75
架空球団用,全体,流し打ち,青特,野手,66,256,8.34,2.56,-5.78,8.34,2.56
架空球団用,全体,満塁男,青特,野手,67,211,8.47,2.11,-6.36,8.47,2.11
架空球団用,全体,火消し,青特,投手,1,216,0.13,2.16,2.03,0.13,2.16
架空球団用,全体,牽制○,青特,投手,56,300,7.08,3.0,-4.08,7.08,3.0
架空球団用,全体,球持ち○,青特,投手,88,150,11.13,1.5,-9.63,11.13,1.5
架空球団用,全体,球速安定,青特,投手,126,319,15.93,3.19,-12.74,15.93,3.19
架空球団用,全体,真っスラ,青特,投手,33,272,4.17,2.72,-1.45,4.17,2.72
架空球団用,全体,短気,赤特,投手,0,269,0.0,2.69,2.69,0.0,2.69
架空球団用,全体,積極守備,緑特,野手,60,299,7.46,2.99,-4.47,7.59,2.99
架空球団用,全体,積極打法,緑特,野手,90,230,11.25,2.3,-8.95,11.38,2.3
架空球団用,全体,積極盗塁,緑特,野手,49,259,6.19,2.59,-3.6,6.19,2.59
架空球団用,全体,積極走塁,緑特,野手,74,278,9.23,2.78,-6.45,9.36,2.78
架空球団用,全体,窮地○,青特,野手,0,299,0.0,2.99,2.99,0.0,2.99
架空球団用,全体,立ち上がり○,青特,投手,0,282,0.0,2.82,2.82,0.0,2.82
架空球団用,全体,粘り打ち,青特,野手,27,229,3.41,2.29,-1.12,3.41,2.29
架空球団用,全体,緊急登板○,青特,投手,33,268,4.17,2.68,-1.49,4.17,2.68
架空球団用,全体,緩急○,青特,投手,53,230,6.7,2.3,-4.4,6.7,2.3
架空球団用,全体,荒れ球,青特,投手,44,226,5.56,2.26,-3.3,5.56,2.26
架空球団用,全体,要所○,青特,投手,18,276,2.28,2.76,0.48,2.28,2.76
架空球団用,全体,負け運,赤特,投手,15,280,1.9,2.8,0.9,1.9,2.8
架空球団用,全体,軽い球,赤特,投手,3,228,0.38,2.28,1.9,0.38,2.28
架空球団用,全体,逃げ球,青特,投手,88,258,11.13,2.58,-8.55,11.13,2.58
架空球団用,全体,逆境○,青特,野手,30,288,3.79,2.88,-0.91,3.79,2.88
架空球団用,全体,速球中心,緑特,投手,42,310,5.31,3.1,-2.21,5.31,3.1
架空球団用,全体,選球眼,緑特,野手,71,238,8.98,2.38,-6.6,8.98,2.38
架空球団用,全体,重い球,青特,投手,0,256,0.0,2.56,2.56,0.0,2.56
架空球団用,全体,野手存在感,青特,野手,0,78,0.0,0.78,0.78,0.0,0.78
架空球団用,全体,野手調子安定,緑特,野手,0,226,0.0,2.26,2.26,0.0,2.26
架空球団用,全体,野手調子極端,緑特,野手,0,93,0.0,0.93,0.93,0.0,0.93
架空球団用,全体,闘志,青特,投手,0,205,0.0,2.05,2.05,0.0,2.05
架空球団用,全体,高速チャージ,青特,野手,1,244,0.13,2.44,2.31,0.13,2.44
架空球団用,投手,キレ○,青特,投手,59,186,14.68,3.72,-10.96,14.68,3.72
架空球団用,投手,クロスファイヤー,青特,投手,27,86,6.72,1.72,-5.0,6.72,1.72
架空球団用,投手,ゴロピッチャー,青特,投手,39,173,9.7,3.46,-6.24,9.7,3.46
架空球団用,投手,ジャイロボール,青特,投手,1,148,0.25,2.96,2.71,0.25,2.96
架空球団用,投手,ストライク先行,青特,投手,9,233,2.24,4.66,2.42,2.24,4.66
架空球団用,投手,スロースターター,赤特,投手,45,306,11.19,6.12,-5.07,11.19,6.12
架空球団用,投手,テンポ○,緑特,投手,25,283,6.22,5.66,-0.56,6.22,5.66
架空球団用,投手,ナチュラルシュート,青特,投手,47,280,11.69,5.6,-6.09,11.69,5.6
架空球団用,投手,フライボールピッチャー,青特,投手,44,125,10.95,2.5,-8.45,10.95,2.5
架空球団用,投手,ボール先行,赤特,投手,0,290,0.0,5.8,5.8,0.0,5.8
架空球団用,投手,ポーカーフェイス,青特,投手,16,134,3.98,2.68,-1.3,3.98,2.68
架空球団用,投手,ムード×,赤特,共通,0,25,0.0,0.5,0.5,0.0,0.5
架空球団用,投手,ムード○,青特,共通,0,39,0.0,0.78,0.78,0.0,0.78
架空球団用,投手,リリース○,青特,投手,123,171,30.6,3.42,-27.18,30.6,3.42
架空球団用,投手,一発,赤特,投手,42,186,10.45,3.72,-6.73,10.45,3.72
架空球団用,投手,乱調,赤特,投手,15,349,3.73,6.98,3.25,3.73,6.98
架空球団用,投手,人気者,緑特,共通,0,102,0.0,2.04,2.04,0.0,2.04
架空球団用,投手,低め○,青特,投手,14,150,3.48,3.0,-0.48,3.48,3.0
架空球団用,投手,全開,青特,投手,0,127,0.0,2.54,2.54,0.0,2.54
架空球団用,投手,内角攻め,青特,投手,65,168,16.17,3.36,-12.81,16.17,3.36
架空球団用,投手,力配分,青特,投手,19,120,4.73,2.4,-2.33,4.73,2.4
架空球団用,投手,勝ち運,青特,投手,9,207,2.24,4.14,1.9,2.24,4.14
架空球団用,投手,四球,赤特,投手,113,363,28.11,7.26,-20.85,28.11,7.26
架空球団用,投手,回またぎ○,青特,投手,47,317,11.69,6.34,-5.35,11.69,6.34
架空球団用,投手,国際大会×,赤特,共通,0,81,0.0,1.62,1.62,0.0,1.62
架空球団用,投手,国際大会○,青特,共通,1,81,0.25,1.62,1.37,0.25,1.62
架空球団用,投手,変化球中心,緑特,投手,50,266,12.44,5.32,-7.12,12.44,5.32
架空球団用,投手,奪三振,青特,投手,116,256,28.86,5.12,-23.74,28.86,5.12
架空球団用,投手,安全圏○,青特,投手,0,253,0.0,5.06,5.06,0.0,5.06
架空球団用,投手,寸前,赤特,投手,14,323,3.48,6.46,2.98,3.48,6.46
架空球団用,投手,対ランナー,青特,投手,37,204,9.2,4.08,-5.12,9.2,4.08
架空球団用,投手,対ランナー×,赤特,投手,0,262,0.0,5.24,5.24,0.0,5.24
架空球団用,投手,対強打者○,青特,投手,0,97,0.0,1.94,1.94,0.0,1.94
架空球団用,投手,尻上がり,青特,投手,8,316,1.99,6.32,4.33,1.99,6.32
架空球団用,投手,打球反応○,青特,投手,33,256,8.21,5.12,-3.09,8.21,5.12
架空球団用,投手,投手存在感,青特,投手,0,85,0.0,1.7,1.7,0.0,1.7
架空球団用,投手,投手調子安定,緑特,投手,0,253,0.0,5.06,5.06,0.0,5.06
架空球団用,投手,投手調子極端,緑特,投手,0,89,0.0,1.78,1.78,0.0,1.78
架空球団用,投手,投打躍動,青特,投手,0,229,0.0,4.58,4.58,0.0,4.58
架空球団用,投手,投球位置右,緑特,投手,5,92,1.24,1.84,0.6,1.24,1.84
架空球団用,投手,投球位置左,緑特,投手,2,96,0.5,1.92,1.42,0.5,1.92
架空球団用,投手,抜け球,赤特,投手,98,344,24.38,6.88,-17.5,24.38,6.88
架空球団用,投手,根性,青特,投手,0,241,0.0,4.82,4.82,0.0,4.82
架空球団用,投手,火消し,青特,投手,1,216,0.25,4.32,4.07,0.25,4.32
架空球団用,投手,牽制○,青特,投手,56,300,13.93,6.0,-7.93,13.93,6.0
架空球団用,投手,球持ち○,青特,投手,88,150,21.89,3.0,-18.89,21.89,3.0
架空球団用,投手,球速安定,青特,投手,126,319,31.34,6.38,-24.96,31.34,6.38
架空球団用,投手,真っスラ,青特,投手,33,272,8.21,5.44,-2.77,8.21,5.44
架空球団用,投手,短気,赤特,投手,0,269,0.0,5.38,5.38,0.0,5.38
架空球団用,投手,立ち上がり○,青特,投手,0,282,0.0,5.64,5.64,0.0,5.64
架空球団用,投手,緊急登板○,青特,投手,33,268,8.21,5.36,-2.85,8.21,5.36
架空球団用,投手,緩急○,青特,投手,53,230,13.18,4.6,-8.58,13.18,4.6
架空球団用,投手,荒れ球,青特,投手,44,226,10.95,4.52,-6.43,10.95,4.52
架空球団用,投手,要所○,青特,投手,18,276,4.48,5.52,1.04,4.48,5.52
架空球団用,投手,負け運,赤特,投手,15,280,3.73,5.6,1.87,3.73,5.6
架空球団用,投手,軽い球,赤特,投手,3,228,0.75,4.56,3.81,0.75,4.56
架空球団用,投手,逃げ球,青特,投手,88,258,21.89,5.16,-16.73,21.89,5.16
架空球団用,投手,速球中心,緑特,投手,42,310,10.45,6.2,-4.25,10.45,6.2
架空球団用,投手,重い球,青特,投手,0,256,0.0,5.12,5.12,0.0,5.12
架空球団用,投手,闘志,青特,投手,0,205,0.0,4.1,4.1,0.0,4.1
架空球団用,野手,いぶし銀,青特,野手,5,213,1.29,4.26,2.97,1.29,4.26
架空球団用,野手,かく乱,青特,野手,7,231,1.8,4.62,2.82,1.8,4.62
架空球団用,野手,ささやき破り,青特,野手,0,41,0.0,0.82,0.82,0.0,0.82
架空球団用,野手,アウトコースヒッター,青特,野手,9,206,2.31,4.12,1.81,2.31,4.12
架空球団用,野手,アベレージヒッター,青特,野手,3,77,0.77,1.54,0.77,0.77,1.54
架空球団用,野手,インコースヒッター,青特,野手,30,196,7.71,3.92,-3.79,7.71,3.92
架空球団用,野手,エラー,赤特,野手,43,390,11.05,7.8,-3.25,11.05,7.8
架空球団用,野手,カット打ち,青特,野手,38,210,9.77,4.2,-5.57,9.77,4.2
架空球団用,野手,サヨナラ男,青特,野手,80,215,20.57,4.3,-16.27,20.57,4.3
架空球団用,野手,ダメ押し,青特,野手,3,228,0.77,4.56,3.79,0.77,4.56
架空球団用,野手,チャンスメーカー,青特,野手,5,221,1.29,4.42,3.13,1.29,4.42
架空球団用,野手,チームプレイ×,緑特,野手,0,90,0.0,1.8,1.8,0.0,1.8
架空球団用,野手,チームプレイ○,緑特,野手,31,145,7.97,2.9,-5.07,7.97,2.9
架空球団用,野手,ハイボールヒッター,青特,野手,15,201,3.86,4.02,0.16,3.86,4.02
架空球団用,野手,バント○,青特,野手,53,268,13.62,5.36,-8.26,13.62,5.36
架空球団用,野手,バント職人,青特,野手,7,107,1.8,2.14,0.34,1.8,2.14
架空球団用,野手,パワーヒッター,青特,野手,4,120,1.03,2.4,1.37,1.03,2.4
架空球団用,野手,フル出場,緑特,野手,1,256,0.26,5.12,4.86,0.26,5.12
架空球団用,野手,フレーミング○,青特,野手,0,35,0.0,0.7,0.7,0.0,0.7
架空球団用,野手,フレーミング◎,青特,野手,0,15,0.0,0.3,0.3,0.0,0.3
架空球団用,野手,ブロッキング,青特,野手,0,37,0.0,0.74,0.74,0.0,0.74
架空球団用,野手,プルヒッター,青特,野手,26,187,6.68,3.74,-2.94,6.68,3.74
架空球団用,野手,プレッシャーラン,青特,野手,1,231,0.26,4.62,4.36,0.26,4.62
架空球団用,野手,ヘッドスライディング,青特,野手,39,223,10.03,4.46,-5.57,10.03,4.46
架空球団用,野手,ホーム死守,青特,野手,13,26,3.34,0.52,-2.82,3.34,0.52
架空球団用,野手,ホーム突入,青特,野手,19,213,4.88,4.26,-0.62,4.88,4.26
架空球団用,野手,マルチ弾,青特,野手,18,195,4.63,3.9,-0.73,4.63,3.9
架空球団用,野手,ミート多用,緑特,野手,34,242,8.74,4.84,-3.9,8.74,4.84
架空球団用,野手,ムード×,赤特,共通,0,18,0.0,0.36,0.36,0.0,0.36
架空球団用,野手,ムード○,青特,共通,0,51,0.0,1.02,1.02,0.0,1.02
架空球団用,野手,ラインドライブ,青特,野手,12,235,3.08,4.7,1.62,3.08,4.7
架空球団用,野手,リベンジ,青特,野手,0,228,0.0,4.56,4.56,0.0,4.56
架空球団用,野手,レーザービーム,青特,野手,17,120,4.37,2.4,-1.97,4.37,2.4
架空球団用,野手,ローボールヒッター,青特,野手,10,217,2.57,4.34,1.77,2.57,4.34
架空球団用,野手,三振,赤特,野手,135,370,34.7,7.4,-27.3,34.7,7.4
架空球団用,野手,人気者,緑特,共通,0,129,0.0,2.58,2.58,0.0,2.58
架空球団用,野手,代打○,青特,野手,4,273,1.03,5.46,4.43,1.03,5.46
架空球団用,野手,併殺,赤特,野手,67,317,17.22,6.34,-10.88,17.22,6.34
架空球団用,野手,内野安打○,青特,野手,74,273,19.02,5.46,-13.56,19.02,5.46
架空球団用,野手,初球○,青特,野手,37,277,9.51,5.54,-3.97,9.51,5.54
架空球団用,野手,固め打ち,青特,野手,75,247,19.28,4.94,-14.34,19.28,4.94
架空球団用,野手,国際大会×,赤特,共通,0,67,0.0,1.34,1.34,0.0,1.34
架空球団用,野手,国際大会○,青特,共通,5,90,1.29,1.8,0.51,1.29,1.8
架空球団用,野手,守備職人,青特,野手,11,58,2.83,1.16,-1.67,2.83,1.16
架空球団用,野手,対エース○,青特,野手,0,103,0.0,2.06,2.06,0.0,2.06
架空球団用,野手,対ストレート○,青特,野手,23,250,5.91,5.0,-0.91,5.91,5.0
架空球団用,野手,対変化球○,青特,野手,10,298,2.57,5.96,3.39,2.57,5.96
架空球団用,野手,帳尻合わせ,青特,野手,0,198,0.0,3.96,3.96,0.0,3.96
架空球団用,野手,広角打法,青特,野手,29,107,7.46,2.14,-5.32,7.46,2.14
架空球団用,野手,強振多用,緑特,野手,41,255,10.54,5.1,-5.44,10.54,5.1
架空球団用,野手,悪球打ち,青特,野手,18,137,4.63,2.74,-1.89,4.63,2.74
架空球団用,野手,意外性,青特,野手,24,199,6.17,3.98,-2.19,6.17,3.98
架空球団用,野手,慎重打法,緑特,野手,49,239,12.6,4.78,-7.82,12.6,4.78
架空球団用,野手,慎重盗塁,緑特,野手,40,240,10.28,4.8,-5.48,10.28,4.8
架空球団用,野手,死球集中,青特,野手,34,127,8.74,2.54,-6.2,8.74,2.54
架空球団用,野手,決勝打,青特,野手,51,175,13.11,3.5,-9.61,13.11,3.5
架空球団用,野手,流し打ち,青特,野手,66,256,16.97,5.12,-11.85,16.97,5.12
架空球団用,野手,満塁男,青特,野手,67,211,17.22,4.22,-13.0,17.22,4.22
架空球団用,野手,積極守備,緑特,野手,59,299,15.17,5.98,-9.19,15.17,5.98
架空球団用,野手,積極打法,緑特,野手,89,230,22.88,4.6,-18.28,22.88,4.6
架空球団用,野手,積極盗塁,緑特,野手,49,259,12.6,5.18,-7.42,12.6,5.18
架空球団用,野手,積極走塁,緑特,野手,73,278,18.77,5.56,-13.21,18.77,5.56
架空球団用,野手,窮地○,青特,野手,0,299,0.0,5.98,5.98,0.0,5.98
架空球団用,野手,粘り打ち,青特,野手,27,229,6.94,4.58,-2.36,6.94,4.58
架空球団用,野手,逆境○,青特,野手,30,288,7.71,5.76,-1.95,7.71,5.76
架空球団用,野手,選球眼,緑特,野手,71,238,18.25,4.76,-13.49,18.25,4.76
架空球団用,野手,野手存在感,青特,野手,0,78,0.0,1.56,1.56,0.0,1.56
架空球団用,野手,野手調子安定,緑特,野手,0,226,0.0,4.52,4.52,0.0,4.52
架空球団用,野手,野手調子極端,緑特,野手,0,93,0.0,1.86,1.86,0.0,1.86
架空球団用,野手,高速チャージ,青特,野手,1,244,0.26,4.88,4.62,0.26,4.88
ドラフト候補用,全体,いぶし銀,青特,野手,5,191,0.63,1.91,1.28,0.63,1.91
ドラフト候補用,全体,かく乱,青特,野手,7,187,0.88,1.87,0.99,0.88,1.87
ドラフト候補用,全体,ささやき破り,青特,野手,0,27,0.0,0.27,0.27,0.0,0.27
ドラフト候補用,全体,アウトコースヒッター,青特,野手,9,171,1.14,1.71,0.57,1.14,1.71
ドラフト候補用,全体,アベレージヒッター,青特,野手,3,36,0.38,0.36,-0.02,0.38,0.36
ドラフト候補用,全体,インコースヒッター,青特,野手,30,158,3.79,1.58,-2.21,3.79,1.58
ドラフト候補用,全体,エラー,赤特,野手,43,358,5.44,3.58,-1.86,5.44,3.58
ドラフト候補用,全体,カット打ち,青特,野手,38,158,4.8,1.58,-3.22,4.8,1.58
ドラフト候補用,全体,キレ○,青特,投手,59,142,7.46,1.42,-6.04,7.46,1.42
ドラフト候補用,全体,クロスファイヤー,青特,投手,27,87,3.41,0.87,-2.54,3.41,0.87
ドラフト候補用,全体,ゴロピッチャー,青特,投手,39,143,4.93,1.43,-3.5,4.93,1.43
ドラフト候補用,全体,サヨナラ男,青特,野手,80,135,10.11,1.35,-8.76,10.11,1.35
ドラフト候補用,全体,ジャイロボール,青特,投手,1,96,0.13,0.96,0.83,0.13,0.96
ドラフト候補用,全体,ストライク先行,青特,投手,9,150,1.14,1.5,0.36,1.14,1.5
ドラフト候補用,全体,スロースターター,赤特,投手,45,256,5.69,2.56,-3.13,5.69,2.56
ドラフト候補用,全体,ダメ押し,青特,野手,4,181,0.38,1.81,1.43,0.51,1.81
ドラフト候補用,全体,チャンスメーカー,青特,野手,5,198,0.63,1.98,1.35,0.63,1.98
ドラフト候補用,全体,チームプレイ×,緑特,野手,0,94,0.0,0.94,0.94,0.0,0.94
ドラフト候補用,全体,チームプレイ○,緑特,野手,32,158,3.92,1.58,-2.34,4.05,1.58
ドラフト候補用,全体,テンポ○,緑特,投手,25,264,3.16,2.64,-0.52,3.16,2.64
ドラフト候補用,全体,ナチュラルシュート,青特,投手,47,246,5.94,2.46,-3.48,5.94,2.46
ドラフト候補用,全体,ハイボールヒッター,青特,野手,16,155,1.9,1.55,-0.35,2.02,1.55
ドラフト候補用,全体,バント○,青特,野手,53,223,6.7,2.23,-4.47,6.7,2.23
ドラフト候補用,全体,バント職人,青特,野手,8,98,0.88,0.98,0.1,1.01,0.98
ドラフト候補用,全体,パワーヒッター,青特,野手,4,72,0.51,0.72,0.21,0.51,0.72
ドラフト候補用,全体,フライボールピッチャー,青特,投手,44,96,5.56,0.96,-4.6,5.56,0.96
ドラフト候補用,全体,フル出場,緑特,野手,1,230,0.13,2.3,2.17,0.13,2.3
ドラフト候補用,全体,フレーミング○,青特,野手,0,29,0.0,0.29,0.29,0.0,0.29
ドラフト候補用,全体,フレーミング◎,青特,野手,0,17,0.0,0.17,0.17,0.0,0.17
ドラフト候補用,全体,ブロッキング,青特,野手,0,38,0.0,0.38,0.38,0.0,0.38
ドラフト候補用,全体,プルヒッター,青特,野手,27,141,3.29,1.41,-1.88,3.41,1.41
ドラフト候補用,全体,プレッシャーラン,青特,野手,1,204,0.13,2.04,1.91,0.13,2.04
ドラフト候補用,全体,ヘッドスライディング,青特,野手,40,212,4.93,2.12,-2.81,5.06,2.12
ドラフト候補用,全体,ホーム死守,青特,野手,13,45,1.64,0.45,-1.19,1.64,0.45
ドラフト候補用,全体,ホーム突入,青特,野手,19,165,2.4,1.65,-0.75,2.4,1.65
ドラフト候補用,全体,ボール先行,赤特,投手,0,243,0.0,2.43,2.43,0.0,2.43
ドラフト候補用,全体,ポーカーフェイス,青特,投手,16,112,2.02,1.12,-0.9,2.02,1.12
ドラフト候補用,全体,マルチ弾,青特,野手,18,157,2.28,1.57,-0.71,2.28,1.57
ドラフト候補用,全体,ミート多用,緑特,野手,34,211,4.3,2.11,-2.19,4.3,2.11
ドラフト候補用,全体,ムード×,赤特,共通,0,52,0.0,0.52,0.52,0.0,0.52
ドラフト候補用,全体,ムード○,青特,共通,0,91,0.0,0.91,0.91,0.0,0.91
ドラフト候補用,全体,ラインドライブ,青特,野手,12,178,1.52,1.78,0.26,1.52,1.78
ドラフト候補用,全体,リベンジ,青特,野手,0,175,0.0,1.75,1.75,0.0,1.75
ドラフト候補用,全体,リリース○,青特,投手,123,165,15.55,1.65,-13.9,15.55,1.65
ドラフト候補用,全体,レーザービーム,青特,野手,17,93,2.15,0.93,-1.22,2.15,0.93
ドラフト候補用,全体,ローボールヒッター,青特,野手,10,187,1.26,1.87,0.61,1.26,1.87
ドラフト候補用,全体,一発,赤特,投手,42,197,5.31,1.97,-3.34,5.31,1.97
ドラフト候補用,全体,三振,赤特,野手,135,373,17.07,3.73,-13.34,17.07,3.73
ドラフト候補用,全体,乱調,赤特,投手,15,280,1.9,2.8,0.9,1.9,2.8
ドラフト候補用,全体,人気者,緑特,共通,0,229,0.0,2.29,2.29,0.0,2.29
ドラフト候補用,全体,代打○,青特,野手,4,238,0.51,2.38,1.87,0.51,2.38
ドラフト候補用,全体,低め○,青特,投手,14,130,1.77,1.3,-0.47,1.77,1.3
ドラフト候補用,全体,併殺,赤特,野手,67,258,8.47,2.58,-5.89,8.47,2.58
ドラフト候補用,全体,全開,青特,投手,0,106,0.0,1.06,1.06,0.0,1.06
ドラフト候補用,全体,内角攻め,青特,投手,65,108,8.22,1.08,-7.14,8.22,1.08
ドラフト候補用,全体,内野安打○,青特,野手,75,198,9.36,1.98,-7.38,9.48,1.98
ドラフト候補用,全体,初球○,青特,野手,37,188,4.68,1.88,-2.8,4.68,1.88
ドラフト候補用,全体,力配分,青特,投手,19,93,2.4,0.93,-1.47,2.4,0.93
ドラフト候補用,全体,勝ち運,青特,投手,9,160,1.14,1.6,0.46,1.14,1.6
ドラフト候補用,全体,四球,赤特,投手,113,264,14.29,2.64,-11.65,14.29,2.64
ドラフト候補用,全体,回またぎ○,青特,投手,47,239,5.94,2.39,-3.55,5.94,2.39
ドラフト候補用,全体,固め打ち,青特,野手,75,211,9.48,2.11,-7.37,9.48,2.11
ドラフト候補用,全体,国際大会×,赤特,共通,0,145,0.0,1.45,1.45,0.0,1.45
ドラフト候補用,全体,国際大会○,青特,共通,6,200,0.76,2.0,1.24,0.76,2.0
ドラフト候補用,全体,変化球中心,緑特,投手,50,284,6.32,2.84,-3.48,6.32,2.84
ドラフト候補用,全体,奪三振,青特,投手,116,184,14.66,1.84,-12.82,14.66,1.84
ドラフト候補用,全体,守備職人,青特,野手,12,18,1.39,0.18,-1.21,1.52,0.18
ドラフト候補用,全体,安全圏○,青特,投手,0,222,0.0,2.22,2.22,0.0,2.22
ドラフト候補用,全体,寸前,赤特,投手,14,286,1.77,2.86,1.09,1.77,2.86
ドラフト候補用,全体,対エース○,青特,野手,0,77,0.0,0.77,0.77,0.0,0.77
ドラフト候補用,全体,対ストレート○,青特,野手,23,223,2.91,2.23,-0.68,2.91,2.23
ドラフト候補用,全体,対ランナー,青特,投手,37,183,4.68,1.83,-2.85,4.68,1.83
ドラフト候補用,全体,対ランナー×,赤特,投手,0,216,0.0,2.16,2.16,0.0,2.16
ドラフト候補用,全体,対変化球○,青特,野手,11,237,1.26,2.37,1.11,1.39,2.37
ドラフト候補用,全体,対強打者○,青特,投手,0,78,0.0,0.78,0.78,0.0,0.78
ドラフト候補用,全体,尻上がり,青特,投手,8,243,1.01,2.43,1.42,1.01,2.43
ドラフト候補用,全体,帳尻合わせ,青特,野手,0,174,0.0,1.74,1.74,0.0,1.74
ドラフト候補用,全体,広角打法,青特,野手,29,80,3.67,0.8,-2.87,3.67,0.8
ドラフト候補用,全体,強振多用,緑特,野手,41,259,5.18,2.59,-2.59,5.18,2.59
ドラフト候補用,全体,悪球打ち,青特,野手,18,115,2.28,1.15,-1.13,2.28,1.15
ドラフト候補用,全体,意外性,青特,野手,24,196,3.03,1.96,-1.07,3.03,1.96
ドラフト候補用,全体,慎重打法,緑特,野手,49,266,6.19,2.66,-3.53,6.19,2.66
ドラフト候補用,全体,慎重盗塁,緑特,野手,41,236,5.06,2.36,-2.7,5.18,2.36
ドラフト候補用,全体,打球反応○,青特,投手,33,209,4.17,2.09,-2.08,4.17,2.09
ドラフト候補用,全体,投手存在感,青特,投手,0,65,0.0,0.65,0.65,0.0,0.65
ドラフト候補用,全体,投手調子安定,緑特,投手,0,263,0.0,2.63,2.63,0.0,2.63
ドラフト候補用,全体,投手調子極端,緑特,投手,0,76,0.0,0.76,0.76,0.0,0.76
ドラフト候補用,全体,投打躍動,青特,投手,0,180,0.0,1.8,1.8,0.0,1.8
ドラフト候補用,全体,投球位置右,緑特,投手,5,86,0.63,0.86,0.23,0.63,0.86
ドラフト候補用,全体,投球位置左,緑特,投手,2,108,0.25,1.08,0.83,0.25,1.08
ドラフト候補用,全体,抜け球,赤特,投手,98,319,12.39,3.19,-9.2,12.39,3.19
ドラフト候補用,全体,根性,青特,投手,0,199,0.0,1.99,1.99,0.0,1.99
ドラフト候補用,全体,死球集中,青特,野手,34,101,4.3,1.01,-3.29,4.3,1.01
ドラフト候補用,全体,決勝打,青特,野手,51,176,6.45,1.76,-4.69,6.45,1.76
ドラフト候補用,全体,流し打ち,青特,野手,66,208,8.34,2.08,-6.26,8.34,2.08
ドラフト候補用,全体,満塁男,青特,野手,67,139,8.47,1.39,-7.08,8.47,1.39
ドラフト候補用,全体,火消し,青特,投手,1,163,0.13,1.63,1.5,0.13,1.63
ドラフト候補用,全体,牽制○,青特,投手,56,241,7.08,2.41,-4.67,7.08,2.41
ドラフト候補用,全体,球持ち○,青特,投手,88,104,11.13,1.04,-10.09,11.13,1.04
ドラフト候補用,全体,球速安定,青特,投手,126,250,15.93,2.5,-13.43,15.93,2.5
ドラフト候補用,全体,真っスラ,青特,投手,33,240,4.17,2.4,-1.77,4.17,2.4
ドラフト候補用,全体,短気,赤特,投手,0,232,0.0,2.32,2.32,0.0,2.32
ドラフト候補用,全体,積極守備,緑特,野手,60,255,7.46,2.55,-4.91,7.59,2.55
ドラフト候補用,全体,積極打法,緑特,野手,90,245,11.25,2.45,-8.8,11.38,2.45
ドラフト候補用,全体,積極盗塁,緑特,野手,49,253,6.19,2.53,-3.66,6.19,2.53
ドラフト候補用,全体,積極走塁,緑特,野手,74,290,9.23,2.9,-6.33,9.36,2.9
ドラフト候補用,全体,窮地○,青特,野手,0,216,0.0,2.16,2.16,0.0,2.16
ドラフト候補用,全体,立ち上がり○,青特,投手,0,292,0.0,2.92,2.92,0.0,2.92
ドラフト候補用,全体,粘り打ち,青特,野手,27,196,3.41,1.96,-1.45,3.41,1.96
ドラフト候補用,全体,緊急登板○,青特,投手,33,212,4.17,2.12,-2.05,4.17,2.12
ドラフト候補用,全体,緩急○,青特,投手,53,186,6.7,1.86,-4.84,6.7,1.86
ドラフト候補用,全体,荒れ球,青特,投手,44,232,5.56,2.32,-3.24,5.56,2.32
ドラフト候補用,全体,要所○,青特,投手,18,251,2.28,2.51,0.23,2.28,2.51
ドラフト候補用,全体,負け運,赤特,投手,15,282,1.9,2.82,0.92,1.9,2.82
ドラフト候補用,全体,軽い球,赤特,投手,3,208,0.38,2.08,1.7,0.38,2.08
ドラフト候補用,全体,逃げ球,青特,投手,88,222,11.13,2.22,-8.91,11.13,2.22
ドラフト候補用,全体,逆境○,青特,野手,30,251,3.79,2.51,-1.28,3.79,2.51
ドラフト候補用,全体,速球中心,緑特,投手,42,279,5.31,2.79,-2.52,5.31,2.79
ドラフト候補用,全体,選球眼,緑特,野手,71,240,8.98,2.4,-6.58,8.98,2.4
ドラフト候補用,全体,重い球,青特,投手,0,208,0.0,2.08,2.08,0.0,2.08
ドラフト候補用,全体,野手存在感,青特,野手,0,62,0.0,0.62,0.62,0.0,0.62
ドラフト候補用,全体,野手調子安定,緑特,野手,0,254,0.0,2.54,2.54,0.0,2.54
ドラフト候補用,全体,野手調子極端,緑特,野手,0,112,0.0,1.12,1.12,0.0,1.12
ドラフト候補用,全体,闘志,青特,投手,0,163,0.0,1.63,1.63,0.0,1.63
ドラフト候補用,全体,高速チャージ,青特,野手,1,192,0.13,1.92,1.79,0.13,1.92
ドラフト候補用,投手,キレ○,青特,投手,59,142,14.68,2.84,-11.84,14.68,2.84
ドラフト候補用,投手,クロスファイヤー,青特,投手,27,87,6.72,1.74,-4.98,6.72,1.74
ドラフト候補用,投手,ゴロピッチャー,青特,投手,39,143,9.7,2.86,-6.84,9.7,2.86
ドラフト候補用,投手,ジャイロボール,青特,投手,1,96,0.25,1.92,1.67,0.25,1.92
ドラフト候補用,投手,ストライク先行,青特,投手,9,150,2.24,3.0,0.76,2.24,3.0
ドラフト候補用,投手,スロースターター,赤特,投手,45,256,11.19,5.12,-6.07,11.19,5.12
ドラフト候補用,投手,テンポ○,緑特,投手,25,264,6.22,5.28,-0.94,6.22,5.28
ドラフト候補用,投手,ナチュラルシュート,青特,投手,47,246,11.69,4.92,-6.77,11.69,4.92
ドラフト候補用,投手,フライボールピッチャー,青特,投手,44,96,10.95,1.92,-9.03,10.95,1.92
ドラフト候補用,投手,ボール先行,赤特,投手,0,243,0.0,4.86,4.86,0.0,4.86
ドラフト候補用,投手,ポーカーフェイス,青特,投手,16,112,3.98,2.24,-1.74,3.98,2.24
ドラフト候補用,投手,ムード×,赤特,共通,0,19,0.0,0.38,0.38,0.0,0.38
ドラフト候補用,投手,ムード○,青特,共通,0,42,0.0,0.84,0.84,0.0,0.84
ドラフト候補用,投手,リリース○,青特,投手,123,165,30.6,3.3,-27.3,30.6,3.3
ドラフト候補用,投手,一発,赤特,投手,42,197,10.45,3.94,-6.51,10.45,3.94
ドラフト候補用,投手,乱調,赤特,投手,15,280,3.73,5.6,1.87,3.73,5.6
ドラフト候補用,投手,人気者,緑特,共通,0,97,0.0,1.94,1.94,0.0,1.94
ドラフト候補用,投手,低め○,青特,投手,14,130,3.48,2.6,-0.88,3.48,2.6
ドラフト候補用,投手,全開,青特,投手,0,106,0.0,2.12,2.12,0.0,2.12
ドラフト候補用,投手,内角攻め,青特,投手,65,108,16.17,2.16,-14.01,16.17,2.16
ドラフト候補用,投手,力配分,青特,投手,19,93,4.73,1.86,-2.87,4.73,1.86
ドラフト候補用,投手,勝ち運,青特,投手,9,160,2.24,3.2,0.96,2.24,3.2
ドラフト候補用,投手,四球,赤特,投手,113,264,28.11,5.28,-22.83,28.11,5.28
ドラフト候補用,投手,回またぎ○,青特,投手,47,239,11.69,4.78,-6.91,11.69,4.78
ドラフト候補用,投手,国際大会×,赤特,共通,0,74,0.0,1.48,1.48,0.0,1.48
ドラフト候補用,投手,国際大会○,青特,共通,1,105,0.25,2.1,1.85,0.25,2.1
ドラフト候補用,投手,変化球中心,緑特,投手,50,284,12.44,5.68,-6.76,12.44,5.68
ドラフト候補用,投手,奪三振,青特,投手,116,184,28.86,3.68,-25.18,28.86,3.68
ドラフト候補用,投手,安全圏○,青特,投手,0,222,0.0,4.44,4.44,0.0,4.44
ドラフト候補用,投手,寸前,赤特,投手,14,286,3.48,5.72,2.24,3.48,5.72
ドラフト候補用,投手,対ランナー,青特,投手,37,183,9.2,3.66,-5.54,9.2,3.66
ドラフト候補用,投手,対ランナー×,赤特,投手,0,216,0.0,4.32,4.32,0.0,4.32
ドラフト候補用,投手,対強打者○,青特,投手,0,78,0.0,1.56,1.56,0.0,1.56
ドラフト候補用,投手,尻上がり,青特,投手,8,243,1.99,4.86,2.87,1.99,4.86
ドラフト候補用,投手,打球反応○,青特,投手,33,209,8.21,4.18,-4.03,8.21,4.18
ドラフト候補用,投手,投手存在感,青特,投手,0,65,0.0,1.3,1.3,0.0,1.3
ドラフト候補用,投手,投手調子安定,緑特,投手,0,263,0.0,5.26,5.26,0.0,5.26
ドラフト候補用,投手,投手調子極端,緑特,投手,0,76,0.0,1.52,1.52,0.0,1.52
ドラフト候補用,投手,投打躍動,青特,投手,0,180,0.0,3.6,3.6,0.0,3.6
ドラフト候補用,投手,投球位置右,緑特,投手,5,86,1.24,1.72,0.48,1.24,1.72
ドラフト候補用,投手,投球位置左,緑特,投手,2,108,0.5,2.16,1.66,0.5,2.16
ドラフト候補用,投手,抜け球,赤特,投手,98,319,24.38,6.38,-18.0,24.38,6.38
ドラフト候補用,投手,根性,青特,投手,0,199,0.0,3.98,3.98,0.0,3.98
ドラフト候補用,投手,火消し,青特,投手,1,163,0.25,3.26,3.01,0.25,3.26
ドラフト候補用,投手,牽制○,青特,投手,56,241,13.93,4.82,-9.11,13.93,4.82
ドラフト候補用,投手,球持ち○,青特,投手,88,104,21.89,2.08,-19.81,21.89,2.08
ドラフト候補用,投手,球速安定,青特,投手,126,250,31.34,5.0,-26.34,31.34,5.0
ドラフト候補用,投手,真っスラ,青特,投手,33,240,8.21,4.8,-3.41,8.21,4.8
ドラフト候補用,投手,短気,赤特,投手,0,232,0.0,4.64,4.64,0.0,4.64
ドラフト候補用,投手,立ち上がり○,青特,投手,0,292,0.0,5.84,5.84,0.0,5.84
ドラフト候補用,投手,緊急登板○,青特,投手,33,212,8.21,4.24,-3.97,8.21,4.24
ドラフト候補用,投手,緩急○,青特,投手,53,186,13.18,3.72,-9.46,13.18,3.72
ドラフト候補用,投手,荒れ球,青特,投手,44,232,10.95,4.64,-6.31,10.95,4.64
ドラフト候補用,投手,要所○,青特,投手,18,251,4.48,5.02,0.54,4.48,5.02
ドラフト候補用,投手,負け運,赤特,投手,15,282,3.73,5.64,1.91,3.73,5.64
ドラフト候補用,投手,軽い球,赤特,投手,3,208,0.75,4.16,3.41,0.75,4.16
ドラフト候補用,投手,逃げ球,青特,投手,88,222,21.89,4.44,-17.45,21.89,4.44
ドラフト候補用,投手,速球中心,緑特,投手,42,279,10.45,5.58,-4.87,10.45,5.58
ドラフト候補用,投手,重い球,青特,投手,0,208,0.0,4.16,4.16,0.0,4.16
ドラフト候補用,投手,闘志,青特,投手,0,163,0.0,3.26,3.26,0.0,3.26
ドラフト候補用,野手,いぶし銀,青特,野手,5,191,1.29,3.82,2.53,1.29,3.82
ドラフト候補用,野手,かく乱,青特,野手,7,187,1.8,3.74,1.94,1.8,3.74
ドラフト候補用,野手,ささやき破り,青特,野手,0,27,0.0,0.54,0.54,0.0,0.54
ドラフト候補用,野手,アウトコースヒッター,青特,野手,9,171,2.31,3.42,1.11,2.31,3.42
ドラフト候補用,野手,アベレージヒッター,青特,野手,3,36,0.77,0.72,-0.05,0.77,0.72
ドラフト候補用,野手,インコースヒッター,青特,野手,30,158,7.71,3.16,-4.55,7.71,3.16
ドラフト候補用,野手,エラー,赤特,野手,43,358,11.05,7.16,-3.89,11.05,7.16
ドラフト候補用,野手,カット打ち,青特,野手,38,158,9.77,3.16,-6.61,9.77,3.16
ドラフト候補用,野手,サヨナラ男,青特,野手,80,135,20.57,2.7,-17.87,20.57,2.7
ドラフト候補用,野手,ダメ押し,青特,野手,3,181,0.77,3.62,2.85,0.77,3.62
ドラフト候補用,野手,チャンスメーカー,青特,野手,5,198,1.29,3.96,2.67,1.29,3.96
ドラフト候補用,野手,チームプレイ×,緑特,野手,0,94,0.0,1.88,1.88,0.0,1.88
ドラフト候補用,野手,チームプレイ○,緑特,野手,31,158,7.97,3.16,-4.81,7.97,3.16
ドラフト候補用,野手,ハイボールヒッター,青特,野手,15,155,3.86,3.1,-0.76,3.86,3.1
ドラフト候補用,野手,バント○,青特,野手,53,223,13.62,4.46,-9.16,13.62,4.46
ドラフト候補用,野手,バント職人,青特,野手,7,98,1.8,1.96,0.16,1.8,1.96
ドラフト候補用,野手,パワーヒッター,青特,野手,4,72,1.03,1.44,0.41,1.03,1.44
ドラフト候補用,野手,フル出場,緑特,野手,1,230,0.26,4.6,4.34,0.26,4.6
ドラフト候補用,野手,フレーミング○,青特,野手,0,29,0.0,0.58,0.58,0.0,0.58
ドラフト候補用,野手,フレーミング◎,青特,野手,0,17,0.0,0.34,0.34,0.0,0.34
ドラフト候補用,野手,ブロッキング,青特,野手,0,38,0.0,0.76,0.76,0.0,0.76
ドラフト候補用,野手,プルヒッター,青特,野手,26,141,6.68,2.82,-3.86,6.68,2.82
ドラフト候補用,野手,プレッシャーラン,青特,野手,1,204,0.26,4.08,3.82,0.26,4.08
ドラフト候補用,野手,ヘッドスライディング,青特,野手,39,212,10.03,4.24,-5.79,10.03,4.24
ドラフト候補用,野手,ホーム死守,青特,野手,13,45,3.34,0.9,-2.44,3.34,0.9
ドラフト候補用,野手,ホーム突入,青特,野手,19,165,4.88,3.3,-1.58,4.88,3.3
ドラフト候補用,野手,マルチ弾,青特,野手,18,157,4.63,3.14,-1.49,4.63,3.14
ドラフト候補用,野手,ミート多用,緑特,野手,34,211,8.74,4.22,-4.52,8.74,4.22
ドラフト候補用,野手,ムード×,赤特,共通,0,33,0.0,0.66,0.66,0.0,0.66
ドラフト候補用,野手,ムード○,青特,共通,0,49,0.0,0.98,0.98,0.0,0.98
ドラフト候補用,野手,ラインドライブ,青特,野手,12,178,3.08,3.56,0.48,3.08,3.56
ドラフト候補用,野手,リベンジ,青特,野手,0,175,0.0,3.5,3.5,0.0,3.5
ドラフト候補用,野手,レーザービーム,青特,野手,17,93,4.37,1.86,-2.51,4.37,1.86
ドラフト候補用,野手,ローボールヒッター,青特,野手,10,187,2.57,3.74,1.17,2.57,3.74
ドラフト候補用,野手,三振,赤特,野手,135,373,34.7,7.46,-27.24,34.7,7.46
ドラフト候補用,野手,人気者,緑特,共通,0,132,0.0,2.64,2.64,0.0,2.64
ドラフト候補用,野手,代打○,青特,野手,4,238,1.03,4.76,3.73,1.03,4.76
ドラフト候補用,野手,併殺,赤特,野手,67,258,17.22,5.16,-12.06,17.22,5.16
ドラフト候補用,野手,内野安打○,青特,野手,74,198,19.02,3.96,-15.06,19.02,3.96
ドラフト候補用,野手,初球○,青特,野手,37,188,9.51,3.76,-5.75,9.51,3.76
ドラフト候補用,野手,固め打ち,青特,野手,75,211,19.28,4.22,-15.06,19.28,4.22
ドラフト候補用,野手,国際大会×,赤特,共通,0,71,0.0,1.42,1.42,0.0,1.42
ドラフト候補用,野手,国際大会○,青特,共通,5,95,1.29,1.9,0.61,1.29,1.9
ドラフト候補用,野手,守備職人,青特,野手,11,18,2.83,0.36,-2.47,2.83,0.36
ドラフト候補用,野手,対エース○,青特,野手,0,77,0.0,1.54,1.54,0.0,1.54
ドラフト候補用,野手,対ストレート○,青特,野手,23,223,5.91,4.46,-1.45,5.91,4.46
ドラフト候補用,野手,対変化球○,青特,野手,10,237,2.57,4.74,2.17,2.57,4.74
ドラフト候補用,野手,帳尻合わせ,青特,野手,0,174,0.0,3.48,3.48,0.0,3.48
ドラフト候補用,野手,広角打法,青特,野手,29,80,7.46,1.6,-5.86,7.46,1.6
ドラフト候補用,野手,強振多用,緑特,野手,41,259,10.54,5.18,-5.36,10.54,5.18
ドラフト候補用,野手,悪球打ち,青特,野手,18,115,4.63,2.3,-2.33,4.63,2.3
ドラフト候補用,野手,意外性,青特,野手,24,196,6.17,3.92,-2.25,6.17,3.92
ドラフト候補用,野手,慎重打法,緑特,野手,49,266,12.6,5.32,-7.28,12.6,5.32
ドラフト候補用,野手,慎重盗塁,緑特,野手,40,236,10.28,4.72,-5.56,10.28,4.72
ドラフト候補用,野手,死球集中,青特,野手,34,101,8.74,2.02,-6.72,8.74,2.02
ドラフト候補用,野手,決勝打,青特,野手,51,176,13.11,3.52,-9.59,13.11,3.52
ドラフト候補用,野手,流し打ち,青特,野手,66,208,16.97,4.16,-12.81,16.97,4.16
ドラフト候補用,野手,満塁男,青特,野手,67,139,17.22,2.78,-14.44,17.22,2.78
ドラフト候補用,野手,積極守備,緑特,野手,59,255,15.17,5.1,-10.07,15.17,5.1
ドラフト候補用,野手,積極打法,緑特,野手,89,245,22.88,4.9,-17.98,22.88,4.9
ドラフト候補用,野手,積極盗塁,緑特,野手,49,253,12.6,5.06,-7.54,12.6,5.06
ドラフト候補用,野手,積極走塁,緑特,野手,73,290,18.77,5.8,-12.97,18.77,5.8
ドラフト候補用,野手,窮地○,青特,野手,0,216,0.0,4.32,4.32,0.0,4.32
ドラフト候補用,野手,粘り打ち,青特,野手,27,196,6.94,3.92,-3.02,6.94,3.92
ドラフト候補用,野手,逆境○,青特,野手,30,251,7.71,5.02,-2.69,7.71,5.02
ドラフト候補用,野手,選球眼,緑特,野手,71,240,18.25,4.8,-13.45,18.25,4.8
ドラフト候補用,野手,野手存在感,青特,野手,0,62,0.0,1.24,1.24,0.0,1.24
ドラフト候補用,野手,野手調子安定,緑特,野手,0,254,0.0,5.08,5.08,0.0,5.08
ドラフト候補用,野手,野手調子極端,緑特,野手,0,112,0.0,2.24,2.24,0.0,2.24
ドラフト候補用,野手,高速チャージ,青特,野手,1,192,0.26,3.84,3.58,0.26,3.84
助っ人外国人用,全体,いぶし銀,青特,野手,5,259,0.63,2.59,1.96,0.63,2.59
助っ人外国人用,全体,かく乱,青特,野手,7,241,0.88,2.41,1.53,0.88,2.41
助っ人外国人用,全体,ささやき破り,青特,野手,0,31,0.0,0.31,0.31,0.0,0.31
助っ人外国人用,全体,アウトコースヒッター,青特,野手,9,226,1.14,2.26,1.12,1.14,2.26
助っ人外国人用,全体,アベレージヒッター,青特,野手,3,59,0.38,0.59,0.21,0.38,0.59
助っ人外国人用,全体,インコースヒッター,青特,野手,30,254,3.79,2.54,-1.25,3.79,2.54
助っ人外国人用,全体,エラー,赤特,野手,43,434,5.44,4.34,-1.1,5.44,4.34
助っ人外国人用,全体,カット打ち,青特,野手,38,245,4.8,2.45,-2.35,4.8,2.45
助っ人外国人用,全体,キレ○,青特,投手,59,198,7.46,1.98,-5.48,7.46,1.98
助っ人外国人用,全体,クロスファイヤー,青特,投手,27,117,3.41,1.17,-2.24,3.41,1.17
助っ人外国人用,全体,ゴロピッチャー,青特,投手,39,190,4.93,1.9,-3.03,4.93,1.9
助っ人外国人用,全体,サヨナラ男,青特,野手,80,327,10.11,3.27,-6.84,10.11,3.27
助っ人外国人用,全体,ジャイロボール,青特,投手,1,173,0.13,1.73,1.6,0.13,1.73
助っ人外国人用,全体,ストライク先行,青特,投手,9,209,1.14,2.09,0.95,1.14,2.09
助っ人外国人用,全体,スロースターター,赤特,投手,45,352,5.69,3.52,-2.17,5.69,3.52
助っ人外国人用,全体,ダメ押し,青特,野手,4,244,0.38,2.44,2.06,0.51,2.44
助っ人外国人用,全体,チャンスメーカー,青特,野手,5,217,0.63,2.17,1.54,0.63,2.17
助っ人外国人用,全体,チームプレイ×,緑特,野手,0,165,0.0,1.65,1.65,0.0,1.65
助っ人外国人用,全体,チームプレイ○,緑特,野手,32,250,3.92,2.5,-1.42,4.05,2.5
助っ人外国人用,全体,テンポ○,緑特,投手,25,333,3.16,3.33,0.17,3.16,3.33
助っ人外国人用,全体,ナチュラルシュート,青特,投手,47,351,5.94,3.51,-2.43,5.94,3.51
助っ人外国人用,全体,ハイボールヒッター,青特,野手,16,227,1.9,2.27,0.37,2.02,2.27
助っ人外国人用,全体,バント○,青特,野手,53,359,6.7,3.59,-3.11,6.7,3.59
助っ人外国人用,全体,バント職人,青特,野手,8,146,0.88,1.46,0.58,1.01,1.46
助っ人外国人用,全体,パワーヒッター,青特,野手,4,182,0.51,1.82,1.31,0.51,1.82
助っ人外国人用,全体,フライボールピッチャー,青特,投手,44,152,5.56,1.52,-4.04,5.56,1.52
助っ人外国人用,全体,フル出場,緑特,野手,1,312,0.13,3.12,2.99,0.13,3.12
助っ人外国人用,全体,フレーミング○,青特,野手,0,25,0.0,0.25,0.25,0.0,0.25
助っ人外国人用,全体,フレーミング◎,青特,野手,0,7,0.0,0.07,0.07,0.0,0.07
助っ人外国人用,全体,ブロッキング,青特,野手,0,29,0.0,0.29,0.29,0.0,0.29
助っ人外国人用,全体,プルヒッター,青特,野手,27,321,3.29,3.21,-0.08,3.41,3.21
助っ人外国人用,全体,プレッシャーラン,青特,野手,1,261,0.13,2.61,2.48,0.13,2.61
助っ人外国人用,全体,ヘッドスライディング,青特,野手,40,253,4.93,2.53,-2.4,5.06,2.53
助っ人外国人用,全体,ホーム死守,青特,野手,13,34,1.64,0.34,-1.3,1.64,0.34
助っ人外国人用,全体,ホーム突入,青特,野手,19,263,2.4,2.63,0.23,2.4,2.63
助っ人外国人用,全体,ボール先行,赤特,投手,0,300,0.0,3.0,3.0,0.0,3.0
助っ人外国人用,全体,ポーカーフェイス,青特,投手,16,146,2.02,1.46,-0.56,2.02,1.46
助っ人外国人用,全体,マルチ弾,青特,野手,18,315,2.28,3.15,0.87,2.28,3.15
助っ人外国人用,全体,ミート多用,緑特,野手,34,300,4.3,3.0,-1.3,4.3,3.0
助っ人外国人用,全体,ムード×,赤特,共通,0,129,0.0,1.29,1.29,0.0,1.29
助っ人外国人用,全体,ムード○,青特,共通,0,195,0.0,1.95,1.95,0.0,1.95
助っ人外国人用,全体,ラインドライブ,青特,野手,12,240,1.52,2.4,0.88,1.52,2.4
助っ人外国人用,全体,リベンジ,青特,野手,0,238,0.0,2.38,2.38,0.0,2.38
助っ人外国人用,全体,リリース○,青特,投手,123,206,15.55,2.06,-13.49,15.55,2.06
助っ人外国人用,全体,レーザービーム,青特,野手,17,172,2.15,1.72,-0.43,2.15,1.72
助っ人外国人用,全体,ローボールヒッター,青特,野手,10,245,1.26,2.45,1.19,1.26,2.45
助っ人外国人用,全体,一発,赤特,投手,42,186,5.31,1.86,-3.45,5.31,1.86
助っ人外国人用,全体,三振,赤特,野手,135,429,17.07,4.29,-12.78,17.07,4.29
助っ人外国人用,全体,乱調,赤特,投手,15,414,1.9,4.14,2.24,1.9,4.14
助っ人外国人用,全体,人気者,緑特,共通,0,365,0.0,3.65,3.65,0.0,3.65
助っ人外国人用,全体,代打○,青特,野手,4,342,0.51,3.42,2.91,0.51,3.42
助っ人外国人用,全体,低め○,青特,投手,14,188,1.77,1.88,0.11,1.77,1.88
助っ人外国人用,全体,併殺,赤特,野手,67,317,8.47,3.17,-5.3,8.47,3.17
助っ人外国人用,全体,全開,青特,投手,0,136,0.0,1.36,1.36,0.0,1.36
助っ人外国人用,全体,内角攻め,青特,投手,65,164,8.22,1.64,-6.58,8.22,1.64
助っ人外国人用,全体,内野安打○,青特,野手,75,317,9.36,3.17,-6.19,9.48,3.17
助っ人外国人用,全体,初球○,青特,野手,37,383,4.68,3.83,-0.85,4.68,3.83
助っ人外国人用,全体,力配分,青特,投手,19,135,2.4,1.35,-1.05,2.4,1.35
助っ人外国人用,全体,勝ち運,青特,投手,9,228,1.14,2.28,1.14,1.14,2.28
助っ人外国人用,全体,四球,赤特,投手,113,373,14.29,3.73,-10.56,14.29,3.73
助っ人外国人用,全体,回またぎ○,青特,投手,47,310,5.94,3.1,-2.84,5.94,3.1
助っ人外国人用,全体,固め打ち,青特,野手,75,317,9.48,3.17,-6.31,9.48,3.17
助っ人外国人用,全体,国際大会×,赤特,共通,0,415,0.0,4.15,4.15,0.0,4.15
助っ人外国人用,全体,国際大会○,青特,共通,6,501,0.76,5.01,4.25,0.76,5.01
助っ人外国人用,全体,変化球中心,緑特,投手,50,385,6.32,3.85,-2.47,6.32,3.85
助っ人外国人用,全体,奪三振,青特,投手,116,291,14.66,2.91,-11.75,14.66,2.91
助っ人外国人用,全体,守備職人,青特,野手,12,54,1.39,0.54,-0.85,1.52,0.54
助っ人外国人用,全体,安全圏○,青特,投手,0,344,0.0,3.44,3.44,0.0,3.44
助っ人外国人用,全体,寸前,赤特,投手,14,285,1.77,2.85,1.08,1.77,2.85
助っ人外国人用,全体,対エース○,青特,野手,0,126,0.0,1.26,1.26,0.0,1.26
助っ人外国人用,全体,対ストレート○,青特,野手,23,317,2.91,3.17,0.26,2.91,3.17
助っ人外国人用,全体,対ランナー,青特,投手,37,236,4.68,2.36,-2.32,4.68,2.36
助っ人外国人用,全体,対ランナー×,赤特,投手,0,242,0.0,2.42,2.42,0.0,2.42
助っ人外国人用,全体,対変化球○,青特,野手,11,311,1.26,3.11,1.85,1.39,3.11
助っ人外国人用,全体,対強打者○,青特,投手,0,100,0.0,1.0,1.0,0.0,1.0
助っ人外国人用,全体,尻上がり,青特,投手,8,276,1.01,2.76,1.75,1.01,2.76
助っ人外国人用,全体,帳尻合わせ,青特,野手,0,257,0.0,2.57,2.57,0.0,2.57
助っ人外国人用,全体,広角打法,青特,野手,29,159,3.67,1.59,-2.08,3.67,1.59
助っ人外国人用,全体,強振多用,緑特,野手,41,344,5.18,3.44,-1.74,5.18,3.44
助っ人外国人用,全体,悪球打ち,青特,野手,18,145,2.28,1.45,-0.83,2.28,1.45
助っ人外国人用,全体,意外性,青特,野手,24,244,3.03,2.44,-0.59,3.03,2.44
助っ人外国人用,全体,慎重打法,緑特,野手,49,335,6.19,3.35,-2.84,6.19,3.35
助っ人外国人用,全体,慎重盗塁,緑特,野手,41,304,5.06,3.04,-2.02,5.18,3.04
助っ人外国人用,全体,打球反応○,青特,投手,33,297,4.17,2.97,-1.2,4.17,2.97
助っ人外国人用,全体,投手存在感,青特,投手,0,86,0.0,0.86,0.86,0.0,0.86
助っ人外国人用,全体,投手調子安定,緑特,投手,0,339,0.0,3.39,3.39,0.0,3.39
助っ人外国人用,全体,投手調子極端,緑特,投手,0,158,0.0,1.58,1.58,0.0,1.58
助っ人外国人用,全体,投打躍動,青特,投手,0,244,0.0,2.44,2.44,0.0,2.44
助っ人外国人用,全体,投球位置右,緑特,投手,5,162,0.63,1.62,0.99,0.63,1.62
助っ人外国人用,全体,投球位置左,緑特,投手,2,168,0.25,1.68,1.43,0.25,1.68
助っ人外国人用,全体,抜け球,赤特,投手,98,340,12.39,3.4,-8.99,12.39,3.4
助っ人外国人用,全体,根性,青特,投手,0,269,0.0,2.69,2.69,0.0,2.69
助っ人外国人用,全体,死球集中,青特,野手,34,162,4.3,1.62,-2.68,4.3,1.62
助っ人外国人用,全体,決勝打,青特,野手,51,268,6.45,2.68,-3.77,6.45,2.68
助っ人外国人用,全体,流し打ち,青特,野手,66,318,8.34,3.18,-5.16,8.34,3.18
助っ人外国人用,全体,満塁男,青特,野手,67,295,8.47,2.95,-5.52,8.47,2.95
助っ人外国人用,全体,火消し,青特,投手,1,238,0.13,2.38,2.25,0.13,2.38
助っ人外国人用,全体,牽制○,青特,投手,56,349,7.08,3.49,-3.59,7.08,3.49
助っ人外国人用,全体,球持ち○,青特,投手,88,145,11.13,1.45,-9.68,11.13,1.45
助っ人外国人用,全体,球速安定,青特,投手,126,358,15.93,3.58,-12.35,15.93,3.58
助っ人外国人用,全体,真っスラ,青特,投手,33,350,4.17,3.5,-0.67,4.17,3.5
助っ人外国人用,全体,短気,赤特,投手,0,287,0.0,2.87,2.87,0.0,2.87
助っ人外国人用,全体,積極守備,緑特,野手,60,318,7.46,3.18,-4.28,7.59,3.18
助っ人外国人用,全体,積極打法,緑特,野手,90,340,11.25,3.4,-7.85,11.38,3.4
助っ人外国人用,全体,積極盗塁,緑特,野手,49,360,6.19,3.6,-2.59,6.19,3.6
助っ人外国人用,全体,積極走塁,緑特,野手,74,351,9.23,3.51,-5.72,9.36,3.51
助っ人外国人用,全体,窮地○,青特,野手,0,327,0.0,3.27,3.27,0.0,3.27
助っ人外国人用,全体,立ち上がり○,青特,投手,0,392,0.0,3.92,3.92,0.0,3.92
助っ人外国人用,全体,粘り打ち,青特,野手,27,298,3.41,2.98,-0.43,3.41,2.98
助っ人外国人用,全体,緊急登板○,青特,投手,33,335,4.17,3.35,-0.82,4.17,3.35
助っ人外国人用,全体,緩急○,青特,投手,53,213,6.7,2.13,-4.57,6.7,2.13
助っ人外国人用,全体,荒れ球,青特,投手,44,235,5.56,2.35,-3.21,5.56,2.35
助っ人外国人用,全体,要所○,青特,投手,18,327,2.28,3.27,0.99,2.28,3.27
助っ人外国人用,全体,負け運,赤特,投手,15,323,1.9,3.23,1.33,1.9,3.23
助っ人外国人用,全体,軽い球,赤特,投手,3,196,0.38,1.96,1.58,0.38,1.96
助っ人外国人用,全体,逃げ球,青特,投手,88,289,11.13,2.89,-8.24,11.13,2.89
助っ人外国人用,全体,逆境○,青特,野手,30,332,3.79,3.32,-0.47,3.79,3.32
助っ人外国人用,全体,速球中心,緑特,投手,42,408,5.31,4.08,-1.23,5.31,4.08
助っ人外国人用,全体,選球眼,緑特,野手,71,327,8.98,3.27,-5.71,8.98,3.27
助っ人外国人用,全体,重い球,青特,投手,0,327,0.0,3.27,3.27,0.0,3.27
助っ人外国人用,全体,野手存在感,青特,野手,0,142,0.0,1.42,1.42,0.0,1.42
助っ人外国人用,全体,野手調子安定,緑特,野手,0,354,0.0,3.54,3.54,0.0,3.54
助っ人外国人用,全体,野手調子極端,緑特,野手,0,156,0.0,1.56,1.56,0.0,1.56
助っ人外国人用,全体,闘志,青特,投手,0,245,0.0,2.45,2.45,0.0,2.45
助っ人外国人用,全体,高速チャージ,青特,野手,1,254,0.13,2.54,2.41,0.13,2.54
助っ人外国人用,投手,キレ○,青特,投手,59,198,14.68,3.96,-10.72,14.68,3.96
助っ人外国人用,投手,クロスファイヤー,青特,投手,27,117,6.72,2.34,-4.38,6.72,2.34
助っ人外国人用,投手,ゴロピッチャー,青特,投手,39,190,9.7,3.8,-5.9,9.7,3.8
助っ人外国人用,投手,ジャイロボール,青特,投手,1,173,0.25,3.46,3.21,0.25,3.46
助っ人外国人用,投手,ストライク先行,青特,投手,9,209,2.24,4.18,1.94,2.24,4.18
助っ人外国人用,投手,スロースターター,赤特,投手,45,352,11.19,7.04,-4.15,11.19,7.04
助っ人外国人用,投手,テンポ○,緑特,投手,25,333,6.22,6.66,0.44,6.22,6.66
助っ人外国人用,投手,ナチュラルシュート,青特,投手,47,351,11.69,7.02,-4.67,11.69,7.02
助っ人外国人用,投手,フライボールピッチャー,青特,投手,44,152,10.95,3.04,-7.91,10.95,3.04
助っ人外国人用,投手,ボール先行,赤特,投手,0,300,0.0,6.0,6.0,0.0,6.0
助っ人外国人用,投手,ポーカーフェイス,青特,投手,16,146,3.98,2.92,-1.06,3.98,2.92
助っ人外国人用,投手,ムード×,赤特,共通,0,51,0.0,1.02,1.02,0.0,1.02
助っ人外国人用,投手,ムード○,青特,共通,0,98,0.0,1.96,1.96,0.0,1.96
助っ人外国人用,投手,リリース○,青特,投手,123,206,30.6,4.12,-26.48,30.6,4.12
助っ人外国人用,投手,一発,赤特,投手,42,186,10.45,3.72,-6.73,10.45,3.72
助っ人外国人用,投手,乱調,赤特,投手,15,414,3.73,8.28,4.55,3.73,8.28
助っ人外国人用,投手,人気者,緑特,共通,0,183,0.0,3.66,3.66,0.0,3.66
助っ人外国人用,投手,低め○,青特,投手,14,188,3.48,3.76,0.28,3.48,3.76
助っ人外国人用,投手,全開,青特,投手,0,136,0.0,2.72,2.72,0.0,2.72
助っ人外国人用,投手,内角攻め,青特,投手,65,164,16.17,3.28,-12.89,16.17,3.28
助っ人外国人用,投手,力配分,青特,投手,19,135,4.73,2.7,-2.03,4.73,2.7
助っ人外国人用,投手,勝ち運,青特,投手,9,228,2.24,4.56,2.32,2.24,4.56
助っ人外国人用,投手,四球,赤特,投手,113,373,28.11,7.46,-20.65,28.11,7.46
助っ人外国人用,投手,回またぎ○,青特,投手,47,310,11.69,6.2,-5.49,11.69,6.2
助っ人外国人用,投手,国際大会×,赤特,共通,0,199,0.0,3.98,3.98,0.0,3.98
助っ人外国人用,投手,国際大会○,青特,共通,1,258,0.25,5.16,4.91,0.25,5.16
助っ人外国人用,投手,変化球中心,緑特,投手,50,385,12.44,7.7,-4.74,12.44,7.7
助っ人外国人用,投手,奪三振,青特,投手,116,291,28.86,5.82,-23.04,28.86,5.82
助っ人外国人用,投手,安全圏○,青特,投手,0,344,0.0,6.88,6.88,0.0,6.88
助っ人外国人用,投手,寸前,赤特,投手,14,285,3.48,5.7,2.22,3.48,5.7
助っ人外国人用,投手,対ランナー,青特,投手,37,236,9.2,4.72,-4.48,9.2,4.72
助っ人外国人用,投手,対ランナー×,赤特,投手,0,242,0.0,4.84,4.84,0.0,4.84
助っ人外国人用,投手,対強打者○,青特,投手,0,100,0.0,2.0,2.0,0.0,2.0
助っ人外国人用,投手,尻上がり,青特,投手,8,276,1.99,5.52,3.53,1.99,5.52
助っ人外国人用,投手,打球反応○,青特,投手,33,297,8.21,5.94,-2.27,8.21,5.94
助っ人外国人用,投手,投手存在感,青特,投手,0,86,0.0,1.72,1.72,0.0,1.72
助っ人外国人用,投手,投手調子安定,緑特,投手,0,339,0.0,6.78,6.78,0.0,6.78
助っ人外国人用,投手,投手調子極端,緑特,投手,0,158,0.0,3.16,3.16,0.0,3.16
助っ人外国人用,投手,投打躍動,青特,投手,0,244,0.0,4.88,4.88,0.0,4.88
助っ人外国人用,投手,投球位置右,緑特,投手,5,162,1.24,3.24,2.0,1.24,3.24
助っ人外国人用,投手,投球位置左,緑特,投手,2,168,0.5,3.36,2.86,0.5,3.36
助っ人外国人用,投手,抜け球,赤特,投手,98,340,24.38,6.8,-17.58,24.38,6.8
助っ人外国人用,投手,根性,青特,投手,0,269,0.0,5.38,5.38,0.0,5.38
助っ人外国人用,投手,火消し,青特,投手,1,238,0.25,4.76,4.51,0.25,4.76
助っ人外国人用,投手,牽制○,青特,投手,56,349,13.93,6.98,-6.95,13.93,6.98
助っ人外国人用,投手,球持ち○,青特,投手,88,145,21.89,2.9,-18.99,21.89,2.9
助っ人外国人用,投手,球速安定,青特,投手,126,358,31.34,7.16,-24.18,31.34,7.16
助っ人外国人用,投手,真っスラ,青特,投手,33,350,8.21,7.0,-1.21,8.21,7.0
助っ人外国人用,投手,短気,赤特,投手,0,287,0.0,5.74,5.74,0.0,5.74
助っ人外国人用,投手,立ち上がり○,青特,投手,0,392,0.0,7.84,7.84,0.0,7.84
助っ人外国人用,投手,緊急登板○,青特,投手,33,335,8.21,6.7,-1.51,8.21,6.7
助っ人外国人用,投手,緩急○,青特,投手,53,213,13.18,4.26,-8.92,13.18,4.26
助っ人外国人用,投手,荒れ球,青特,投手,44,235,10.95,4.7,-6.25,10.95,4.7
助っ人外国人用,投手,要所○,青特,投手,18,327,4.48,6.54,2.06,4.48,6.54
助っ人外国人用,投手,負け運,赤特,投手,15,323,3.73,6.46,2.73,3.73,6.46
助っ人外国人用,投手,軽い球,赤特,投手,3,196,0.75,3.92,3.17,0.75,3.92
助っ人外国人用,投手,逃げ球,青特,投手,88,289,21.89,5.78,-16.11,21.89,5.78
助っ人外国人用,投手,速球中心,緑特,投手,42,408,10.45,8.16,-2.29,10.45,8.16
助っ人外国人用,投手,重い球,青特,投手,0,327,0.0,6.54,6.54,0.0,6.54
助っ人外国人用,投手,闘志,青特,投手,0,245,0.0,4.9,4.9,0.0,4.9
助っ人外国人用,野手,いぶし銀,青特,野手,5,259,1.29,5.18,3.89,1.29,5.18
助っ人外国人用,野手,かく乱,青特,野手,7,241,1.8,4.82,3.02,1.8,4.82
助っ人外国人用,野手,ささやき破り,青特,野手,0,31,0.0,0.62,0.62,0.0,0.62
助っ人外国人用,野手,アウトコースヒッター,青特,野手,9,226,2.31,4.52,2.21,2.31,4.52
助っ人外国人用,野手,アベレージヒッター,青特,野手,3,59,0.77,1.18,0.41,0.77,1.18
助っ人外国人用,野手,インコースヒッター,青特,野手,30,254,7.71,5.08,-2.63,7.71,5.08
助っ人外国人用,野手,エラー,赤特,野手,43,434,11.05,8.68,-2.37,11.05,8.68
助っ人外国人用,野手,カット打ち,青特,野手,38,245,9.77,4.9,-4.87,9.77,4.9
助っ人外国人用,野手,サヨナラ男,青特,野手,80,327,20.57,6.54,-14.03,20.57,6.54
助っ人外国人用,野手,ダメ押し,青特,野手,3,244,0.77,4.88,4.11,0.77,4.88
助っ人外国人用,野手,チャンスメーカー,青特,野手,5,217,1.29,4.34,3.05,1.29,4.34
助っ人外国人用,野手,チームプレイ×,緑特,野手,0,165,0.0,3.3,3.3,0.0,3.3
助っ人外国人用,野手,チームプレイ○,緑特,野手,31,250,7.97,5.0,-2.97,7.97,5.0
助っ人外国人用,野手,ハイボールヒッター,青特,野手,15,227,3.86,4.54,0.68,3.86,4.54
助っ人外国人用,野手,バント○,青特,野手,53,359,13.62,7.18,-6.44,13.62,7.18
助っ人外国人用,野手,バント職人,青特,野手,7,146,1.8,2.92,1.12,1.8,2.92
助っ人外国人用,野手,パワーヒッター,青特,野手,4,182,1.03,3.64,2.61,1.03,3.64
助っ人外国人用,野手,フル出場,緑特,野手,1,312,0.26,6.24,5.98,0.26,6.24
助っ人外国人用,野手,フレーミング○,青特,野手,0,25,0.0,0.5,0.5,0.0,0.5
助っ人外国人用,野手,フレーミング◎,青特,野手,0,7,0.0,0.14,0.14,0.0,0.14
助っ人外国人用,野手,ブロッキング,青特,野手,0,29,0.0,0.58,0.58,0.0,0.58
助っ人外国人用,野手,プルヒッター,青特,野手,26,321,6.68,6.42,-0.26,6.68,6.42
助っ人外国人用,野手,プレッシャーラン,青特,野手,1,261,0.26,5.22,4.96,0.26,5.22
助っ人外国人用,野手,ヘッドスライディング,青特,野手,39,253,10.03,5.06,-4.97,10.03,5.06
助っ人外国人用,野手,ホーム死守,青特,野手,13,34,3.34,0.68,-2.66,3.34,0.68
助っ人外国人用,野手,ホーム突入,青特,野手,19,263,4.88,5.26,0.38,4.88,5.26
助っ人外国人用,野手,マルチ弾,青特,野手,18,315,4.63,6.3,1.67,4.63,6.3
助っ人外国人用,野手,ミート多用,緑特,野手,34,300,8.74,6.0,-2.74,8.74,6.0
助っ人外国人用,野手,ムード×,赤特,共通,0,78,0.0,1.56,1.56,0.0,1.56
助っ人外国人用,野手,ムード○,青特,共通,0,97,0.0,1.94,1.94,0.0,1.94
助っ人外国人用,野手,ラインドライブ,青特,野手,12,240,3.08,4.8,1.72,3.08,4.8
助っ人外国人用,野手,リベンジ,青特,野手,0,238,0.0,4.76,4.76,0.0,4.76
助っ人外国人用,野手,レーザービーム,青特,野手,17,172,4.37,3.44,-0.93,4.37,3.44
助っ人外国人用,野手,ローボールヒッター,青特,野手,10,245,2.57,4.9,2.33,2.57,4.9
助っ人外国人用,野手,三振,赤特,野手,135,429,34.7,8.58,-26.12,34.7,8.58
助っ人外国人用,野手,人気者,緑特,共通,0,182,0.0,3.64,3.64,0.0,3.64
助っ人外国人用,野手,代打○,青特,野手,4,342,1.03,6.84,5.81,1.03,6.84
助っ人外国人用,野手,併殺,赤特,野手,67,317,17.22,6.34,-10.88,17.22,6.34
助っ人外国人用,野手,内野安打○,青特,野手,74,317,19.02,6.34,-12.68,19.02,6.34
助っ人外国人用,野手,初球○,青特,野手,37,383,9.51,7.66,-1.85,9.51,7.66
助っ人外国人用,野手,固め打ち,青特,野手,75,317,19.28,6.34,-12.94,19.28,6.34
助っ人外国人用,野手,国際大会×,赤特,共通,0,216,0.0,4.32,4.32,0.0,4.32
助っ人外国人用,野手,国際大会○,青特,共通,5,243,1.29,4.86,3.57,1.29,4.86
助っ人外国人用,野手,守備職人,青特,野手,11,54,2.83,1.08,-1.75,2.83,1.08
助っ人外国人用,野手,対エース○,青特,野手,0,126,0.0,2.52,2.52,0.0,2.52
助っ人外国人用,野手,対ストレート○,青特,野手,23,317,5.91,6.34,0.43,5.91,6.34
助っ人外国人用,野手,対変化球○,青特,野手,10,311,2.57,6.22,3.65,2.57,6.22
助っ人外国人用,野手,帳尻合わせ,青特,野手,0,257,0.0,5.14,5.14,0.0,5.14
助っ人外国人用,野手,広角打法,青特,野手,29,159,7.46,3.18,-4.28,7.46,3.18
助っ人外国人用,野手,強振多用,緑特,野手,41,344,10.54,6.88,-3.66,10.54,6.88
助っ人外国人用,野手,悪球打ち,青特,野手,18,145,4.63,2.9,-1.73,4.63,2.9
助っ人外国人用,野手,意外性,青特,野手,24,244,6.17,4.88,-1.29,6.17,4.88
助っ人外国人用,野手,慎重打法,緑特,野手,49,335,12.6,6.7,-5.9,12.6,6.7
助っ人外国人用,野手,慎重盗塁,緑特,野手,40,304,10.28,6.08,-4.2,10.28,6.08
助っ人外国人用,野手,死球集中,青特,野手,34,162,8.74,3.24,-5.5,8.74,3.24
助っ人外国人用,野手,決勝打,青特,野手,51,268,13.11,5.36,-7.75,13.11,5.36
助っ人外国人用,野手,流し打ち,青特,野手,66,318,16.97,6.36,-10.61,16.97,6.36
助っ人外国人用,野手,満塁男,青特,野手,67,295,17.22,5.9,-11.32,17.22,5.9
助っ人外国人用,野手,積極守備,緑特,野手,59,318,15.17,6.36,-8.81,15.17,6.36
助っ人外国人用,野手,積極打法,緑特,野手,89,340,22.88,6.8,-16.08,22.88,6.8
助っ人外国人用,野手,積極盗塁,緑特,野手,49,360,12.6,7.2,-5.4,12.6,7.2
助っ人外国人用,野手,積極走塁,緑特,野手,73,351,18.77,7.02,-11.75,18.77,7.02
助っ人外国人用,野手,窮地○,青特,野手,0,327,0.0,6.54,6.54,0.0,6.54
助っ人外国人用,野手,粘り打ち,青特,野手,27,298,6.94,5.96,-0.98,6.94,5.96
助っ人外国人用,野手,逆境○,青特,野手,30,332,7.71,6.64,-1.07,7.71,6.64
助っ人外国人用,野手,選球眼,緑特,野手,71,327,18.25,6.54,-11.71,18.25,6.54
助っ人外国人用,野手,野手存在感,青特,野手,0,142,0.0,2.84,2.84,0.0,2.84
助っ人外国人用,野手,野手調子安定,緑特,野手,0,354,0.0,7.08,7.08,0.0,7.08
助っ人外国人用,野手,野手調子極端,緑特,野手,0,156,0.0,3.12,3.12,0.0,3.12
助っ人外国人用,野手,高速チャージ,青特,野手,1,254,0.26,5.08,4.82,0.26,5.08
