team,name,number,role,throws_bats,main_position,sub_positions,pitcher_roles,usage,top_speed,control,stamina,trajectory,contact,power,run_speed,arm_strength,fielding,catching,source
横浜DeNAベイスターズ,東,11,投手,左投左打,投手,,先,スタミナ限界、調子安定,148,85,71,,,,,,,,baystars.zip:パワフルプロ野球2026-2027｜横浜DeNAベイスターズ｜デフォルト選手データ.html
横浜DeNAベイスターズ,入 江,22,投手,右投右打,投手,,中抑,調子次第,159,41,49,,,,,,,,baystars.zip:パワフルプロ野球2026-2027｜横浜DeNAベイスターズ｜デフォルト選手データ.html
横浜DeNAベイスターズ,石田裕,54,投手,右投右打,投手,,先中,調子次第,150,70,58,,,,,,,,baystars.zip:パワフルプロ野球2026-2027｜横浜DeNAベイスターズ｜デフォルト選手データ.html
横浜DeNAベイスターズ,デュプランティエ,0,投手,右投左打,投手,,先中,調子次第,157,61,59,,,,,,,,baystars.zip:パワフルプロ野球2026-2027｜横浜DeNAベイスターズ｜デフォルト選手データ.html
横浜DeNAベイスターズ,平 良,59,投手,右投右打,投手,,先,調子次第,148,75,60,,,,,,,,baystars.zip:パワフルプロ野球2026-2027｜横浜DeNAベイスターズ｜デフォルト選手データ.html
横浜DeNAベイスターズ,竹 田,12,投手,右投右打,投手,,先,調子次第,153,61,61,,,,,,,,baystars.zip:パワフルプロ野球2026-2027｜横浜DeNAベイスターズ｜デフォルト選手データ.html
横浜DeNAベイスターズ,宮 城,65,投手,右投右打,投手,,中,接戦時,151,49,50,,,,,,,,baystars.zip:パワフルプロ野球2026-2027｜横浜DeNAベイスターズ｜デフォルト選手データ.html
横浜DeNAベイスターズ,坂 本,20,投手,左投左打,投手,,中,接戦時,151,60,47,,,,,,,,baystars.zip:パワフルプロ野球2026-2027｜横浜DeNAベイスターズ｜デフォルト選手データ.html
横浜DeNAベイスターズ,中川颯,53,投手,右投左打,投手,,中,ビハインドでも,137,61,51,,,,,,,,baystars.zip:パワフルプロ野球2026-2027｜横浜DeNAベイスターズ｜デフォルト選手データ.html
横浜DeNAベイスターズ,伊 勢,13,投手,右投右打,投手,,中抑,リード時,152,65,48,,,,,,,,baystars.zip:パワフルプロ野球2026-2027｜横浜DeNAベイスターズ｜デフォルト選手データ.html
横浜DeNAベイスターズ,山﨑康,19,投手,右投右打,投手,,中抑,ビハインドでも,154,57,48,,,,,,,,baystars.zip:パワフルプロ野球2026-2027｜横浜DeNAベイスターズ｜デフォルト選手データ.html
横浜DeNAベイスターズ,ルイーズ,49,投手,右投右打,投手,,中抑,中継ぎエース,158,46,44,,,,,,,,baystars.zip:パワフルプロ野球2026-2027｜横浜DeNAベイスターズ｜デフォルト選手データ.html
横浜DeNAベイスターズ,レイノルズ,62,投手,右投左打,投手,,中,中継ぎエース,159,43,41,,,,,,,,baystars.zip:パワフルプロ野球2026-2027｜横浜DeNAベイスターズ｜デフォルト選手データ.html
横浜DeNAベイスターズ,島 田,15,投手,右投右打,投手,,先,調子次第,157,40,54,,,,,,,,baystars.zip:パワフルプロ野球2026-2027｜横浜DeNAベイスターズ｜デフォルト選手データ.html
横浜DeNAベイスターズ,片 山,47,投手,左投左打,投手,,先中,調子次第,148,68,60,,,,,,,,baystars.zip:パワフルプロ野球2026-2027｜横浜DeNAベイスターズ｜デフォルト選手データ.html
横浜DeNAベイスターズ,大 貫,16,投手,右投右打,投手,,先,調子次第、調子安定,149,69,65,,,,,,,,baystars.zip:パワフルプロ野球2026-2027｜横浜DeNAベイスターズ｜デフォルト選手データ.html
横浜DeNAベイスターズ,中川虎,64,投手,右投右打,投手,,中,ビハインドでも,153,65,53,,,,,,,,baystars.zip:パワフルプロ野球2026-2027｜横浜DeNAベイスターズ｜デフォルト選手データ.html
横浜DeNAベイスターズ,森 原,45,投手,右投左打,投手,,中抑,おまかせ,151,60,46,,,,,,,,baystars.zip:パワフルプロ野球2026-2027｜横浜DeNAベイスターズ｜デフォルト選手データ.html
横浜DeNAベイスターズ,吉 野,24,投手,右投右打,投手,,中,おまかせ,152,54,58,,,,,,,,baystars.zip:パワフルプロ野球2026-2027｜横浜DeNAベイスターズ｜デフォルト選手データ.html
横浜DeNAベイスターズ,小 園,18,投手,右投右打,投手,,先,おまかせ,149,49,50,,,,,,,,baystars.zip:パワフルプロ野球2026-2027｜横浜DeNAベイスターズ｜デフォルト選手データ.html
横浜DeNAベイスターズ,藤 浪,27,投手,右投右打,投手,,先中,おまかせ、投球位置右,157,22,65,,,,,,,,baystars.zip:パワフルプロ野球2026-2027｜横浜DeNAベイスターズ｜デフォルト選手データ.html
横浜DeNAベイスターズ,篠 木,30,投手,右投左打,投手,,先中,おまかせ,154,38,64,,,,,,,,baystars.zip:パワフルプロ野球2026-2027｜横浜DeNAベイスターズ｜デフォルト選手データ.html
横浜DeNAベイスターズ,石田健,14,投手,左投左打,投手,,先中,スタミナ限界,147,65,59,,,,,,,,baystars.zip:パワフルプロ野球2026-2027｜横浜DeNAベイスターズ｜デフォルト選手データ.html
横浜DeNAベイスターズ,坂 口,46,投手,右投右打,投手,,先,おまかせ,153,58,48,,,,,,,,baystars.zip:パワフルプロ野球2026-2027｜横浜DeNAベイスターズ｜デフォルト選手データ.html
横浜DeNAベイスターズ,深 沢,43,投手,右投右打,投手,,先中,おまかせ,146,65,48,,,,,,,,baystars.zip:パワフルプロ野球2026-2027｜横浜DeNAベイスターズ｜デフォルト選手データ.html
横浜DeNAベイスターズ,武 田,33,投手,左投左打,投手,,中,おまかせ,149,34,43,,,,,,,,baystars.zip:パワフルプロ野球2026-2027｜横浜DeNAベイスターズ｜デフォルト選手データ.html
横浜DeNAベイスターズ,松本凌,38,投手,右投右打,投手,,中,おまかせ,153,39,46,,,,,,,,baystars.zip:パワフルプロ野球2026-2027｜横浜DeNAベイスターズ｜デフォルト選手データ.html
横浜DeNAベイスターズ,若 松,39,投手,右投右打,投手,,中,おまかせ,154,51,50,,,,,,,,baystars.zip:パワフルプロ野球2026-2027｜横浜DeNAベイスターズ｜デフォルト選手データ.html
横浜DeNAベイスターズ,橋 本,35,投手,右投右打,投手,,中,おまかせ,150,38,46,,,,,,,,baystars.zip:パワフルプロ野球2026-2027｜横浜DeNAベイスターズ｜デフォルト選手データ.html
横浜DeNAベイスターズ,佐々木,41,投手,右投右打,投手,,中,中継ぎエース,145,44,48,,,,,,,,baystars.zip:パワフルプロ野球2026-2027｜横浜DeNAベイスターズ｜デフォルト選手データ.html
横浜DeNAベイスターズ,岩 田,68,投手,左投左打,投手,,中,おまかせ,139,48,41,,,,,,,,baystars.zip:パワフルプロ野球2026-2027｜横浜DeNAベイスターズ｜デフォルト選手データ.html
横浜DeNAベイスターズ,コックス,42,投手,左投左打,投手,,先中,おまかせ,155,52,54,,,,,,,,baystars.zip:パワフルプロ野球2026-2027｜横浜DeNAベイスターズ｜デフォルト選手データ.html
横浜DeNAベイスターズ,マルセリーノ,98,投手,右投右打,投手,,中抑,おまかせ,157,37,42,,,,,,,,baystars.zip:パワフルプロ野球2026-2027｜横浜DeNAベイスターズ｜デフォルト選手データ.html
横浜DeNAベイスターズ,堀 岡,92,投手,右投右打,投手,,中抑,おまかせ,154,36,48,,,,,,,,baystars.zip:パワフルプロ野球2026-2027｜横浜DeNAベイスターズ｜デフォルト選手データ.html
横浜DeNAベイスターズ,松 尾,5,野手,右投右打,捕手,,,,,,,3,48,64,63,72,54,50,baystars.zip:パワフルプロ野球2026-2027｜横浜DeNAベイスターズ｜デフォルト選手データ.html
横浜DeNAベイスターズ,山 本,50,野手,右投右打,捕手,一塁手,,,,,,2,56,58,61,84,57,59,baystars.zip:パワフルプロ野球2026-2027｜横浜DeNAベイスターズ｜デフォルト選手データ.html
横浜DeNAベイスターズ,戸 柱,10,野手,右投左打,捕手,一塁手,,,,,,3,49,56,41,55,51,48,baystars.zip:パワフルプロ野球2026-2027｜横浜DeNAベイスターズ｜デフォルト選手データ.html
横浜DeNAベイスターズ,益 子,32,野手,右投右打,捕手,一塁手,,,,,,2,25,45,45,83,43,41,baystars.zip:パワフルプロ野球2026-2027｜横浜DeNAベイスターズ｜デフォルト選手データ.html
横浜DeNAベイスターズ,九 鬼,95,野手,右投右打,捕手,一塁手;外野手,,,,,,2,35,51,58,65,49,42,baystars.zip:パワフルプロ野球2026-2027｜横浜DeNAベイスターズ｜デフォルト選手データ.html
横浜DeNAベイスターズ,知 野,60,野手,右投右打,捕手,一塁手,,,,,,2,42,31,64,78,41,41,baystars.zip:パワフルプロ野球2026-2027｜横浜DeNAベイスターズ｜デフォルト選手データ.html
横浜DeNAベイスターズ,東 妻,57,野手,右投右打,捕手,外野手,,,,,,3,28,49,60,82,42,38,baystars.zip:パワフルプロ野球2026-2027｜横浜DeNAベイスターズ｜デフォルト選手データ.html
横浜DeNAベイスターズ,牧,2,野手,右投右打,二塁手,一塁手;三塁手,,,,,,4,63,75,67,78,51,36,baystars.zip:パワフルプロ野球2026-2027｜横浜DeNAベイスターズ｜デフォルト選手データ.html
横浜DeNAベイスターズ,ビシエド,66,野手,右投右打,一塁手,,,調子極端,,,,2,52,64,42,66,58,67,baystars.zip:パワフルプロ野球2026-2027｜横浜DeNAベイスターズ｜デフォルト選手データ.html
横浜DeNAベイスターズ,宮 﨑,51,野手,右投右打,三塁手,一塁手,,代打要員、慎重盗塁,,,,3,60,60,33,56,27,41,baystars.zip:パワフルプロ野球2026-2027｜横浜DeNAベイスターズ｜デフォルト選手データ.html
横浜DeNAベイスターズ,林,0,野手,右投左打,二塁手,三塁手;遊撃手,,代走要員,,,,2,47,51,82,67,63,53,baystars.zip:パワフルプロ野球2026-2027｜横浜DeNAベイスターズ｜デフォルト選手データ.html
横浜DeNAベイスターズ,石 上,44,野手,右投左打,遊撃手,二塁手;三塁手,,守備要員,,,,3,45,56,70,84,45,44,baystars.zip:パワフルプロ野球2026-2027｜横浜DeNAベイスターズ｜デフォルト選手データ.html
横浜DeNAベイスターズ,京 田,9,野手,右投左打,遊撃手,一塁手;三塁手,,,,,,2,48,52,78,67,67,57,baystars.zip:パワフルプロ野球2026-2027｜横浜DeNAベイスターズ｜デフォルト選手データ.html
横浜DeNAベイスターズ,宮 下,34,野手,右投右打,遊撃手,二塁手;三塁手,,慎重盗塁,,,,3,39,55,58,62,56,40,baystars.zip:パワフルプロ野球2026-2027｜横浜DeNAベイスターズ｜デフォルト選手データ.html
横浜DeNAベイスターズ,田 内,56,野手,右投右打,遊撃手,二塁手;三塁手,,,,,,2,32,39,66,74,31,35,baystars.zip:パワフルプロ野球2026-2027｜横浜DeNAベイスターズ｜デフォルト選手データ.html
横浜DeNAベイスターズ,加 藤,37,野手,右投右打,三塁手,一塁手;二塁手,,,,,,3,40,57,65,67,42,45,baystars.zip:パワフルプロ野球2026-2027｜横浜DeNAベイスターズ｜デフォルト選手データ.html
横浜DeNAベイスターズ,柴 田,31,野手,右投左打,二塁手,三塁手;遊撃手,,守備要員,,,,2,44,38,58,55,66,63,baystars.zip:パワフルプロ野球2026-2027｜横浜DeNAベイスターズ｜デフォルト選手データ.html
横浜DeNAベイスターズ,成 瀬,48,野手,右投右打,遊撃手,二塁手;三塁手,,,,,,2,38,37,63,64,58,47,baystars.zip:パワフルプロ野球2026-2027｜横浜DeNAベイスターズ｜デフォルト選手データ.html
横浜DeNAベイスターズ,筒 香,25,野手,右投左打,三塁手,外野手;一塁手,,慎重盗塁,,,,4,42,84,45,56,42,55,baystars.zip:パワフルプロ野球2026-2027｜横浜DeNAベイスターズ｜デフォルト選手データ.html
横浜DeNAベイスターズ,三 森,26,野手,右投左打,二塁手,一塁手;外野手,,代走要員、守備要員,,,,2,41,52,92,51,62,63,baystars.zip:パワフルプロ野球2026-2027｜横浜DeNAベイスターズ｜デフォルト選手データ.html
横浜DeNAベイスターズ,小 田,3,野手,右投左打,一塁手,三塁手;外野手,,,,,,3,50,57,57,65,42,45,baystars.zip:パワフルプロ野球2026-2027｜横浜DeNAベイスターズ｜デフォルト選手データ.html
横浜DeNAベイスターズ,森敬斗,6,野手,右投左打,遊撃手,二塁手;外野手,,調子極端,,,,2,51,44,81,88,63,41,baystars.zip:パワフルプロ野球2026-2027｜横浜DeNAベイスターズ｜デフォルト選手データ.html
横浜DeNAベイスターズ,ヒュンメル,99,野手,右投両打,外野手,一塁手;捕手,,,,,,2,41,77,79,78,47,42,baystars.zip:パワフルプロ野球2026-2027｜横浜DeNAベイスターズ｜デフォルト選手データ.html
横浜DeNAベイスターズ,佐 野,7,野手,右投左打,外野手,一塁手,,調子安定、慎重盗塁,,,,3,60,66,48,68,52,58,baystars.zip:パワフルプロ野球2026-2027｜横浜DeNAベイスターズ｜デフォルト選手データ.html
横浜DeNAベイスターズ,蝦 名,61,野手,右投右打,外野手,一塁手;三塁手,,,,,,3,58,65,75,71,50,61,baystars.zip:パワフルプロ野球2026-2027｜横浜DeNAベイスターズ｜デフォルト選手データ.html
横浜DeNAベイスターズ,度 会,4,野手,右投左打,外野手,三塁手,,代打要員、調子極端,,,,3,60,66,65,68,45,42,baystars.zip:パワフルプロ野球2026-2027｜横浜DeNAベイスターズ｜デフォルト選手データ.html
横浜DeNAベイスターズ,井 上,55,野手,右投左打,外野手,一塁手;三塁手,,,,,,4,41,65,72,64,41,32,baystars.zip:パワフルプロ野球2026-2027｜横浜DeNAベイスターズ｜デフォルト選手データ.html
横浜DeNAベイスターズ,濱,67,野手,右投左打,外野手,二塁手;三塁手,,,,,,2,28,41,77,88,40,43,baystars.zip:パワフルプロ野球2026-2027｜横浜DeNAベイスターズ｜デフォルト選手データ.html
横浜DeNAベイスターズ,梶 原,58,野手,右投左打,外野手,,,,,,,3,42,60,90,74,46,52,baystars.zip:パワフルプロ野球2026-2027｜横浜DeNAベイスターズ｜デフォルト選手データ.html
横浜DeNAベイスターズ,関 根,63,野手,左投左打,外野手,,,,,,,2,35,51,77,67,65,45,baystars.zip:パワフルプロ野球2026-2027｜横浜DeNAベイスターズ｜デフォルト選手データ.html
横浜DeNAベイスターズ,神 里,8,野手,右投左打,外野手,,,代走要員、守備要員、慎重盗塁,,,,2,34,45,83,68,68,55,baystars.zip:パワフルプロ野球2026-2027｜横浜DeNAベイスターズ｜デフォルト選手データ.html
横浜DeNAベイスターズ,勝 又,28,野手,右投左打,外野手,,,,,,,2,53,44,68,77,40,41,baystars.zip:パワフルプロ野球2026-2027｜横浜DeNAベイスターズ｜デフォルト選手データ.html
オリックスバファローズ,宮 城,18,投手,左投左打,投手,,先,スタミナ限界,152,78,74,,,,,,,,buffaloes.zip:パワフルプロ野球2026-2027｜オリックスバファローズ｜デフォルト選手データ.html
オリックスバファローズ,九 里,22,投手,右投右打,投手,,先中,完投,148,67,86,,,,,,,,buffaloes.zip:パワフルプロ野球2026-2027｜オリックスバファローズ｜デフォルト選手データ.html
オリックスバファローズ,曽 谷,17,投手,左投左打,投手,,先,調子次第,154,65,62,,,,,,,,buffaloes.zip:パワフルプロ野球2026-2027｜オリックスバファローズ｜デフォルト選手データ.html
オリックスバファローズ,髙 島,96,投手,右投右打,投手,,先中,調子次第,154,63,57,,,,,,,,buffaloes.zip:パワフルプロ野球2026-2027｜オリックスバファローズ｜デフォルト選手データ.html
オリックスバファローズ,エスピノーザ,0,投手,右投右打,投手,,先中,調子次第,154,61,65,,,,,,,,buffaloes.zip:パワフルプロ野球2026-2027｜オリックスバファローズ｜デフォルト選手データ.html
オリックスバファローズ,寺 西,13,投手,右投右打,投手,,先中,調子次第,157,51,53,,,,,,,,buffaloes.zip:パワフルプロ野球2026-2027｜オリックスバファローズ｜デフォルト選手データ.html
オリックスバファローズ,平 野,16,投手,右投右打,投手,,中抑,ビハインドでも,149,71,45,,,,,,,,buffaloes.zip:パワフルプロ野球2026-2027｜オリックスバファローズ｜デフォルト選手データ.html
オリックスバファローズ,古田島,35,投手,右投右打,投手,,中,リード時,152,49,55,,,,,,,,buffaloes.zip:パワフルプロ野球2026-2027｜オリックスバファローズ｜デフォルト選手データ.html
オリックスバファローズ,横山楓,52,投手,右投両打,投手,,中,ビハインドでも,153,37,46,,,,,,,,buffaloes.zip:パワフルプロ野球2026-2027｜オリックスバファローズ｜デフォルト選手データ.html
オリックスバファローズ,山 﨑,21,投手,右投右打,投手,,中抑,接戦時、調子極端,157,37,47,,,,,,,,buffaloes.zip:パワフルプロ野球2026-2027｜オリックスバファローズ｜デフォルト選手データ.html
オリックスバファローズ,ペルドモ,59,投手,右投右打,投手,,中,中継ぎエース,153,67,54,,,,,,,,buffaloes.zip:パワフルプロ野球2026-2027｜オリックスバファローズ｜デフォルト選手データ.html
オリックスバファローズ,椋 木,15,投手,右投右打,投手,,中抑,中継ぎエース,155,52,54,,,,,,,,buffaloes.zip:パワフルプロ野球2026-2027｜オリックスバファローズ｜デフォルト選手データ.html
オリックスバファローズ,マチャド,42,投手,右投右打,投手,,中抑,守護神,161,52,45,,,,,,,,buffaloes.zip:パワフルプロ野球2026-2027｜オリックスバファローズ｜デフォルト選手データ.html
オリックスバファローズ,田 嶋,29,投手,左投左打,投手,,先,おまかせ、調子極端,150,63,61,,,,,,,,buffaloes.zip:パワフルプロ野球2026-2027｜オリックスバファローズ｜デフォルト選手データ.html
オリックスバファローズ,山 下,11,投手,右投右打,投手,,先,おまかせ,160,41,63,,,,,,,,buffaloes.zip:パワフルプロ野球2026-2027｜オリックスバファローズ｜デフォルト選手データ.html
オリックスバファローズ,山 岡,19,投手,右投左打,投手,,先中抑,調子次第、調子極端,150,65,56,,,,,,,,buffaloes.zip:パワフルプロ野球2026-2027｜オリックスバファローズ｜デフォルト選手データ.html
オリックスバファローズ,東,12,投手,右投右打,投手,,先,おまかせ,155,52,66,,,,,,,,buffaloes.zip:パワフルプロ野球2026-2027｜オリックスバファローズ｜デフォルト選手データ.html
オリックスバファローズ,ジェリー,69,投手,右投右打,投手,,先中,おまかせ,153,61,52,,,,,,,,buffaloes.zip:パワフルプロ野球2026-2027｜オリックスバファローズ｜デフォルト選手データ.html
オリックスバファローズ,齋 藤,26,投手,右投右打,投手,,先中,おまかせ,152,42,48,,,,,,,,buffaloes.zip:パワフルプロ野球2026-2027｜オリックスバファローズ｜デフォルト選手データ.html
オリックスバファローズ,佐藤一,93,投手,左投左打,投手,,先,おまかせ,149,54,50,,,,,,,,buffaloes.zip:パワフルプロ野球2026-2027｜オリックスバファローズ｜デフォルト選手データ.html
オリックスバファローズ,川 瀬,94,投手,右投右打,投手,,先中,おまかせ,150,51,48,,,,,,,,buffaloes.zip:パワフルプロ野球2026-2027｜オリックスバファローズ｜デフォルト選手データ.html
オリックスバファローズ,山 口,47,投手,右投右打,投手,,先中,おまかせ,154,46,37,,,,,,,,buffaloes.zip:パワフルプロ野球2026-2027｜オリックスバファローズ｜デフォルト選手データ.html
オリックスバファローズ,藤 川,31,投手,右投右打,投手,,先,おまかせ,153,41,36,,,,,,,,buffaloes.zip:パワフルプロ野球2026-2027｜オリックスバファローズ｜デフォルト選手データ.html
オリックスバファローズ,森 陽,36,投手,右投左打,投手,,先,おまかせ、調子極端,153,40,43,,,,,,,,buffaloes.zip:パワフルプロ野球2026-2027｜オリックスバファローズ｜デフォルト選手データ.html
オリックスバファローズ,佐藤龍,41,投手,左投左打,投手,,先中,おまかせ,147,47,32,,,,,,,,buffaloes.zip:パワフルプロ野球2026-2027｜オリックスバファローズ｜デフォルト選手データ.html
オリックスバファローズ,山 田,57,投手,左投左打,投手,,中,おまかせ,147,54,52,,,,,,,,buffaloes.zip:パワフルプロ野球2026-2027｜オリックスバファローズ｜デフォルト選手データ.html
オリックスバファローズ,吉 田,23,投手,右投右打,投手,,中,おまかせ、調子極端,151,53,49,,,,,,,,buffaloes.zip:パワフルプロ野球2026-2027｜オリックスバファローズ｜デフォルト選手データ.html
オリックスバファローズ,富 山,28,投手,左投左打,投手,,中,おまかせ、調子極端,148,45,51,,,,,,,,buffaloes.zip:パワフルプロ野球2026-2027｜オリックスバファローズ｜デフォルト選手データ.html
オリックスバファローズ,博 志,66,投手,右投右打,投手,,中,おまかせ,156,49,50,,,,,,,,buffaloes.zip:パワフルプロ野球2026-2027｜オリックスバファローズ｜デフォルト選手データ.html
オリックスバファローズ,東 松,48,投手,左投左打,投手,,中,おまかせ,152,42,40,,,,,,,,buffaloes.zip:パワフルプロ野球2026-2027｜オリックスバファローズ｜デフォルト選手データ.html
オリックスバファローズ,権 田,98,投手,右投右打,投手,,中,おまかせ、調子極端,152,38,43,,,,,,,,buffaloes.zip:パワフルプロ野球2026-2027｜オリックスバファローズ｜デフォルト選手データ.html
オリックスバファローズ,片 山,49,投手,右投左打,投手,,中,おまかせ,148,55,51,,,,,,,,buffaloes.zip:パワフルプロ野球2026-2027｜オリックスバファローズ｜デフォルト選手データ.html
オリックスバファローズ,入 山,68,投手,右投右打,投手,,中,おまかせ,154,33,38,,,,,,,,buffaloes.zip:パワフルプロ野球2026-2027｜オリックスバファローズ｜デフォルト選手データ.html
オリックスバファローズ,髙 谷,43,投手,右投右打,投手,,中,おまかせ,153,40,48,,,,,,,,buffaloes.zip:パワフルプロ野球2026-2027｜オリックスバファローズ｜デフォルト選手データ.html
オリックスバファローズ,阿 部,20,投手,右投左打,投手,,中抑,おまかせ,149,53,48,,,,,,,,buffaloes.zip:パワフルプロ野球2026-2027｜オリックスバファローズ｜デフォルト選手データ.html
オリックスバファローズ,才 木,95,投手,右投右打,投手,,中抑,おまかせ,156,44,43,,,,,,,,buffaloes.zip:パワフルプロ野球2026-2027｜オリックスバファローズ｜デフォルト選手データ.html
オリックスバファローズ,岩 嵜,40,投手,右投右打,投手,,中抑,おまかせ,160,58,34,,,,,,,,buffaloes.zip:パワフルプロ野球2026-2027｜オリックスバファローズ｜デフォルト選手データ.html
オリックスバファローズ,若 月,2,野手,右投右打,捕手,,,,,,,3,46,61,48,86,65,81,buffaloes.zip:パワフルプロ野球2026-2027｜オリックスバファローズ｜デフォルト選手データ.html
オリックスバファローズ,福 永,32,野手,右投右打,捕手,,,,,,,2,32,49,58,84,47,41,buffaloes.zip:パワフルプロ野球2026-2027｜オリックスバファローズ｜デフォルト選手データ.html
オリックスバファローズ,石 川,37,野手,右投右打,捕手,,,,,,,2,35,42,46,68,49,42,buffaloes.zip:パワフルプロ野球2026-2027｜オリックスバファローズ｜デフォルト選手データ.html
オリックスバファローズ,堀,62,野手,右投右打,捕手,,,慎重盗塁,,,,2,31,41,67,83,45,43,buffaloes.zip:パワフルプロ野球2026-2027｜オリックスバファローズ｜デフォルト選手データ.html
オリックスバファローズ,野 上,60,野手,右投右打,捕手,,,,,,,2,25,39,51,78,38,33,buffaloes.zip:パワフルプロ野球2026-2027｜オリックスバファローズ｜デフォルト選手データ.html
オリックスバファローズ,森 友,4,野手,右投左打,捕手,外野手,,,,,,3,55,60,65,67,62,56,buffaloes.zip:パワフルプロ野球2026-2027｜オリックスバファローズ｜デフォルト選手データ.html
オリックスバファローズ,頓 宮,44,野手,右投右打,捕手,一塁手,,,,,,4,50,72,43,72,49,36,buffaloes.zip:パワフルプロ野球2026-2027｜オリックスバファローズ｜デフォルト選手データ.html
オリックスバファローズ,山 中,50,野手,右投左打,捕手,一塁手;外野手,,,,,,3,44,56,64,60,54,47,buffaloes.zip:パワフルプロ野球2026-2027｜オリックスバファローズ｜デフォルト選手データ.html
オリックスバファローズ,太 田,1,野手,右投右打,二塁手,一塁手;三塁手,,,,,,3,53,63,64,70,59,58,buffaloes.zip:パワフルプロ野球2026-2027｜オリックスバファローズ｜デフォルト選手データ.html
オリックスバファローズ,西 野,5,野手,右投左打,二塁手,三塁手;一塁手,,,,,,3,57,54,76,44,57,53,buffaloes.zip:パワフルプロ野球2026-2027｜オリックスバファローズ｜デフォルト選手データ.html
オリックスバファローズ,紅 林,24,野手,右投右打,遊撃手,三塁手,,慎重盗塁,,,,2,52,62,56,80,41,76,buffaloes.zip:パワフルプロ野球2026-2027｜オリックスバファローズ｜デフォルト選手データ.html
オリックスバファローズ,シーモア,45,野手,右投左打,一塁手,,,代打要員,,,,3,35,78,45,43,51,50,buffaloes.zip:パワフルプロ野球2026-2027｜オリックスバファローズ｜デフォルト選手データ.html
オリックスバファローズ,内 藤,25,野手,右投右打,三塁手,一塁手,,,,,,4,34,64,31,58,28,33,buffaloes.zip:パワフルプロ野球2026-2027｜オリックスバファローズ｜デフォルト選手データ.html
オリックスバファローズ,横山聖,34,野手,右投左打,遊撃手,三塁手;二塁手,,,,,,3,33,43,64,79,43,42,buffaloes.zip:パワフルプロ野球2026-2027｜オリックスバファローズ｜デフォルト選手データ.html
オリックスバファローズ,宗,6,野手,右投左打,三塁手,外野手;一塁手,,調子極端、慎重盗塁,,,,3,47,60,76,92,51,57,buffaloes.zip:パワフルプロ野球2026-2027｜オリックスバファローズ｜デフォルト選手データ.html
オリックスバファローズ,廣 岡,30,野手,右投右打,三塁手,一塁手;外野手,,,,,,4,48,63,75,74,56,54,buffaloes.zip:パワフルプロ野球2026-2027｜オリックスバファローズ｜デフォルト選手データ.html
オリックスバファローズ,中川圭,67,野手,右投右打,一塁手,外野手;二塁手,,,,,,3,55,66,74,42,48,51,buffaloes.zip:パワフルプロ野球2026-2027｜オリックスバファローズ｜デフォルト選手データ.html
オリックスバファローズ,大 城,10,野手,右投右打,二塁手,遊撃手;外野手,,,,,,2,48,51,72,62,68,54,buffaloes.zip:パワフルプロ野球2026-2027｜オリックスバファローズ｜デフォルト選手データ.html
オリックスバファローズ,野 口,9,野手,右投左打,遊撃手,二塁手;外野手,,,,,,2,39,56,67,83,47,42,buffaloes.zip:パワフルプロ野球2026-2027｜オリックスバファローズ｜デフォルト選手データ.html
オリックスバファローズ,杉 本,99,野手,右投右打,外野手,一塁手,,代打要員、慎重盗塁,,,,3,53,79,66,80,39,36,buffaloes.zip:パワフルプロ野球2026-2027｜オリックスバファローズ｜デフォルト選手データ.html
オリックスバファローズ,来 田,38,野手,右投左打,外野手,一塁手,,,,,,3,40,54,85,66,44,42,buffaloes.zip:パワフルプロ野球2026-2027｜オリックスバファローズ｜デフォルト選手データ.html
オリックスバファローズ,杉 澤,33,野手,右投左打,外野手,二塁手,,,,,,3,44,60,63,68,60,51,buffaloes.zip:パワフルプロ野球2026-2027｜オリックスバファローズ｜デフォルト選手データ.html
オリックスバファローズ,平 沼,61,野手,右投左打,外野手,三塁手;二塁手,,慎重盗塁,,,,2,46,43,62,66,58,43,buffaloes.zip:パワフルプロ野球2026-2027｜オリックスバファローズ｜デフォルト選手データ.html
オリックスバファローズ,西 川,7,野手,右投左打,外野手,,,調子極端,,,,3,63,60,72,51,44,37,buffaloes.zip:パワフルプロ野球2026-2027｜オリックスバファローズ｜デフォルト選手データ.html
オリックスバファローズ,渡 部,0,野手,左投左打,外野手,,,,,,,2,50,43,84,56,88,64,buffaloes.zip:パワフルプロ野球2026-2027｜オリックスバファローズ｜デフォルト選手データ.html
オリックスバファローズ,麦 谷,8,野手,右投左打,外野手,,,,,,,3,36,58,94,71,53,51,buffaloes.zip:パワフルプロ野球2026-2027｜オリックスバファローズ｜デフォルト選手データ.html
オリックスバファローズ,池 田,39,野手,右投右打,外野手,,,,,,,2,39,51,60,63,45,41,buffaloes.zip:パワフルプロ野球2026-2027｜オリックスバファローズ｜デフォルト選手データ.html
オリックスバファローズ,窪 田,58,野手,右投右打,外野手,,,,,,,2,22,36,73,67,31,43,buffaloes.zip:パワフルプロ野球2026-2027｜オリックスバファローズ｜デフォルト選手データ.html
広島東洋カープ,床 田,19,投手,左投左打,投手,,先,おまかせ,151,68,74,,,,,,,,carp.zip:パワフルプロ野球2026-2027｜広島東洋カープ｜デフォルト選手データ.html
広島東洋カープ,ターノック,42,投手,右投右打,投手,,先中,おまかせ,157,46,55,,,,,,,,carp.zip:パワフルプロ野球2026-2027｜広島東洋カープ｜デフォルト選手データ.html
広島東洋カープ,栗 林,20,投手,右投右打,投手,,先中抑,調子次第,152,68,58,,,,,,,,carp.zip:パワフルプロ野球2026-2027｜広島東洋カープ｜デフォルト選手データ.html
広島東洋カープ,森 下,18,投手,右投右打,投手,,先,調子次第,153,71,77,,,,,,,,carp.zip:パワフルプロ野球2026-2027｜広島東洋カープ｜デフォルト選手データ.html
広島東洋カープ,岡 本,53,投手,右投左打,投手,,先中,調子次第,153,61,60,,,,,,,,carp.zip:パワフルプロ野球2026-2027｜広島東洋カープ｜デフォルト選手データ.html
広島東洋カープ,森,16,投手,左投左打,投手,,先中,調子次第,150,65,56,,,,,,,,carp.zip:パワフルプロ野球2026-2027｜広島東洋カープ｜デフォルト選手データ.html
広島東洋カープ,ハーン,68,投手,左投左打,投手,,中抑,接戦時,158,51,48,,,,,,,,carp.zip:パワフルプロ野球2026-2027｜広島東洋カープ｜デフォルト選手データ.html
広島東洋カープ,中 﨑,21,投手,右投右打,投手,,中抑,リード時,151,62,49,,,,,,,,carp.zip:パワフルプロ野球2026-2027｜広島東洋カープ｜デフォルト選手データ.html
広島東洋カープ,鈴 木,41,投手,右投左打,投手,,先中,ビハインドでも,136,58,50,,,,,,,,carp.zip:パワフルプロ野球2026-2027｜広島東洋カープ｜デフォルト選手データ.html
広島東洋カープ,辻,98,投手,左投左打,投手,,中,ビハインドでも,151,46,40,,,,,,,,carp.zip:パワフルプロ野球2026-2027｜広島東洋カープ｜デフォルト選手データ.html
広島東洋カープ,齊藤汰,11,投手,右投右打,投手,,先中,ビハインドでも,155,51,55,,,,,,,,carp.zip:パワフルプロ野球2026-2027｜広島東洋カープ｜デフォルト選手データ.html
広島東洋カープ,島 内,43,投手,右投右打,投手,,中,中継ぎエース,157,48,48,,,,,,,,carp.zip:パワフルプロ野球2026-2027｜広島東洋カープ｜デフォルト選手データ.html
広島東洋カープ,森 浦,13,投手,左投左打,投手,,中抑,守護神,153,47,53,,,,,,,,carp.zip:パワフルプロ野球2026-2027｜広島東洋カープ｜デフォルト選手データ.html
広島東洋カープ,大瀬良,14,投手,右投右打,投手,,先,勝利投手,150,70,78,,,,,,,,carp.zip:パワフルプロ野球2026-2027｜広島東洋カープ｜デフォルト選手データ.html
広島東洋カープ,玉 村,65,投手,左投左打,投手,,先,おまかせ,147,74,56,,,,,,,,carp.zip:パワフルプロ野球2026-2027｜広島東洋カープ｜デフォルト選手データ.html
広島東洋カープ,高橋昂,34,投手,左投左打,投手,,先中,勝利投手,152,52,48,,,,,,,,carp.zip:パワフルプロ野球2026-2027｜広島東洋カープ｜デフォルト選手データ.html
広島東洋カープ,髙,22,投手,左投左打,投手,,先中,おまかせ,152,55,58,,,,,,,,carp.zip:パワフルプロ野球2026-2027｜広島東洋カープ｜デフォルト選手データ.html
広島東洋カープ,塹 江,36,投手,左投左打,投手,,中,ビハインドでも,157,36,44,,,,,,,,carp.zip:パワフルプロ野球2026-2027｜広島東洋カープ｜デフォルト選手データ.html
広島東洋カープ,アドゥワ,48,投手,右投右打,投手,,先中,勝利投手,150,58,59,,,,,,,,carp.zip:パワフルプロ野球2026-2027｜広島東洋カープ｜デフォルト選手データ.html
広島東洋カープ,常 廣,17,投手,右投右打,投手,,先,おまかせ,153,43,55,,,,,,,,carp.zip:パワフルプロ野球2026-2027｜広島東洋カープ｜デフォルト選手データ.html
広島東洋カープ,斉藤優,47,投手,右投左打,投手,,先中,おまかせ,153,41,48,,,,,,,,carp.zip:パワフルプロ野球2026-2027｜広島東洋カープ｜デフォルト選手データ.html
広島東洋カープ,遠 藤,66,投手,右投右打,投手,,先中,おまかせ,151,64,58,,,,,,,,carp.zip:パワフルプロ野球2026-2027｜広島東洋カープ｜デフォルト選手データ.html
広島東洋カープ,菊 池,67,投手,右投右打,投手,,先,勝利投手、調子極端,149,43,27,,,,,,,,carp.zip:パワフルプロ野球2026-2027｜広島東洋カープ｜デフォルト選手データ.html
広島東洋カープ,日 髙,70,投手,右投左打,投手,,先,おまかせ,148,48,36,,,,,,,,carp.zip:パワフルプロ野球2026-2027｜広島東洋カープ｜デフォルト選手データ.html
広島東洋カープ,佐藤柳,28,投手,左投左打,投手,,先,勝利投手,148,49,48,,,,,,,,carp.zip:パワフルプロ野球2026-2027｜広島東洋カープ｜デフォルト選手データ.html
広島東洋カープ,工 藤,35,投手,右投右打,投手,,先中,おまかせ,159,26,51,,,,,,,,carp.zip:パワフルプロ野球2026-2027｜広島東洋カープ｜デフォルト選手データ.html
広島東洋カープ,赤 木,38,投手,右投右打,投手,,先,おまかせ,153,46,51,,,,,,,,carp.zip:パワフルプロ野球2026-2027｜広島東洋カープ｜デフォルト選手データ.html
広島東洋カープ,ケムナ,29,投手,右投右打,投手,,中,おまかせ,155,34,45,,,,,,,,carp.zip:パワフルプロ野球2026-2027｜広島東洋カープ｜デフォルト選手データ.html
広島東洋カープ,黒 原,24,投手,左投左打,投手,,中,おまかせ,152,45,51,,,,,,,,carp.zip:パワフルプロ野球2026-2027｜広島東洋カープ｜デフォルト選手データ.html
広島東洋カープ,松 本,45,投手,右投右打,投手,,中,おまかせ,151,52,43,,,,,,,,carp.zip:パワフルプロ野球2026-2027｜広島東洋カープ｜デフォルト選手データ.html
広島東洋カープ,益 田,26,投手,右投右打,投手,,中,おまかせ,155,51,61,,,,,,,,carp.zip:パワフルプロ野球2026-2027｜広島東洋カープ｜デフォルト選手データ.html
広島東洋カープ,長谷部,39,投手,左投左打,投手,,中,おまかせ、調子極端,150,26,43,,,,,,,,carp.zip:パワフルプロ野球2026-2027｜広島東洋カープ｜デフォルト選手データ.html
広島東洋カープ,滝 田,30,投手,左投左打,投手,,中,おまかせ,153,31,40,,,,,,,,carp.zip:パワフルプロ野球2026-2027｜広島東洋カープ｜デフォルト選手データ.html
広島東洋カープ,髙木快,46,投手,右投右打,投手,,中,おまかせ,153,47,48,,,,,,,,carp.zip:パワフルプロ野球2026-2027｜広島東洋カープ｜デフォルト選手データ.html
広島東洋カープ,石 原,32,野手,右投右打,捕手,,,,,,,2,30,50,35,71,55,56,carp.zip:パワフルプロ野球2026-2027｜広島東洋カープ｜デフォルト選手データ.html
広島東洋カープ,會 澤,27,野手,右投右打,捕手,,,,,,,3,20,40,43,50,49,51,carp.zip:パワフルプロ野球2026-2027｜広島東洋カープ｜デフォルト選手データ.html
広島東洋カープ,髙木翔,64,野手,右投右打,捕手,,,,,,,3,27,41,33,63,41,43,carp.zip:パワフルプロ野球2026-2027｜広島東洋カープ｜デフォルト選手データ.html
広島東洋カープ,持 丸,57,野手,右投左打,捕手,,,,,,,3,37,52,42,74,47,35,carp.zip:パワフルプロ野球2026-2027｜広島東洋カープ｜デフォルト選手データ.html
広島東洋カープ,清 水,62,野手,右投左打,捕手,,,,,,,3,25,46,52,79,37,37,carp.zip:パワフルプロ野球2026-2027｜広島東洋カープ｜デフォルト選手データ.html
広島東洋カープ,坂 倉,31,野手,右投左打,捕手,一塁手;三塁手,,,,,,3,59,66,68,69,48,44,carp.zip:パワフルプロ野球2026-2027｜広島東洋カープ｜デフォルト選手データ.html
広島東洋カープ,小 園,5,野手,右投左打,遊撃手,二塁手;三塁手,,慎重盗塁,,,,2,61,53,79,63,40,62,carp.zip:パワフルプロ野球2026-2027｜広島東洋カープ｜デフォルト選手データ.html
広島東洋カープ,モンテロ,95,野手,右投右打,一塁手,三塁手,,代打要員,,,,3,54,69,49,68,48,39,carp.zip:パワフルプロ野球2026-2027｜広島東洋カープ｜デフォルト選手データ.html
広島東洋カープ,菊 池,33,野手,右投右打,二塁手,,,慎重盗塁,,,,2,50,56,72,76,63,84,carp.zip:パワフルプロ野球2026-2027｜広島東洋カープ｜デフォルト選手データ.html
広島東洋カープ,勝 田,0,野手,右投左打,二塁手,遊撃手;三塁手,,,,,,2,40,35,66,64,55,54,carp.zip:パワフルプロ野球2026-2027｜広島東洋カープ｜デフォルト選手データ.html
広島東洋カープ,二 俣,99,野手,右投右打,三塁手,一塁手;外野手,,,,,,3,40,51,63,76,57,45,carp.zip:パワフルプロ野球2026-2027｜広島東洋カープ｜デフォルト選手データ.html
広島東洋カープ,佐々木,10,野手,右投右打,三塁手,一塁手;外野手,,,,,,3,52,55,65,51,42,41,carp.zip:パワフルプロ野球2026-2027｜広島東洋カープ｜デフォルト選手データ.html
広島東洋カープ,辰 見,69,野手,右投右打,二塁手,一塁手;外野手,,代走要員,,,,1,41,28,91,46,40,43,carp.zip:パワフルプロ野球2026-2027｜広島東洋カープ｜デフォルト選手データ.html
広島東洋カープ,佐藤啓,94,野手,右投左打,二塁手,一塁手;外野手,,,,,,3,47,55,70,57,37,31,carp.zip:パワフルプロ野球2026-2027｜広島東洋カープ｜デフォルト選手データ.html
広島東洋カープ,堂 林,7,野手,右投右打,一塁手,外野手;三塁手,,,,,,3,38,58,56,70,51,52,carp.zip:パワフルプロ野球2026-2027｜広島東洋カープ｜デフォルト選手データ.html
広島東洋カープ,矢 野,4,野手,右投左打,遊撃手,二塁手;三塁手,,,,,,2,40,38,78,87,80,55,carp.zip:パワフルプロ野球2026-2027｜広島東洋カープ｜デフォルト選手データ.html
広島東洋カープ,林,44,野手,右投左打,三塁手,一塁手;外野手,,,,,,4,42,64,42,60,41,41,carp.zip:パワフルプロ野球2026-2027｜広島東洋カープ｜デフォルト選手データ.html
広島東洋カープ,渡 邉,49,野手,右投右打,一塁手,捕手;三塁手,,,,,,3,36,57,38,80,36,33,carp.zip:パワフルプロ野球2026-2027｜広島東洋カープ｜デフォルト選手データ.html
広島東洋カープ,内 田,63,野手,右投右打,三塁手,一塁手;外野手,,,,,,3,30,54,58,77,33,27,carp.zip:パワフルプロ野球2026-2027｜広島東洋カープ｜デフォルト選手データ.html
広島東洋カープ,仲 田,58,野手,右投右打,一塁手,外野手,,,,,,3,25,52,37,39,32,26,carp.zip:パワフルプロ野球2026-2027｜広島東洋カープ｜デフォルト選手データ.html
広島東洋カープ,前 川,93,野手,右投右打,二塁手,遊撃手;一塁手,,,,,,2,35,44,61,55,42,43,carp.zip:パワフルプロ野球2026-2027｜広島東洋カープ｜デフォルト選手データ.html
広島東洋カープ,西 川,54,野手,右投左打,遊撃手,外野手,,,,,,2,33,30,72,63,41,32,carp.zip:パワフルプロ野球2026-2027｜広島東洋カープ｜デフォルト選手データ.html
広島東洋カープ,中村奨,96,野手,右投右打,外野手,捕手;一塁手,,,,,,3,60,65,71,86,64,52,carp.zip:パワフルプロ野球2026-2027｜広島東洋カープ｜デフォルト選手データ.html
広島東洋カープ,平 川,51,野手,右投両打,外野手,一塁手;三塁手,,調子極端,,,,3,33,60,83,72,53,41,carp.zip:パワフルプロ野球2026-2027｜広島東洋カープ｜デフォルト選手データ.html
広島東洋カープ,末 包,52,野手,右投右打,外野手,一塁手,,,,,,3,45,70,64,71,44,51,carp.zip:パワフルプロ野球2026-2027｜広島東洋カープ｜デフォルト選手データ.html
広島東洋カープ,田 村,60,野手,左投左打,外野手,一塁手,,,,,,3,50,61,62,60,50,44,carp.zip:パワフルプロ野球2026-2027｜広島東洋カープ｜デフォルト選手データ.html
広島東洋カープ,ファビアン,61,野手,右投右打,外野手,,,,,,,3,65,70,61,75,51,42,carp.zip:パワフルプロ野球2026-2027｜広島東洋カープ｜デフォルト選手データ.html
広島東洋カープ,秋 山,9,野手,右投左打,外野手,,,代打要員、フル出場,,,,2,59,55,77,65,61,55,carp.zip:パワフルプロ野球2026-2027｜広島東洋カープ｜デフォルト選手データ.html
広島東洋カープ,野 間,37,野手,右投左打,外野手,,,,,,,2,57,43,88,90,66,46,carp.zip:パワフルプロ野球2026-2027｜広島東洋カープ｜デフォルト選手データ.html
広島東洋カープ,大 盛,59,野手,右投左打,外野手,,,,,,,2,48,57,83,71,74,52,carp.zip:パワフルプロ野球2026-2027｜広島東洋カープ｜デフォルト選手データ.html
広島東洋カープ,久 保,56,野手,右投右打,外野手,,,,,,,3,32,51,71,78,51,43,carp.zip:パワフルプロ野球2026-2027｜広島東洋カープ｜デフォルト選手データ.html
広島東洋カープ,中村貴,97,野手,右投左打,外野手,,,,,,,3,38,54,61,50,45,48,carp.zip:パワフルプロ野球2026-2027｜広島東洋カープ｜デフォルト選手データ.html
中日ドラゴンズ,柳,17,投手,右投右打,投手,,先,調子次第,147,70,72,,,,,,,,dragons.zip:パワフルプロ野球2026-2027｜中日ドラゴンズ｜デフォルト選手データ.html
中日ドラゴンズ,櫻 井,16,投手,右投右打,投手,,先,調子次第,153,61,55,,,,,,,,dragons.zip:パワフルプロ野球2026-2027｜中日ドラゴンズ｜デフォルト選手データ.html
中日ドラゴンズ,髙橋宏斗,19,投手,右投右打,投手,,先,調子次第,158,54,77,,,,,,,,dragons.zip:パワフルプロ野球2026-2027｜中日ドラゴンズ｜デフォルト選手データ.html
中日ドラゴンズ,金 丸,21,投手,左投左打,投手,,先,調子次第,154,68,61,,,,,,,,dragons.zip:パワフルプロ野球2026-2027｜中日ドラゴンズ｜デフォルト選手データ.html
中日ドラゴンズ,中 西,11,投手,右投右打,投手,,先,調子次第,152,64,67,,,,,,,,dragons.zip:パワフルプロ野球2026-2027｜中日ドラゴンズ｜デフォルト選手データ.html
中日ドラゴンズ,大野雄大,22,投手,左投左打,投手,,先,調子次第,148,71,63,,,,,,,,dragons.zip:パワフルプロ野球2026-2027｜中日ドラゴンズ｜デフォルト選手データ.html
中日ドラゴンズ,勝 野,41,投手,右投右打,投手,,中,リード時,160,48,49,,,,,,,,dragons.zip:パワフルプロ野球2026-2027｜中日ドラゴンズ｜デフォルト選手データ.html
中日ドラゴンズ,藤 嶋,54,投手,右投右打,投手,,中抑,接戦時、調子安定,147,67,46,,,,,,,,dragons.zip:パワフルプロ野球2026-2027｜中日ドラゴンズ｜デフォルト選手データ.html
中日ドラゴンズ,清 水,50,投手,右投右打,投手,,中,接戦時、調子安定,156,54,48,,,,,,,,dragons.zip:パワフルプロ野球2026-2027｜中日ドラゴンズ｜デフォルト選手データ.html
中日ドラゴンズ,近 藤,70,投手,左投左打,投手,,中,ビハインドでも,151,41,46,,,,,,,,dragons.zip:パワフルプロ野球2026-2027｜中日ドラゴンズ｜デフォルト選手データ.html
中日ドラゴンズ,橋 本,13,投手,左投左打,投手,,中,接戦時、調子極端、投球位置右,153,41,43,,,,,,,,dragons.zip:パワフルプロ野球2026-2027｜中日ドラゴンズ｜デフォルト選手データ.html
中日ドラゴンズ,メヒア,91,投手,右投右打,投手,,先中,中継ぎエース、調子極端,153,51,57,,,,,,,,dragons.zip:パワフルプロ野球2026-2027｜中日ドラゴンズ｜デフォルト選手データ.html
中日ドラゴンズ,松 山,90,投手,右投右打,投手,,中抑,守護神,159,70,35,,,,,,,,dragons.zip:パワフルプロ野球2026-2027｜中日ドラゴンズ｜デフォルト選手データ.html
中日ドラゴンズ,松 葉,38,投手,左投左打,投手,,先,スタミナ限界,141,74,60,,,,,,,,dragons.zip:パワフルプロ野球2026-2027｜中日ドラゴンズ｜デフォルト選手データ.html
中日ドラゴンズ,涌 井,20,投手,右投右打,投手,,先,スタミナ限界,152,62,62,,,,,,,,dragons.zip:パワフルプロ野球2026-2027｜中日ドラゴンズ｜デフォルト選手データ.html
中日ドラゴンズ,仲 地,26,投手,右投右打,投手,,先,おまかせ,152,49,62,,,,,,,,dragons.zip:パワフルプロ野球2026-2027｜中日ドラゴンズ｜デフォルト選手データ.html
中日ドラゴンズ,福,34,投手,左投左打,投手,,中,おまかせ、投球位置右,145,48,38,,,,,,,,dragons.zip:パワフルプロ野球2026-2027｜中日ドラゴンズ｜デフォルト選手データ.html
中日ドラゴンズ,根 尾,30,投手,右投左打,投手,,中,おまかせ,153,34,52,,,,,,,,dragons.zip:パワフルプロ野球2026-2027｜中日ドラゴンズ｜デフォルト選手データ.html
中日ドラゴンズ,草 加,14,投手,右投右打,投手,,先,おまかせ,153,58,57,,,,,,,,dragons.zip:パワフルプロ野球2026-2027｜中日ドラゴンズ｜デフォルト選手データ.html
中日ドラゴンズ,福 田,36,投手,左投左打,投手,,先中,おまかせ、調子極端,151,37,46,,,,,,,,dragons.zip:パワフルプロ野球2026-2027｜中日ドラゴンズ｜デフォルト選手データ.html
中日ドラゴンズ,松木平,29,投手,右投右打,投手,,先,おまかせ,148,56,67,,,,,,,,dragons.zip:パワフルプロ野球2026-2027｜中日ドラゴンズ｜デフォルト選手データ.html
中日ドラゴンズ,吉 田,47,投手,左投左打,投手,,先,おまかせ,149,49,56,,,,,,,,dragons.zip:パワフルプロ野球2026-2027｜中日ドラゴンズ｜デフォルト選手データ.html
中日ドラゴンズ,高橋幸,61,投手,左投左打,投手,,先,おまかせ,148,42,38,,,,,,,,dragons.zip:パワフルプロ野球2026-2027｜中日ドラゴンズ｜デフォルト選手データ.html
中日ドラゴンズ,有 馬,64,投手,右投右打,投手,,先,おまかせ,146,35,35,,,,,,,,dragons.zip:パワフルプロ野球2026-2027｜中日ドラゴンズ｜デフォルト選手データ.html
中日ドラゴンズ,マラー,93,投手,左投右打,投手,,先中,おまかせ,154,65,60,,,,,,,,dragons.zip:パワフルプロ野球2026-2027｜中日ドラゴンズ｜デフォルト選手データ.html
中日ドラゴンズ,三 浦,69,投手,左投右打,投手,,先中,おまかせ,148,48,53,,,,,,,,dragons.zip:パワフルプロ野球2026-2027｜中日ドラゴンズ｜デフォルト選手データ.html
中日ドラゴンズ,篠 﨑,52,投手,右投右打,投手,,先中,おまかせ、調子極端,157,34,38,,,,,,,,dragons.zip:パワフルプロ野球2026-2027｜中日ドラゴンズ｜デフォルト選手データ.html
中日ドラゴンズ,齋 藤,59,投手,左投左打,投手,,中,おまかせ,146,41,43,,,,,,,,dragons.zip:パワフルプロ野球2026-2027｜中日ドラゴンズ｜デフォルト選手データ.html
中日ドラゴンズ,梅 野,46,投手,右投右打,投手,,中,おまかせ、調子極端,154,45,47,,,,,,,,dragons.zip:パワフルプロ野球2026-2027｜中日ドラゴンズ｜デフォルト選手データ.html
中日ドラゴンズ,伊 藤,32,投手,右投左打,投手,,中,おまかせ,151,43,39,,,,,,,,dragons.zip:パワフルプロ野球2026-2027｜中日ドラゴンズ｜デフォルト選手データ.html
中日ドラゴンズ,牧 野,68,投手,左投左打,投手,,中,おまかせ,151,49,57,,,,,,,,dragons.zip:パワフルプロ野球2026-2027｜中日ドラゴンズ｜デフォルト選手データ.html
中日ドラゴンズ,アブレウ,28,投手,右投左打,投手,,中抑,おまかせ,161,47,47,,,,,,,,dragons.zip:パワフルプロ野球2026-2027｜中日ドラゴンズ｜デフォルト選手データ.html
中日ドラゴンズ,石 伊,9,野手,右投右打,捕手,,,守備要員,,,,3,41,57,48,83,44,51,dragons.zip:パワフルプロ野球2026-2027｜中日ドラゴンズ｜デフォルト選手データ.html
中日ドラゴンズ,木下拓,35,野手,右投右打,捕手,,,守備要員,,,,3,52,59,39,74,52,57,dragons.zip:パワフルプロ野球2026-2027｜中日ドラゴンズ｜デフォルト選手データ.html
中日ドラゴンズ,加 藤,49,野手,右投右打,捕手,三塁手;一塁手,,慎重盗塁,,,,2,39,38,60,93,53,51,dragons.zip:パワフルプロ野球2026-2027｜中日ドラゴンズ｜デフォルト選手データ.html
中日ドラゴンズ,石 橋,58,野手,右投右打,捕手,一塁手;外野手,,,,,,3,41,59,48,73,57,48,dragons.zip:パワフルプロ野球2026-2027｜中日ドラゴンズ｜デフォルト選手データ.html
中日ドラゴンズ,宇佐見,39,野手,右投左打,捕手,一塁手,,,,,,2,43,54,29,70,48,45,dragons.zip:パワフルプロ野球2026-2027｜中日ドラゴンズ｜デフォルト選手データ.html
中日ドラゴンズ,味 谷,43,野手,右投左打,捕手,一塁手;外野手,,,,,,2,39,36,65,79,36,40,dragons.zip:パワフルプロ野球2026-2027｜中日ドラゴンズ｜デフォルト選手データ.html
中日ドラゴンズ,田 中,2,野手,右投右打,二塁手,遊撃手,,,,,,2,52,36,83,46,80,65,dragons.zip:パワフルプロ野球2026-2027｜中日ドラゴンズ｜デフォルト選手データ.html
中日ドラゴンズ,サノー,23,野手,右投右打,三塁手,一塁手,,,,,,4,43,85,46,77,39,23,dragons.zip:パワフルプロ野球2026-2027｜中日ドラゴンズ｜デフォルト選手データ.html
中日ドラゴンズ,村 松,5,野手,右投左打,遊撃手,二塁手,,慎重盗塁,,,,2,52,47,80,45,76,73,dragons.zip:パワフルプロ野球2026-2027｜中日ドラゴンズ｜デフォルト選手データ.html
中日ドラゴンズ,石川昂,25,野手,右投右打,三塁手,一塁手;二塁手,,調子極端,,,,3,47,67,41,62,46,40,dragons.zip:パワフルプロ野球2026-2027｜中日ドラゴンズ｜デフォルト選手データ.html
中日ドラゴンズ,高橋周,3,野手,右投左打,三塁手,一塁手;二塁手,,,,,,3,49,54,46,60,65,66,dragons.zip:パワフルプロ野球2026-2027｜中日ドラゴンズ｜デフォルト選手データ.html
中日ドラゴンズ,山 本,60,野手,右投右打,遊撃手,二塁手;三塁手,,,,,,3,56,48,67,67,62,45,dragons.zip:パワフルプロ野球2026-2027｜中日ドラゴンズ｜デフォルト選手データ.html
中日ドラゴンズ,ロドリゲス,95,野手,右投右打,遊撃手,二塁手;三塁手,,,,,,2,26,39,72,84,58,36,dragons.zip:パワフルプロ野球2026-2027｜中日ドラゴンズ｜デフォルト選手データ.html
中日ドラゴンズ,森駿太,31,野手,右投左打,遊撃手,三塁手,,,,,,3,26,65,66,66,44,38,dragons.zip:パワフルプロ野球2026-2027｜中日ドラゴンズ｜デフォルト選手データ.html
中日ドラゴンズ,新 保,56,野手,右投左打,遊撃手,二塁手;三塁手,,,,,,2,18,34,51,70,60,48,dragons.zip:パワフルプロ野球2026-2027｜中日ドラゴンズ｜デフォルト選手データ.html
中日ドラゴンズ,福 永,7,野手,右投右打,三塁手,一塁手;外野手,,,,,,3,49,61,64,65,58,41,dragons.zip:パワフルプロ野球2026-2027｜中日ドラゴンズ｜デフォルト選手データ.html
中日ドラゴンズ,阿 部,48,野手,右投右打,一塁手,三塁手;外野手,,代打要員、慎重盗塁,,,,4,42,67,49,64,52,63,dragons.zip:パワフルプロ野球2026-2027｜中日ドラゴンズ｜デフォルト選手データ.html
中日ドラゴンズ,板 山,63,野手,右投左打,二塁手,外野手;一塁手,,代打要員、慎重盗塁,,,,2,48,55,72,77,60,59,dragons.zip:パワフルプロ野球2026-2027｜中日ドラゴンズ｜デフォルト選手データ.html
中日ドラゴンズ,カリステ,4,野手,右投右打,遊撃手,一塁手;外野手,,,,,,2,42,64,82,71,52,37,dragons.zip:パワフルプロ野球2026-2027｜中日ドラゴンズ｜デフォルト選手データ.html
中日ドラゴンズ,土 田,45,野手,右投左打,遊撃手,二塁手;外野手,,,,,,2,28,35,66,65,80,54,dragons.zip:パワフルプロ野球2026-2027｜中日ドラゴンズ｜デフォルト選手データ.html
中日ドラゴンズ,辻 本,0,野手,右投右打,遊撃手,二塁手;外野手,,,,,,3,33,41,67,54,59,37,dragons.zip:パワフルプロ野球2026-2027｜中日ドラゴンズ｜デフォルト選手データ.html
中日ドラゴンズ,樋 口,97,野手,右投左打,二塁手,三塁手;外野手,,代走要員,,,,2,29,30,84,43,50,36,dragons.zip:パワフルプロ野球2026-2027｜中日ドラゴンズ｜デフォルト選手データ.html
中日ドラゴンズ,知 野,65,野手,右投右打,遊撃手,一塁手;二塁手,,代走要員,,,,3,37,57,70,71,42,31,dragons.zip:パワフルプロ野球2026-2027｜中日ドラゴンズ｜デフォルト選手データ.html
中日ドラゴンズ,細 川,55,野手,右投右打,外野手,一塁手,,,,,,3,49,82,60,73,40,36,dragons.zip:パワフルプロ野球2026-2027｜中日ドラゴンズ｜デフォルト選手データ.html
中日ドラゴンズ,ボスラー,24,野手,右投左打,外野手,一塁手;三塁手,,,,,,4,58,72,55,53,53,51,dragons.zip:パワフルプロ野球2026-2027｜中日ドラゴンズ｜デフォルト選手データ.html
中日ドラゴンズ,鵜 飼,66,野手,右投右打,外野手,一塁手,,,,,,4,38,75,64,63,41,40,dragons.zip:パワフルプロ野球2026-2027｜中日ドラゴンズ｜デフォルト選手データ.html
中日ドラゴンズ,能 戸,67,野手,右投左打,外野手,一塁手,,,,,,3,26,40,71,70,33,33,dragons.zip:パワフルプロ野球2026-2027｜中日ドラゴンズ｜デフォルト選手データ.html
中日ドラゴンズ,岡 林,1,野手,右投左打,外野手,,,,,,,2,67,46,81,80,65,66,dragons.zip:パワフルプロ野球2026-2027｜中日ドラゴンズ｜デフォルト選手データ.html
中日ドラゴンズ,上 林,51,野手,右投左打,外野手,,,,,,,3,64,70,75,76,62,57,dragons.zip:パワフルプロ野球2026-2027｜中日ドラゴンズ｜デフォルト選手データ.html
中日ドラゴンズ,尾 田,0,野手,左投左打,外野手,,,,,,,2,31,34,81,54,42,43,dragons.zip:パワフルプロ野球2026-2027｜中日ドラゴンズ｜デフォルト選手データ.html
中日ドラゴンズ,大 島,8,野手,左投左打,外野手,,,,,,,2,51,30,74,47,51,75,dragons.zip:パワフルプロ野球2026-2027｜中日ドラゴンズ｜デフォルト選手データ.html
中日ドラゴンズ,川 越,44,野手,左投左打,外野手,,,,,,,3,43,59,77,75,52,43,dragons.zip:パワフルプロ野球2026-2027｜中日ドラゴンズ｜デフォルト選手データ.html
中日ドラゴンズ,ブライト,42,野手,右投右打,外野手,,,,,,,3,45,62,78,60,53,51,dragons.zip:パワフルプロ野球2026-2027｜中日ドラゴンズ｜デフォルト選手データ.html
中日ドラゴンズ,花 田,57,野手,右投右打,外野手,,,,,,,3,40,60,63,61,50,41,dragons.zip:パワフルプロ野球2026-2027｜中日ドラゴンズ｜デフォルト選手データ.html
東北楽天ゴールデンイーグルス,荘 司,19,投手,右投右打,投手,,先,調子次第,156,61,71,,,,,,,,eagles.zip:パワフルプロ野球2026-2027｜東北楽天ゴールデンイーグルス｜デフォルト選手データ.html
東北楽天ゴールデンイーグルス,瀧 中,57,投手,右投右打,投手,,先,調子次第,148,64,63,,,,,,,,eagles.zip:パワフルプロ野球2026-2027｜東北楽天ゴールデンイーグルス｜デフォルト選手データ.html
東北楽天ゴールデンイーグルス,藤 原,13,投手,右投右打,投手,,先,調子次第,156,42,62,,,,,,,,eagles.zip:パワフルプロ野球2026-2027｜東北楽天ゴールデンイーグルス｜デフォルト選手データ.html
東北楽天ゴールデンイーグルス,前 田,18,投手,右投右打,投手,,先,調子次第、投球位置左,151,69,65,,,,,,,,eagles.zip:パワフルプロ野球2026-2027｜東北楽天ゴールデンイーグルス｜デフォルト選手データ.html
東北楽天ゴールデンイーグルス,ウレーニャ,22,投手,右投右打,投手,,先中,調子次第,158,48,61,,,,,,,,eagles.zip:パワフルプロ野球2026-2027｜東北楽天ゴールデンイーグルス｜デフォルト選手データ.html
東北楽天ゴールデンイーグルス,古 謝,17,投手,左投左打,投手,,先,調子次第、調子極端,151,62,61,,,,,,,,eagles.zip:パワフルプロ野球2026-2027｜東北楽天ゴールデンイーグルス｜デフォルト選手データ.html
東北楽天ゴールデンイーグルス,西 垣,49,投手,右投左打,投手,,中抑,接戦時,154,50,45,,,,,,,,eagles.zip:パワフルプロ野球2026-2027｜東北楽天ゴールデンイーグルス｜デフォルト選手データ.html
東北楽天ゴールデンイーグルス,宋 家豪,43,投手,右投左打,投手,,中抑,接戦時,153,62,47,,,,,,,,eagles.zip:パワフルプロ野球2026-2027｜東北楽天ゴールデンイーグルス｜デフォルト選手データ.html
東北楽天ゴールデンイーグルス,加治屋,41,投手,右投右打,投手,,中,リード時,151,46,45,,,,,,,,eagles.zip:パワフルプロ野球2026-2027｜東北楽天ゴールデンイーグルス｜デフォルト選手データ.html
東北楽天ゴールデンイーグルス,津留﨑,52,投手,右投右打,投手,,中,ビハインドでも,153,54,52,,,,,,,,eagles.zip:パワフルプロ野球2026-2027｜東北楽天ゴールデンイーグルス｜デフォルト選手データ.html
東北楽天ゴールデンイーグルス,内,69,投手,右投左打,投手,,先中,リード時,154,59,53,,,,,,,,eagles.zip:パワフルプロ野球2026-2027｜東北楽天ゴールデンイーグルス｜デフォルト選手データ.html
東北楽天ゴールデンイーグルス,鈴木翔,56,投手,左投左打,投手,,中,中継ぎエース、調子安定,151,43,48,,,,,,,,eagles.zip:パワフルプロ野球2026-2027｜東北楽天ゴールデンイーグルス｜デフォルト選手データ.html
東北楽天ゴールデンイーグルス,藤 平,46,投手,右投右打,投手,,中抑,おまかせ,157,60,52,,,,,,,,eagles.zip:パワフルプロ野球2026-2027｜東北楽天ゴールデンイーグルス｜デフォルト選手データ.html
東北楽天ゴールデンイーグルス,早 川,21,投手,左投左打,投手,,先,スタミナ限界,149,71,76,,,,,,,,eagles.zip:パワフルプロ野球2026-2027｜東北楽天ゴールデンイーグルス｜デフォルト選手データ.html
東北楽天ゴールデンイーグルス,岸,11,投手,右投右打,投手,,先,スタミナ限界、投球位置左,147,72,59,,,,,,,,eagles.zip:パワフルプロ野球2026-2027｜東北楽天ゴールデンイーグルス｜デフォルト選手データ.html
東北楽天ゴールデンイーグルス,藤 井,47,投手,左投左打,投手,,先中,おまかせ,145,67,60,,,,,,,,eagles.zip:パワフルプロ野球2026-2027｜東北楽天ゴールデンイーグルス｜デフォルト選手データ.html
東北楽天ゴールデンイーグルス,西 口,62,投手,右投右打,投手,,中,おまかせ,156,48,48,,,,,,,,eagles.zip:パワフルプロ野球2026-2027｜東北楽天ゴールデンイーグルス｜デフォルト選手データ.html
東北楽天ゴールデンイーグルス,酒 居,28,投手,右投右打,投手,,中,おまかせ、調子極端,152,53,46,,,,,,,,eagles.zip:パワフルプロ野球2026-2027｜東北楽天ゴールデンイーグルス｜デフォルト選手データ.html
東北楽天ゴールデンイーグルス,辛 島,58,投手,左投左打,投手,,先,おまかせ,140,63,56,,,,,,,,eagles.zip:パワフルプロ野球2026-2027｜東北楽天ゴールデンイーグルス｜デフォルト選手データ.html
東北楽天ゴールデンイーグルス,坂 井,53,投手,右投右打,投手,,先,勝利投手,149,46,37,,,,,,,,eagles.zip:パワフルプロ野球2026-2027｜東北楽天ゴールデンイーグルス｜デフォルト選手データ.html
東北楽天ゴールデンイーグルス,大 内,67,投手,右投右打,投手,,先,勝利投手,151,45,46,,,,,,,,eagles.zip:パワフルプロ野球2026-2027｜東北楽天ゴールデンイーグルス｜デフォルト選手データ.html
東北楽天ゴールデンイーグルス,林,64,投手,左投左打,投手,,先中,おまかせ,148,38,41,,,,,,,,eagles.zip:パワフルプロ野球2026-2027｜東北楽天ゴールデンイーグルス｜デフォルト選手データ.html
東北楽天ゴールデンイーグルス,伊藤樹,20,投手,右投右打,投手,,先,おまかせ,148,64,60,,,,,,,,eagles.zip:パワフルプロ野球2026-2027｜東北楽天ゴールデンイーグルス｜デフォルト選手データ.html
東北楽天ゴールデンイーグルス,九 谷,45,投手,右投左打,投手,,先中,おまかせ,151,59,63,,,,,,,,eagles.zip:パワフルプロ野球2026-2027｜東北楽天ゴールデンイーグルス｜デフォルト選手データ.html
東北楽天ゴールデンイーグルス,古 賀,61,投手,左投左打,投手,,先,おまかせ,148,33,62,,,,,,,,eagles.zip:パワフルプロ野球2026-2027｜東北楽天ゴールデンイーグルス｜デフォルト選手データ.html
東北楽天ゴールデンイーグルス,コントレラス,15,投手,右投右打,投手,,先中,おまかせ,155,52,66,,,,,,,,eagles.zip:パワフルプロ野球2026-2027｜東北楽天ゴールデンイーグルス｜デフォルト選手データ.html
東北楽天ゴールデンイーグルス,田中千,29,投手,右投右打,投手,,先中,おまかせ,155,29,45,,,,,,,,eagles.zip:パワフルプロ野球2026-2027｜東北楽天ゴールデンイーグルス｜デフォルト選手データ.html
東北楽天ゴールデンイーグルス,渡辺翔,31,投手,右投右打,投手,,中,おまかせ,153,45,48,,,,,,,,eagles.zip:パワフルプロ野球2026-2027｜東北楽天ゴールデンイーグルス｜デフォルト選手データ.html
東北楽天ゴールデンイーグルス,今 野,66,投手,右投右打,投手,,中,おまかせ,149,46,43,,,,,,,,eagles.zip:パワフルプロ野球2026-2027｜東北楽天ゴールデンイーグルス｜デフォルト選手データ.html
東北楽天ゴールデンイーグルス,日 當,54,投手,右投右打,投手,,中,おまかせ,151,55,47,,,,,,,,eagles.zip:パワフルプロ野球2026-2027｜東北楽天ゴールデンイーグルス｜デフォルト選手データ.html
東北楽天ゴールデンイーグルス,江 原,40,投手,右投右打,投手,,中,おまかせ、調子極端,156,41,43,,,,,,,,eagles.zip:パワフルプロ野球2026-2027｜東北楽天ゴールデンイーグルス｜デフォルト選手データ.html
東北楽天ゴールデンイーグルス,中 込,26,投手,右投右打,投手,,中,おまかせ,150,54,45,,,,,,,,eagles.zip:パワフルプロ野球2026-2027｜東北楽天ゴールデンイーグルス｜デフォルト選手データ.html
東北楽天ゴールデンイーグルス,伊藤大,79,投手,左投左打,投手,,中,おまかせ,148,27,39,,,,,,,,eagles.zip:パワフルプロ野球2026-2027｜東北楽天ゴールデンイーグルス｜デフォルト選手データ.html
東北楽天ゴールデンイーグルス,柴 田,71,投手,右投右打,投手,,中,おまかせ,156,28,47,,,,,,,,eagles.zip:パワフルプロ野球2026-2027｜東北楽天ゴールデンイーグルス｜デフォルト選手データ.html
東北楽天ゴールデンイーグルス,泰,59,投手,左投右打,投手,,中抑,おまかせ,153,23,40,,,,,,,,eagles.zip:パワフルプロ野球2026-2027｜東北楽天ゴールデンイーグルス｜デフォルト選手データ.html
東北楽天ゴールデンイーグルス,太 田,2,野手,右投右打,捕手,,,,,,,2,25,49,44,73,78,66,eagles.zip:パワフルプロ野球2026-2027｜東北楽天ゴールデンイーグルス｜デフォルト選手データ.html
東北楽天ゴールデンイーグルス,石 原,70,野手,右投右打,捕手,,,,,,,3,20,60,39,78,48,46,eagles.zip:パワフルプロ野球2026-2027｜東北楽天ゴールデンイーグルス｜デフォルト選手データ.html
東北楽天ゴールデンイーグルス,田中貴,44,野手,右投左打,捕手,,,,,,,2,42,53,41,64,46,55,eagles.zip:パワフルプロ野球2026-2027｜東北楽天ゴールデンイーグルス｜デフォルト選手データ.html
東北楽天ゴールデンイーグルス,伊藤光,27,野手,右投右打,捕手,一塁手;三塁手,,,,,,2,42,52,58,53,51,40,eagles.zip:パワフルプロ野球2026-2027｜東北楽天ゴールデンイーグルス｜デフォルト選手データ.html
東北楽天ゴールデンイーグルス,ＹＧ安田,55,野手,右投左打,捕手,一塁手,,,,,,4,41,66,49,70,41,46,eagles.zip:パワフルプロ野球2026-2027｜東北楽天ゴールデンイーグルス｜デフォルト選手データ.html
東北楽天ゴールデンイーグルス,堀 内,65,野手,右投左打,捕手,三塁手;外野手,,,,,,3,51,52,56,72,45,53,eagles.zip:パワフルプロ野球2026-2027｜東北楽天ゴールデンイーグルス｜デフォルト選手データ.html
東北楽天ゴールデンイーグルス,大 栄,72,野手,右投左打,捕手,一塁手;外野手,,,,,,2,41,35,42,77,26,30,eagles.zip:パワフルプロ野球2026-2027｜東北楽天ゴールデンイーグルス｜デフォルト選手データ.html
東北楽天ゴールデンイーグルス,ボイト,9,野手,右投右打,一塁手,,,,,,,3,55,79,38,40,41,54,eagles.zip:パワフルプロ野球2026-2027｜東北楽天ゴールデンイーグルス｜デフォルト選手データ.html
東北楽天ゴールデンイーグルス,黒 川,24,野手,右投左打,二塁手,三塁手;一塁手,,,,,,3,58,63,62,46,56,56,eagles.zip:パワフルプロ野球2026-2027｜東北楽天ゴールデンイーグルス｜デフォルト選手データ.html
東北楽天ゴールデンイーグルス,浅 村,3,野手,右投右打,一塁手,二塁手;三塁手,,慎重盗塁,,,,4,49,68,35,61,37,42,eagles.zip:パワフルプロ野球2026-2027｜東北楽天ゴールデンイーグルス｜デフォルト選手データ.html
東北楽天ゴールデンイーグルス,村 林,6,野手,右投右打,三塁手,遊撃手;二塁手,,,,,,2,57,50,69,69,58,63,eagles.zip:パワフルプロ野球2026-2027｜東北楽天ゴールデンイーグルス｜デフォルト選手データ.html
東北楽天ゴールデンイーグルス,宗 山,1,野手,右投左打,遊撃手,,,,,,,3,59,54,64,72,61,60,eagles.zip:パワフルプロ野球2026-2027｜東北楽天ゴールデンイーグルス｜デフォルト選手データ.html
東北楽天ゴールデンイーグルス,入 江,63,野手,右投右打,二塁手,三塁手;遊撃手,,,,,,3,40,43,51,61,56,66,eagles.zip:パワフルプロ野球2026-2027｜東北楽天ゴールデンイーグルス｜デフォルト選手データ.html
東北楽天ゴールデンイーグルス,ワォーターズ,60,野手,右投右打,遊撃手,二塁手,,,,,,2,16,34,80,65,41,40,eagles.zip:パワフルプロ野球2026-2027｜東北楽天ゴールデンイーグルス｜デフォルト選手データ.html
東北楽天ゴールデンイーグルス,青 野,68,野手,右投右打,三塁手,一塁手,,,,,,4,24,46,53,63,38,36,eagles.zip:パワフルプロ野球2026-2027｜東北楽天ゴールデンイーグルス｜デフォルト選手データ.html
東北楽天ゴールデンイーグルス,繁 永,30,野手,右投右打,二塁手,一塁手;三塁手,,,,,,2,40,47,66,46,48,45,eagles.zip:パワフルプロ野球2026-2027｜東北楽天ゴールデンイーグルス｜デフォルト選手データ.html
東北楽天ゴールデンイーグルス,小深田,0,野手,右投左打,二塁手,外野手,,,,,,2,48,40,84,45,63,74,eagles.zip:パワフルプロ野球2026-2027｜東北楽天ゴールデンイーグルス｜デフォルト選手データ.html
東北楽天ゴールデンイーグルス,鈴 木,7,野手,右投左打,一塁手,三塁手;外野手,,代打要員,,,,3,54,48,49,50,58,65,eagles.zip:パワフルプロ野球2026-2027｜東北楽天ゴールデンイーグルス｜デフォルト選手データ.html
東北楽天ゴールデンイーグルス,渡邊佳明,35,野手,右投左打,一塁手,二塁手;外野手,,代打要員,,,,2,62,39,50,59,54,51,eagles.zip:パワフルプロ野球2026-2027｜東北楽天ゴールデンイーグルス｜デフォルト選手データ.html
東北楽天ゴールデンイーグルス,平 良,48,野手,右投右打,三塁手,外野手;二塁手,,,,,,3,52,65,72,68,51,48,eagles.zip:パワフルプロ野球2026-2027｜東北楽天ゴールデンイーグルス｜デフォルト選手データ.html
東北楽天ゴールデンイーグルス,伊藤裕,39,野手,右投右打,三塁手,一塁手;外野手,,,,,,3,36,64,55,58,47,49,eagles.zip:パワフルプロ野球2026-2027｜東北楽天ゴールデンイーグルス｜デフォルト選手データ.html
東北楽天ゴールデンイーグルス,陽,75,野手,右投左打,遊撃手,二塁手;外野手,,,,,,2,36,49,74,61,50,41,eagles.zip:パワフルプロ野球2026-2027｜東北楽天ゴールデンイーグルス｜デフォルト選手データ.html
東北楽天ゴールデンイーグルス,小 森,73,野手,右投右打,三塁手,二塁手;外野手,,代走要員,,,,3,33,47,83,67,35,37,eagles.zip:パワフルプロ野球2026-2027｜東北楽天ゴールデンイーグルス｜デフォルト選手データ.html
東北楽天ゴールデンイーグルス,中 島,32,野手,右投左打,外野手,,,代走要員,,,,2,53,60,88,45,72,61,eagles.zip:パワフルプロ野球2026-2027｜東北楽天ゴールデンイーグルス｜デフォルト選手データ.html
東北楽天ゴールデンイーグルス,佐 藤,38,野手,右投右打,外野手,,,,,,,2,31,62,82,75,55,51,eagles.zip:パワフルプロ野球2026-2027｜東北楽天ゴールデンイーグルス｜デフォルト選手データ.html
東北楽天ゴールデンイーグルス,辰 己,8,野手,右投左打,外野手,,,,,,,2,59,61,74,88,60,80,eagles.zip:パワフルプロ野球2026-2027｜東北楽天ゴールデンイーグルス｜デフォルト選手データ.html
東北楽天ゴールデンイーグルス,マッカスカー,34,野手,右投右打,外野手,,,,,,,2,25,78,78,73,44,48,eagles.zip:パワフルプロ野球2026-2027｜東北楽天ゴールデンイーグルス｜デフォルト選手データ.html
東北楽天ゴールデンイーグルス,小 郷,51,野手,右投左打,外野手,,,,,,,3,48,59,84,66,46,42,eagles.zip:パワフルプロ野球2026-2027｜東北楽天ゴールデンイーグルス｜デフォルト選手データ.html
東北楽天ゴールデンイーグルス,ゴンザレス,12,野手,右投右打,外野手,,,慎重盗塁,,,,2,53,66,74,95,37,36,eagles.zip:パワフルプロ野球2026-2027｜東北楽天ゴールデンイーグルス｜デフォルト選手データ.html
東北楽天ゴールデンイーグルス,田中和,25,野手,右投両打,外野手,,,代走要員、守備要員,,,,3,28,62,78,79,71,52,eagles.zip:パワフルプロ野球2026-2027｜東北楽天ゴールデンイーグルス｜デフォルト選手データ.html
東北楽天ゴールデンイーグルス,武 藤,50,野手,左投左打,外野手,,,,,,,3,48,54,75,69,52,53,eagles.zip:パワフルプロ野球2026-2027｜東北楽天ゴールデンイーグルス｜デフォルト選手データ.html
東北楽天ゴールデンイーグルス,吉 野,78,野手,右投右打,外野手,,,,,,,3,40,59,58,68,48,43,eagles.zip:パワフルプロ野球2026-2027｜東北楽天ゴールデンイーグルス｜デフォルト選手データ.html
東北楽天ゴールデンイーグルス,吉 納,36,野手,右投左打,外野手,,,,,,,4,23,62,61,68,42,40,eagles.zip:パワフルプロ野球2026-2027｜東北楽天ゴールデンイーグルス｜デフォルト選手データ.html
東北楽天ゴールデンイーグルス,阪 上,42,野手,右投左打,外野手,,,調子極端,,,,2,35,53,73,79,43,39,eagles.zip:パワフルプロ野球2026-2027｜東北楽天ゴールデンイーグルス｜デフォルト選手データ.html
北海道日本ハムファイターズ,伊 藤,17,投手,右投左打,投手,,先中抑,完投,154,75,82,,,,,,,,fighters.zip:パワフルプロ野球2026-2027｜北海道日本ハムファイターズ｜デフォルト選手データ.html
北海道日本ハムファイターズ,達,16,投手,右投右打,投手,,先中,調子次第,156,58,74,,,,,,,,fighters.zip:パワフルプロ野球2026-2027｜北海道日本ハムファイターズ｜デフォルト選手データ.html
北海道日本ハムファイターズ,有 原,74,投手,右投右打,投手,,先,スタミナ限界,152,72,72,,,,,,,,fighters.zip:パワフルプロ野球2026-2027｜北海道日本ハムファイターズ｜デフォルト選手データ.html
北海道日本ハムファイターズ,細 野,29,投手,左投左打,投手,,先中,調子次第,154,42,67,,,,,,,,fighters.zip:パワフルプロ野球2026-2027｜北海道日本ハムファイターズ｜デフォルト選手データ.html
北海道日本ハムファイターズ,北 山,15,投手,右投右打,投手,,先中抑,スタミナ限界,156,53,78,,,,,,,,fighters.zip:パワフルプロ野球2026-2027｜北海道日本ハムファイターズ｜デフォルト選手データ.html
北海道日本ハムファイターズ,加藤貴,14,投手,左投左打,投手,,先,完投、調子安定,143,87,64,,,,,,,,fighters.zip:パワフルプロ野球2026-2027｜北海道日本ハムファイターズ｜デフォルト選手データ.html
北海道日本ハムファイターズ,古 林,37,投手,右投右打,投手,,先中抑,接戦時,160,65,60,,,,,,,,fighters.zip:パワフルプロ野球2026-2027｜北海道日本ハムファイターズ｜デフォルト選手データ.html
北海道日本ハムファイターズ,池 田,52,投手,右投右打,投手,,中,リード時,153,55,58,,,,,,,,fighters.zip:パワフルプロ野球2026-2027｜北海道日本ハムファイターズ｜デフォルト選手データ.html
北海道日本ハムファイターズ,山﨑福,18,投手,左投左打,投手,,先中,リード時,145,86,68,,,,,,,,fighters.zip:パワフルプロ野球2026-2027｜北海道日本ハムファイターズ｜デフォルト選手データ.html
北海道日本ハムファイターズ,上 原,20,投手,左投左打,投手,,先中,ビハインドでも,153,60,63,,,,,,,,fighters.zip:パワフルプロ野球2026-2027｜北海道日本ハムファイターズ｜デフォルト選手データ.html
北海道日本ハムファイターズ,山 本,67,投手,右投右打,投手,,中,ビハインドでも,155,54,49,,,,,,,,fighters.zip:パワフルプロ野球2026-2027｜北海道日本ハムファイターズ｜デフォルト選手データ.html
北海道日本ハムファイターズ,田中正義,26,投手,右投右打,投手,,中抑,中継ぎエース,158,52,51,,,,,,,,fighters.zip:パワフルプロ野球2026-2027｜北海道日本ハムファイターズ｜デフォルト選手データ.html
北海道日本ハムファイターズ,柳 川,47,投手,右投右打,投手,,中抑,守護神,157,48,40,,,,,,,,fighters.zip:パワフルプロ野球2026-2027｜北海道日本ハムファイターズ｜デフォルト選手データ.html
北海道日本ハムファイターズ,福 島,45,投手,右投右打,投手,,先中,おまかせ,155,51,50,,,,,,,,fighters.zip:パワフルプロ野球2026-2027｜北海道日本ハムファイターズ｜デフォルト選手データ.html
北海道日本ハムファイターズ,金 村,24,投手,右投右打,投手,,先中,調子次第,152,77,69,,,,,,,,fighters.zip:パワフルプロ野球2026-2027｜北海道日本ハムファイターズ｜デフォルト選手データ.html
北海道日本ハムファイターズ,宮 西,25,投手,左投左打,投手,,中,リード時,143,52,43,,,,,,,,fighters.zip:パワフルプロ野球2026-2027｜北海道日本ハムファイターズ｜デフォルト選手データ.html
北海道日本ハムファイターズ,玉 井,19,投手,右投右打,投手,,中抑,おまかせ,149,61,50,,,,,,,,fighters.zip:パワフルプロ野球2026-2027｜北海道日本ハムファイターズ｜デフォルト選手データ.html
北海道日本ハムファイターズ,齋 藤,48,投手,右投左打,投手,,中抑,おまかせ、調子極端,161,36,59,,,,,,,,fighters.zip:パワフルプロ野球2026-2027｜北海道日本ハムファイターズ｜デフォルト選手データ.html
北海道日本ハムファイターズ,畔 柳,46,投手,右投右打,投手,,先中,調子次第,152,48,43,,,,,,,,fighters.zip:パワフルプロ野球2026-2027｜北海道日本ハムファイターズ｜デフォルト選手データ.html
北海道日本ハムファイターズ,柴 田,31,野手,右投左打,一塁手,外野手,,,,,,4,20,57,48,74,31,38,fighters.zip:パワフルプロ野球2026-2027｜北海道日本ハムファイターズ｜デフォルト選手データ.html
北海道日本ハムファイターズ,藤田琉,32,投手,左投左打,投手,,先中,調子次第,150,49,41,,,,,,,,fighters.zip:パワフルプロ野球2026-2027｜北海道日本ハムファイターズ｜デフォルト選手データ.html
北海道日本ハムファイターズ,清水大,62,投手,右投右打,投手,,先中,調子次第,149,32,43,,,,,,,,fighters.zip:パワフルプロ野球2026-2027｜北海道日本ハムファイターズ｜デフォルト選手データ.html
北海道日本ハムファイターズ,孫,96,投手,右投左打,投手,,先中,おまかせ,154,48,46,,,,,,,,fighters.zip:パワフルプロ野球2026-2027｜北海道日本ハムファイターズ｜デフォルト選手データ.html
北海道日本ハムファイターズ,生田目,13,投手,右投右打,投手,,中,おまかせ,155,53,47,,,,,,,,fighters.zip:パワフルプロ野球2026-2027｜北海道日本ハムファイターズ｜デフォルト選手データ.html
北海道日本ハムファイターズ,河 野,28,投手,左投左打,投手,,中,接戦時,150,53,58,,,,,,,,fighters.zip:パワフルプロ野球2026-2027｜北海道日本ハムファイターズ｜デフォルト選手データ.html
北海道日本ハムファイターズ,矢 澤,12,野手,左投左打,外野手,,,,,,,2,38,50,87,78,52,43,fighters.zip:パワフルプロ野球2026-2027｜北海道日本ハムファイターズ｜デフォルト選手データ.html
北海道日本ハムファイターズ,浅 利,35,投手,右投右打,投手,,中,ビハインドでも,154,27,47,,,,,,,,fighters.zip:パワフルプロ野球2026-2027｜北海道日本ハムファイターズ｜デフォルト選手データ.html
北海道日本ハムファイターズ,山 城,63,投手,右投右打,投手,,中,ビハインドでも,154,48,38,,,,,,,,fighters.zip:パワフルプロ野球2026-2027｜北海道日本ハムファイターズ｜デフォルト選手データ.html
北海道日本ハムファイターズ,福 谷,41,投手,右投右打,投手,,中,おまかせ,153,69,56,,,,,,,,fighters.zip:パワフルプロ野球2026-2027｜北海道日本ハムファイターズ｜デフォルト選手データ.html
北海道日本ハムファイターズ,島 本,40,投手,左投左打,投手,,中,ビハインドでも,148,68,43,,,,,,,,fighters.zip:パワフルプロ野球2026-2027｜北海道日本ハムファイターズ｜デフォルト選手データ.html
北海道日本ハムファイターズ,菊 地,55,投手,右投左打,投手,,中,おまかせ、調子極端,154,46,40,,,,,,,,fighters.zip:パワフルプロ野球2026-2027｜北海道日本ハムファイターズ｜デフォルト選手データ.html
北海道日本ハムファイターズ,ラ オ,30,投手,右投右打,投手,,中,おまかせ、調子極端,156,51,44,,,,,,,,fighters.zip:パワフルプロ野球2026-2027｜北海道日本ハムファイターズ｜デフォルト選手データ.html
北海道日本ハムファイターズ,杉 浦,22,投手,右投右打,投手,,中抑,おまかせ,156,56,52,,,,,,,,fighters.zip:パワフルプロ野球2026-2027｜北海道日本ハムファイターズ｜デフォルト選手データ.html
北海道日本ハムファイターズ,堀,34,投手,左投左打,投手,,中抑,おまかせ,153,41,55,,,,,,,,fighters.zip:パワフルプロ野球2026-2027｜北海道日本ハムファイターズ｜デフォルト選手データ.html
北海道日本ハムファイターズ,古 川,27,投手,右投左打,投手,,中抑,おまかせ,155,48,46,,,,,,,,fighters.zip:パワフルプロ野球2026-2027｜北海道日本ハムファイターズ｜デフォルト選手データ.html
北海道日本ハムファイターズ,進 藤,33,野手,右投右打,捕手,,,,,,,3,28,52,52,78,51,43,fighters.zip:パワフルプロ野球2026-2027｜北海道日本ハムファイターズ｜デフォルト選手データ.html
北海道日本ハムファイターズ,リ ン,38,野手,右投右打,捕手,,,,,,,2,37,49,56,71,52,55,fighters.zip:パワフルプロ野球2026-2027｜北海道日本ハムファイターズ｜デフォルト選手データ.html
北海道日本ハムファイターズ,郡 司,3,野手,右投右打,捕手,一塁手;外野手,,,,,,3,55,66,61,51,40,39,fighters.zip:パワフルプロ野球2026-2027｜北海道日本ハムファイターズ｜デフォルト選手データ.html
北海道日本ハムファイターズ,田 宮,64,野手,右投左打,捕手,二塁手;外野手,,,,,,2,53,58,68,81,48,41,fighters.zip:パワフルプロ野球2026-2027｜北海道日本ハムファイターズ｜デフォルト選手データ.html
北海道日本ハムファイターズ,吉 田,60,野手,右投右打,捕手,一塁手;外野手,,代打要員,,,,3,42,60,42,68,31,36,fighters.zip:パワフルプロ野球2026-2027｜北海道日本ハムファイターズ｜デフォルト選手データ.html
北海道日本ハムファイターズ,マルティネス,2,野手,右投右打,捕手,一塁手;外野手,,,,,,3,42,70,43,81,42,57,fighters.zip:パワフルプロ野球2026-2027｜北海道日本ハムファイターズ｜デフォルト選手データ.html
北海道日本ハムファイターズ,清水優,10,野手,右投右打,捕手,一塁手;三塁手,,,,,,3,28,58,44,76,52,58,fighters.zip:パワフルプロ野球2026-2027｜北海道日本ハムファイターズ｜デフォルト選手データ.html
北海道日本ハムファイターズ,梅 林,98,野手,右投右打,捕手,一塁手;外野手,,,,,,2,26,43,60,80,55,48,fighters.zip:パワフルプロ野球2026-2027｜北海道日本ハムファイターズ｜デフォルト選手データ.html
北海道日本ハムファイターズ,藤 森,57,野手,右投左打,捕手,一塁手;外野手,,,,,,2,41,26,67,72,33,29,fighters.zip:パワフルプロ野球2026-2027｜北海道日本ハムファイターズ｜デフォルト選手データ.html
北海道日本ハムファイターズ,水 野,43,野手,右投左打,遊撃手,二塁手;三塁手,,,,,,2,46,55,71,58,56,48,fighters.zip:パワフルプロ野球2026-2027｜北海道日本ハムファイターズ｜デフォルト選手データ.html
北海道日本ハムファイターズ,奈良間,58,野手,右投右打,三塁手,二塁手;遊撃手,,,,,,2,40,41,64,48,54,62,fighters.zip:パワフルプロ野球2026-2027｜北海道日本ハムファイターズ｜デフォルト選手データ.html
北海道日本ハムファイターズ,山 縣,54,野手,右投右打,遊撃手,二塁手;三塁手,,,,,,2,42,42,67,52,67,67,fighters.zip:パワフルプロ野球2026-2027｜北海道日本ハムファイターズ｜デフォルト選手データ.html
北海道日本ハムファイターズ,上川畑,4,野手,右投左打,二塁手,遊撃手;三塁手,,,,,,2,40,42,64,70,65,63,fighters.zip:パワフルプロ野球2026-2027｜北海道日本ハムファイターズ｜デフォルト選手データ.html
北海道日本ハムファイターズ,明 瀬,65,野手,右投右打,一塁手,二塁手;三塁手,,,,,,3,28,56,38,76,34,24,fighters.zip:パワフルプロ野球2026-2027｜北海道日本ハムファイターズ｜デフォルト選手データ.html
北海道日本ハムファイターズ,大 塚,49,野手,右投左打,遊撃手,二塁手;三塁手,,,,,,3,34,46,75,58,64,52,fighters.zip:パワフルプロ野球2026-2027｜北海道日本ハムファイターズ｜デフォルト選手データ.html
北海道日本ハムファイターズ,半 田,51,野手,右投左打,遊撃手,二塁手,,,,,,2,37,34,62,59,40,37,fighters.zip:パワフルプロ野球2026-2027｜北海道日本ハムファイターズ｜デフォルト選手データ.html
北海道日本ハムファイターズ,清 宮,21,野手,右投左打,三塁手,一塁手;外野手,,,,,,4,53,70,56,62,53,39,fighters.zip:パワフルプロ野球2026-2027｜北海道日本ハムファイターズ｜デフォルト選手データ.html
北海道日本ハムファイターズ,野 村,5,野手,右投右打,一塁手,外野手,,代打要員,,,,4,50,67,52,58,51,44,fighters.zip:パワフルプロ野球2026-2027｜北海道日本ハムファイターズ｜デフォルト選手データ.html
北海道日本ハムファイターズ,カストロ,6,野手,右投右打,二塁手,遊撃手;外野手,,,,,,3,46,73,67,71,63,51,fighters.zip:パワフルプロ野球2026-2027｜北海道日本ハムファイターズ｜デフォルト選手データ.html
北海道日本ハムファイターズ,中島卓,9,野手,右投左打,二塁手,遊撃手;外野手,,,,,,2,44,34,82,62,76,65,fighters.zip:パワフルプロ野球2026-2027｜北海道日本ハムファイターズ｜デフォルト選手データ.html
北海道日本ハムファイターズ,細 川,56,野手,右投左打,遊撃手,一塁手;外野手,,,,,,2,38,34,84,61,48,40,fighters.zip:パワフルプロ野球2026-2027｜北海道日本ハムファイターズ｜デフォルト選手データ.html
北海道日本ハムファイターズ,有 薗,39,野手,右投右打,三塁手,一塁手;外野手,,,,,,4,31,67,63,78,42,48,fighters.zip:パワフルプロ野球2026-2027｜北海道日本ハムファイターズ｜デフォルト選手データ.html
北海道日本ハムファイターズ,阪 口,44,野手,右投左打,三塁手,一塁手;外野手,,,,,,4,28,56,47,64,32,40,fighters.zip:パワフルプロ野球2026-2027｜北海道日本ハムファイターズ｜デフォルト選手データ.html
北海道日本ハムファイターズ,レイエス,99,野手,右投右打,外野手,一塁手,,,,,,3,58,82,48,63,32,43,fighters.zip:パワフルプロ野球2026-2027｜北海道日本ハムファイターズ｜デフォルト選手データ.html
北海道日本ハムファイターズ,万 波,66,野手,右投右打,外野手,一塁手,,,,,,4,48,77,64,96,67,41,fighters.zip:パワフルプロ野球2026-2027｜北海道日本ハムファイターズ｜デフォルト選手データ.html
北海道日本ハムファイターズ,西 川,7,野手,右投左打,外野手,一塁手,,調子極端,,,,3,40,48,83,40,58,43,fighters.zip:パワフルプロ野球2026-2027｜北海道日本ハムファイターズ｜デフォルト選手データ.html
北海道日本ハムファイターズ,淺 間,8,野手,右投左打,外野手,一塁手;三塁手,,,,,,2,42,57,70,81,63,53,fighters.zip:パワフルプロ野球2026-2027｜北海道日本ハムファイターズ｜デフォルト選手データ.html
北海道日本ハムファイターズ,水 谷,53,野手,右投右打,外野手,,,慎重盗塁,,,,3,44,74,78,60,47,43,fighters.zip:パワフルプロ野球2026-2027｜北海道日本ハムファイターズ｜デフォルト選手データ.html
北海道日本ハムファイターズ,五十幡,50,野手,右投左打,外野手,,,代走要員,,,,2,38,41,97,83,64,51,fighters.zip:パワフルプロ野球2026-2027｜北海道日本ハムファイターズ｜デフォルト選手データ.html
北海道日本ハムファイターズ,今 川,61,野手,右投右打,外野手,,,,,,,4,41,63,64,66,41,47,fighters.zip:パワフルプロ野球2026-2027｜北海道日本ハムファイターズ｜デフォルト選手データ.html
北海道日本ハムファイターズ,宮 崎,36,野手,右投右打,外野手,,,,,,,2,23,46,88,79,43,42,fighters.zip:パワフルプロ野球2026-2027｜北海道日本ハムファイターズ｜デフォルト選手データ.html
北海道日本ハムファイターズ,エドポロ,42,野手,右投右打,外野手,,,,,,,3,33,66,68,76,48,45,fighters.zip:パワフルプロ野球2026-2027｜北海道日本ハムファイターズ｜デフォルト選手データ.html
読売ジャイアンツ,竹 丸,21,投手,左投左打,投手,,先中,調子次第,152,65,60,,,,,,,,giants.zip:パワフルプロ野球2026-2027｜読売ジャイアンツ｜デフォルト選手データ.html
読売ジャイアンツ,ハワード,28,投手,右投右打,投手,,先中,調子次第,154,52,53,,,,,,,,giants.zip:パワフルプロ野球2026-2027｜読売ジャイアンツ｜デフォルト選手データ.html
読売ジャイアンツ,井 上,97,投手,左投左打,投手,,先中,調子次第,152,65,59,,,,,,,,giants.zip:パワフルプロ野球2026-2027｜読売ジャイアンツ｜デフォルト選手データ.html
読売ジャイアンツ,戸 郷,20,投手,右投右打,投手,,先,スタミナ限界,152,54,79,,,,,,,,giants.zip:パワフルプロ野球2026-2027｜読売ジャイアンツ｜デフォルト選手データ.html
読売ジャイアンツ,則 本,43,投手,右投左打,投手,,先中抑,調子次第、調子安定,155,67,54,,,,,,,,giants.zip:パワフルプロ野球2026-2027｜読売ジャイアンツ｜デフォルト選手データ.html
読売ジャイアンツ,田中将,11,投手,右投右打,投手,,先,調子次第,149,68,59,,,,,,,,giants.zip:パワフルプロ野球2026-2027｜読売ジャイアンツ｜デフォルト選手データ.html
読売ジャイアンツ,田中瑛,45,投手,右投左打,投手,,中抑,リード時,152,46,47,,,,,,,,giants.zip:パワフルプロ野球2026-2027｜読売ジャイアンツ｜デフォルト選手データ.html
読売ジャイアンツ,泉,63,投手,右投右打,投手,,中,ビハインドでも、調子極端,154,52,55,,,,,,,,giants.zip:パワフルプロ野球2026-2027｜読売ジャイアンツ｜デフォルト選手データ.html
読売ジャイアンツ,船 迫,58,投手,右投左打,投手,,中,リード時,151,50,42,,,,,,,,giants.zip:パワフルプロ野球2026-2027｜読売ジャイアンツ｜デフォルト選手データ.html
読売ジャイアンツ,北 浦,56,投手,左投左打,投手,,先中,ビハインドでも,152,45,44,,,,,,,,giants.zip:パワフルプロ野球2026-2027｜読売ジャイアンツ｜デフォルト選手データ.html
読売ジャイアンツ,中 川,41,投手,左投左打,投手,,中抑,接戦時、調子極端,150,67,49,,,,,,,,giants.zip:パワフルプロ野球2026-2027｜読売ジャイアンツ｜デフォルト選手データ.html
読売ジャイアンツ,大 勢,15,投手,右投右打,投手,,中抑,中継ぎエース,160,50,44,,,,,,,,giants.zip:パワフルプロ野球2026-2027｜読売ジャイアンツ｜デフォルト選手データ.html
読売ジャイアンツ,R．マルティネス,92,投手,右投左打,投手,,中抑,守護神、調子安定,160,74,42,,,,,,,,giants.zip:パワフルプロ野球2026-2027｜読売ジャイアンツ｜デフォルト選手データ.html
読売ジャイアンツ,石 川,65,投手,左投右打,投手,,先中,おまかせ,150,52,50,,,,,,,,giants.zip:パワフルプロ野球2026-2027｜読売ジャイアンツ｜デフォルト選手データ.html
読売ジャイアンツ,山崎伊,19,投手,右投左打,投手,,先,おまかせ,154,70,74,,,,,,,,giants.zip:パワフルプロ野球2026-2027｜読売ジャイアンツ｜デフォルト選手データ.html
読売ジャイアンツ,赤 星,31,投手,右投右打,投手,,先中,調子次第,154,72,58,,,,,,,,giants.zip:パワフルプロ野球2026-2027｜読売ジャイアンツ｜デフォルト選手データ.html
読売ジャイアンツ,堀 田,91,投手,右投右打,投手,,先中,調子次第,151,54,48,,,,,,,,giants.zip:パワフルプロ野球2026-2027｜読売ジャイアンツ｜デフォルト選手データ.html
読売ジャイアンツ,高 梨,53,投手,左投左打,投手,,中,左のワンポイント,146,35,46,,,,,,,,giants.zip:パワフルプロ野球2026-2027｜読売ジャイアンツ｜デフォルト選手データ.html
読売ジャイアンツ,横 川,62,投手,左投左打,投手,,先中,調子次第,146,52,48,,,,,,,,giants.zip:パワフルプロ野球2026-2027｜読売ジャイアンツ｜デフォルト選手データ.html
読売ジャイアンツ,西 舘,17,投手,右投右打,投手,,先中抑,スタミナ限界,155,53,51,,,,,,,,giants.zip:パワフルプロ野球2026-2027｜読売ジャイアンツ｜デフォルト選手データ.html
読売ジャイアンツ,森 田,47,投手,左投左打,投手,,先中,おまかせ,151,53,55,,,,,,,,giants.zip:パワフルプロ野球2026-2027｜読売ジャイアンツ｜デフォルト選手データ.html
読売ジャイアンツ,又 木,46,投手,左投左打,投手,,先中抑,おまかせ,149,52,48,,,,,,,,giants.zip:パワフルプロ野球2026-2027｜読売ジャイアンツ｜デフォルト選手データ.html
読売ジャイアンツ,山 田,64,投手,左投左打,投手,,先中,調子次第,150,39,55,,,,,,,,giants.zip:パワフルプロ野球2026-2027｜読売ジャイアンツ｜デフォルト選手データ.html
読売ジャイアンツ,松 浦,54,投手,左投左打,投手,,先中,調子次第、調子極端,155,40,42,,,,,,,,giants.zip:パワフルプロ野球2026-2027｜読売ジャイアンツ｜デフォルト選手データ.html
読売ジャイアンツ,ウィットリー,26,投手,右投右打,投手,,先中,おまかせ,157,41,49,,,,,,,,giants.zip:パワフルプロ野球2026-2027｜読売ジャイアンツ｜デフォルト選手データ.html
読売ジャイアンツ,ルシアーノ,48,投手,右投右打,投手,,先中抑,おまかせ,155,51,50,,,,,,,,giants.zip:パワフルプロ野球2026-2027｜読売ジャイアンツ｜デフォルト選手データ.html
読売ジャイアンツ,平 内,66,投手,右投右打,投手,,中,ビハインドでも,156,51,52,,,,,,,,giants.zip:パワフルプロ野球2026-2027｜読売ジャイアンツ｜デフォルト選手データ.html
読売ジャイアンツ,宮 原,57,投手,左投左打,投手,,中,おまかせ,153,41,47,,,,,,,,giants.zip:パワフルプロ野球2026-2027｜読売ジャイアンツ｜デフォルト選手データ.html
読売ジャイアンツ,山 城,36,投手,左投左打,投手,,中,おまかせ,154,22,43,,,,,,,,giants.zip:パワフルプロ野球2026-2027｜読売ジャイアンツ｜デフォルト選手データ.html
読売ジャイアンツ,マ タ,42,投手,右投右打,投手,,中,おまかせ,160,38,51,,,,,,,,giants.zip:パワフルプロ野球2026-2027｜読売ジャイアンツ｜デフォルト選手データ.html
読売ジャイアンツ,バルドナード,49,投手,左投左打,投手,,中抑,おまかせ,158,39,44,,,,,,,,giants.zip:パワフルプロ野球2026-2027｜読売ジャイアンツ｜デフォルト選手データ.html
読売ジャイアンツ,田 和,30,投手,右投右打,投手,,中抑,おまかせ,152,31,38,,,,,,,,giants.zip:パワフルプロ野球2026-2027｜読売ジャイアンツ｜デフォルト選手データ.html
読売ジャイアンツ,岸 田,27,野手,右投右打,捕手,,,,,,,3,42,65,55,77,59,47,giants.zip:パワフルプロ野球2026-2027｜読売ジャイアンツ｜デフォルト選手データ.html
読売ジャイアンツ,小 林,22,野手,右投右打,捕手,,,,,,,2,28,39,29,75,62,51,giants.zip:パワフルプロ野球2026-2027｜読売ジャイアンツ｜デフォルト選手データ.html
読売ジャイアンツ,甲 斐,10,野手,右投右打,捕手,,,慎重盗塁,,,,3,46,63,59,73,68,72,giants.zip:パワフルプロ野球2026-2027｜読売ジャイアンツ｜デフォルト選手データ.html
読売ジャイアンツ,大 城,24,野手,右投左打,捕手,一塁手,,,,,,4,61,68,24,74,51,58,giants.zip:パワフルプロ野球2026-2027｜読売ジャイアンツ｜デフォルト選手データ.html
読売ジャイアンツ,山 瀬,67,野手,右投右打,捕手,一塁手,,,,,,2,31,40,41,76,44,32,giants.zip:パワフルプロ野球2026-2027｜読売ジャイアンツ｜デフォルト選手データ.html
読売ジャイアンツ,郡,37,野手,右投右打,捕手,二塁手;三塁手,,,,,,2,35,40,66,63,48,48,giants.zip:パワフルプロ野球2026-2027｜読売ジャイアンツ｜デフォルト選手データ.html
読売ジャイアンツ,泉 口,35,野手,右投左打,遊撃手,二塁手;三塁手,,,,,,2,65,55,61,60,70,52,giants.zip:パワフルプロ野球2026-2027｜読売ジャイアンツ｜デフォルト選手データ.html
読売ジャイアンツ,坂 本,6,野手,右投右打,三塁手,遊撃手,,調子極端、慎重盗塁,,,,3,42,53,57,79,52,74,giants.zip:パワフルプロ野球2026-2027｜読売ジャイアンツ｜デフォルト選手データ.html
読売ジャイアンツ,吉川尚,2,野手,右投左打,二塁手,三塁手,,代走要員、守備要員,,,,2,62,59,80,61,82,76,giants.zip:パワフルプロ野球2026-2027｜読売ジャイアンツ｜デフォルト選手データ.html
読売ジャイアンツ,浦 田,32,野手,右投左打,遊撃手,二塁手;三塁手,,,,,,2,45,38,84,69,64,44,giants.zip:パワフルプロ野球2026-2027｜読売ジャイアンツ｜デフォルト選手データ.html
読売ジャイアンツ,門 脇,5,野手,右投左打,遊撃手,三塁手;二塁手,,,,,,2,39,46,77,74,75,54,giants.zip:パワフルプロ野球2026-2027｜読売ジャイアンツ｜デフォルト選手データ.html
読売ジャイアンツ,増田陸,61,野手,右投右打,二塁手,一塁手;三塁手,,,,,,3,44,61,67,63,52,41,giants.zip:パワフルプロ野球2026-2027｜読売ジャイアンツ｜デフォルト選手データ.html
読売ジャイアンツ,石 塚,23,野手,右投右打,遊撃手,三塁手,,,,,,3,42,48,64,66,41,45,giants.zip:パワフルプロ野球2026-2027｜読売ジャイアンツ｜デフォルト選手データ.html
読売ジャイアンツ,荒 巻,60,野手,右投左打,一塁手,二塁手;三塁手,,,,,,3,42,59,52,67,37,34,giants.zip:パワフルプロ野球2026-2027｜読売ジャイアンツ｜デフォルト選手データ.html
読売ジャイアンツ,リチャード,52,野手,右投右打,三塁手,一塁手,,,,,,4,28,76,51,62,52,38,giants.zip:パワフルプロ野球2026-2027｜読売ジャイアンツ｜デフォルト選手データ.html
読売ジャイアンツ,小 濱,33,野手,右投右打,遊撃手,二塁手;三塁手,,,,,,2,37,49,76,70,54,42,giants.zip:パワフルプロ野球2026-2027｜読売ジャイアンツ｜デフォルト選手データ.html
読売ジャイアンツ,藤 井,99,野手,右投右打,三塁手,一塁手,,,,,,3,28,55,45,50,32,31,giants.zip:パワフルプロ野球2026-2027｜読売ジャイアンツ｜デフォルト選手データ.html
読売ジャイアンツ,ダルベック,29,野手,右投右打,三塁手,一塁手;外野手,,,,,,4,37,79,77,64,46,40,giants.zip:パワフルプロ野球2026-2027｜読売ジャイアンツ｜デフォルト選手データ.html
読売ジャイアンツ,湯 浅,0,野手,右投右打,遊撃手,二塁手;外野手,,,,,,2,29,44,63,47,59,42,giants.zip:パワフルプロ野球2026-2027｜読売ジャイアンツ｜デフォルト選手データ.html
読売ジャイアンツ,増田大,0,野手,右投右打,遊撃手,二塁手;外野手,,代走要員,,,,2,30,38,71,60,58,47,giants.zip:パワフルプロ野球2026-2027｜読売ジャイアンツ｜デフォルト選手データ.html
読売ジャイアンツ,宇都宮,68,野手,右投左打,二塁手,三塁手;外野手,,,,,,1,37,33,87,63,54,48,giants.zip:パワフルプロ野球2026-2027｜読売ジャイアンツ｜デフォルト選手データ.html
読売ジャイアンツ,キャベッジ,13,野手,右投左打,外野手,一塁手,,,,,,2,50,76,74,80,44,41,giants.zip:パワフルプロ野球2026-2027｜読売ジャイアンツ｜デフォルト選手データ.html
読売ジャイアンツ,中 山,40,野手,右投左打,外野手,一塁手;二塁手,,,,,,3,56,63,70,71,57,59,giants.zip:パワフルプロ野球2026-2027｜読売ジャイアンツ｜デフォルト選手データ.html
読売ジャイアンツ,若 林,59,野手,右投右打,外野手,二塁手,,,,,,3,49,60,85,82,39,45,giants.zip:パワフルプロ野球2026-2027｜読売ジャイアンツ｜デフォルト選手データ.html
読売ジャイアンツ,三 塚,96,野手,左投左打,外野手,一塁手,,,,,,3,33,60,50,61,34,29,giants.zip:パワフルプロ野球2026-2027｜読売ジャイアンツ｜デフォルト選手データ.html
読売ジャイアンツ,松本剛,9,野手,右投右打,外野手,,,,,,,2,45,41,69,64,72,63,giants.zip:パワフルプロ野球2026-2027｜読売ジャイアンツ｜デフォルト選手データ.html
読売ジャイアンツ,丸,8,野手,右投左打,外野手,,,代打要員,,,,4,60,62,65,59,49,54,giants.zip:パワフルプロ野球2026-2027｜読売ジャイアンツ｜デフォルト選手データ.html
読売ジャイアンツ,佐々木,44,野手,右投左打,外野手,,,代打要員,,,,3,47,58,76,65,44,50,giants.zip:パワフルプロ野球2026-2027｜読売ジャイアンツ｜デフォルト選手データ.html
読売ジャイアンツ,岡 田,38,野手,右投左打,外野手,,,,,,,3,25,59,66,77,54,45,giants.zip:パワフルプロ野球2026-2027｜読売ジャイアンツ｜デフォルト選手データ.html
読売ジャイアンツ,浅 野,51,野手,右投右打,外野手,,,,,,,3,40,55,70,72,39,41,giants.zip:パワフルプロ野球2026-2027｜読売ジャイアンツ｜デフォルト選手データ.html
読売ジャイアンツ,萩 尾,12,野手,右投右打,外野手,,,,,,,3,38,58,67,49,50,47,giants.zip:パワフルプロ野球2026-2027｜読売ジャイアンツ｜デフォルト選手データ.html
読売ジャイアンツ,皆 川,39,野手,右投左打,外野手,,,,,,,2,51,41,70,72,52,43,giants.zip:パワフルプロ野球2026-2027｜読売ジャイアンツ｜デフォルト選手データ.html
阪神タイガース,村 上,41,投手,右投左打,投手,,先,調子次第、調子安定,151,80,74,,,,,,,,hanshin.zip:パワフルプロ野球2026-2027｜阪神タイガース｜デフォルト選手データ.htm
阪神タイガース,大 竹,21,投手,左投左打,投手,,先,調子次第,143,85,63,,,,,,,,hanshin.zip:パワフルプロ野球2026-2027｜阪神タイガース｜デフォルト選手データ.htm
阪神タイガース,髙 橋,29,投手,左投左打,投手,,先,勝利投手,151,82,73,,,,,,,,hanshin.zip:パワフルプロ野球2026-2027｜阪神タイガース｜デフォルト選手データ.htm
阪神タイガース,才 木,35,投手,右投右打,投手,,先中,調子次第,158,56,86,,,,,,,,hanshin.zip:パワフルプロ野球2026-2027｜阪神タイガース｜デフォルト選手データ.htm
阪神タイガース,ルーカス,42,投手,左投左打,投手,,先中,調子次第,156,42,56,,,,,,,,hanshin.zip:パワフルプロ野球2026-2027｜阪神タイガース｜デフォルト選手データ.htm
阪神タイガース,伊 原,18,投手,左投左打,投手,,先中,調子次第,147,62,58,,,,,,,,hanshin.zip:パワフルプロ野球2026-2027｜阪神タイガース｜デフォルト選手データ.htm
阪神タイガース,早 川,51,投手,右投右打,投手,,先中,ビハインドでも,151,50,51,,,,,,,,hanshin.zip:パワフルプロ野球2026-2027｜阪神タイガース｜デフォルト選手データ.htm
阪神タイガース,ドリス,98,投手,右投右打,投手,,中抑,ビハインドでも,154,47,42,,,,,,,,hanshin.zip:パワフルプロ野球2026-2027｜阪神タイガース｜デフォルト選手データ.htm
阪神タイガース,湯 浅,65,投手,右投右打,投手,,中抑,リード時,154,40,44,,,,,,,,hanshin.zip:パワフルプロ野球2026-2027｜阪神タイガース｜デフォルト選手データ.htm
阪神タイガース,桐 敷,47,投手,左投左打,投手,,中,接戦時,151,63,52,,,,,,,,hanshin.zip:パワフルプロ野球2026-2027｜阪神タイガース｜デフォルト選手データ.htm
阪神タイガース,及 川,37,投手,左投左打,投手,,中,接戦時,151,51,48,,,,,,,,hanshin.zip:パワフルプロ野球2026-2027｜阪神タイガース｜デフォルト選手データ.htm
阪神タイガース,モレッタ,99,投手,右投右打,投手,,中,中継ぎエース,155,48,42,,,,,,,,hanshin.zip:パワフルプロ野球2026-2027｜阪神タイガース｜デフォルト選手データ.htm
阪神タイガース,岩 崎,13,投手,左投左打,投手,,中抑,守護神,147,67,49,,,,,,,,hanshin.zip:パワフルプロ野球2026-2027｜阪神タイガース｜デフォルト選手データ.htm
阪神タイガース,伊藤将,27,投手,左投左打,投手,,先,調子次第,146,71,72,,,,,,,,hanshin.zip:パワフルプロ野球2026-2027｜阪神タイガース｜デフォルト選手データ.htm
阪神タイガース,門 別,30,投手,左投左打,投手,,先中,勝利投手,150,55,52,,,,,,,,hanshin.zip:パワフルプロ野球2026-2027｜阪神タイガース｜デフォルト選手データ.htm
阪神タイガース,岩 貞,14,投手,左投左打,投手,,中,ビハインドでも,146,49,50,,,,,,,,hanshin.zip:パワフルプロ野球2026-2027｜阪神タイガース｜デフォルト選手データ.htm
阪神タイガース,工 藤,49,投手,右投左打,投手,,中,おまかせ,159,35,47,,,,,,,,hanshin.zip:パワフルプロ野球2026-2027｜阪神タイガース｜デフォルト選手データ.htm
阪神タイガース,石 井,69,投手,右投右打,投手,,中抑,おまかせ、調子安定,153,62,48,,,,,,,,hanshin.zip:パワフルプロ野球2026-2027｜阪神タイガース｜デフォルト選手データ.htm
阪神タイガース,西,16,投手,右投右打,投手,,先,スタミナ限界、投球位置右,147,84,65,,,,,,,,hanshin.zip:パワフルプロ野球2026-2027｜阪神タイガース｜デフォルト選手データ.htm
阪神タイガース,畠,36,投手,右投左打,投手,,先中,おまかせ,150,59,54,,,,,,,,hanshin.zip:パワフルプロ野球2026-2027｜阪神タイガース｜デフォルト選手データ.htm
阪神タイガース,富 田,50,投手,左投左打,投手,,先中,勝利投手,143,60,51,,,,,,,,hanshin.zip:パワフルプロ野球2026-2027｜阪神タイガース｜デフォルト選手データ.htm
阪神タイガース,能 登,55,投手,右投右打,投手,,先中,勝利投手,150,42,53,,,,,,,,hanshin.zip:パワフルプロ野球2026-2027｜阪神タイガース｜デフォルト選手データ.htm
阪神タイガース,今朝丸,28,投手,右投右打,投手,,先,調子次第,151,55,45,,,,,,,,hanshin.zip:パワフルプロ野球2026-2027｜阪神タイガース｜デフォルト選手データ.htm
阪神タイガース,茨 木,48,投手,右投右打,投手,,先,調子次第,150,50,54,,,,,,,,hanshin.zip:パワフルプロ野球2026-2027｜阪神タイガース｜デフォルト選手データ.htm
阪神タイガース,下 村,19,投手,右投右打,投手,,先中,勝利投手,153,63,54,,,,,,,,hanshin.zip:パワフルプロ野球2026-2027｜阪神タイガース｜デフォルト選手データ.htm
阪神タイガース,津 田,66,投手,右投右打,投手,,先中,おまかせ,152,49,57,,,,,,,,hanshin.zip:パワフルプロ野球2026-2027｜阪神タイガース｜デフォルト選手データ.htm
阪神タイガース,ラグズデール,46,投手,右投右打,投手,,先中,おまかせ,155,42,57,,,,,,,,hanshin.zip:パワフルプロ野球2026-2027｜阪神タイガース｜デフォルト選手データ.htm
阪神タイガース,岡 留,64,投手,右投右打,投手,,中,おまかせ,150,41,47,,,,,,,,hanshin.zip:パワフルプロ野球2026-2027｜阪神タイガース｜デフォルト選手データ.htm
阪神タイガース,石 黒,63,投手,右投右打,投手,,中,おまかせ,152,55,48,,,,,,,,hanshin.zip:パワフルプロ野球2026-2027｜阪神タイガース｜デフォルト選手データ.htm
阪神タイガース,木 下,54,投手,右投右打,投手,,中,ビハインドでも,158,44,48,,,,,,,,hanshin.zip:パワフルプロ野球2026-2027｜阪神タイガース｜デフォルト選手データ.htm
阪神タイガース,早 瀬,44,投手,右投左打,投手,,中,おまかせ,151,36,34,,,,,,,,hanshin.zip:パワフルプロ野球2026-2027｜阪神タイガース｜デフォルト選手データ.htm
阪神タイガース,椎 葉,26,投手,右投右打,投手,,中抑,おまかせ,154,33,40,,,,,,,,hanshin.zip:パワフルプロ野球2026-2027｜阪神タイガース｜デフォルト選手データ.htm
阪神タイガース,坂 本,12,野手,右投右打,捕手,,,,,,,2,47,50,56,55,62,62,hanshin.zip:パワフルプロ野球2026-2027｜阪神タイガース｜デフォルト選手データ.htm
阪神タイガース,梅 野,2,野手,右投右打,捕手,,,,,,,2,36,41,57,63,74,81,hanshin.zip:パワフルプロ野球2026-2027｜阪神タイガース｜デフォルト選手データ.htm
阪神タイガース,榮 枝,39,野手,右投右打,捕手,,,,,,,2,38,42,63,82,48,48,hanshin.zip:パワフルプロ野球2026-2027｜阪神タイガース｜デフォルト選手データ.htm
阪神タイガース,長 坂,57,野手,右投右打,捕手,,,,,,,2,32,47,54,72,51,44,hanshin.zip:パワフルプロ野球2026-2027｜阪神タイガース｜デフォルト選手データ.htm
阪神タイガース,町 田,43,野手,右投右打,捕手,,,,,,,2,32,51,57,71,43,47,hanshin.zip:パワフルプロ野球2026-2027｜阪神タイガース｜デフォルト選手データ.htm
阪神タイガース,藤 田,59,野手,右投右打,捕手,,,,,,,2,26,43,60,75,40,33,hanshin.zip:パワフルプロ野球2026-2027｜阪神タイガース｜デフォルト選手データ.htm
阪神タイガース,嶋 村,85,野手,右投左打,捕手,一塁手,,,,,,2,40,58,37,62,34,48,hanshin.zip:パワフルプロ野球2026-2027｜阪神タイガース｜デフォルト選手データ.htm
阪神タイガース,伏 見,17,野手,右投右打,捕手,一塁手,,,,,,3,43,59,40,61,50,49,hanshin.zip:パワフルプロ野球2026-2027｜阪神タイガース｜デフォルト選手データ.htm
阪神タイガース,中 川,68,野手,右投右打,捕手,外野手;三塁手,,,,,,3,40,55,63,73,39,50,hanshin.zip:パワフルプロ野球2026-2027｜阪神タイガース｜デフォルト選手データ.htm
阪神タイガース,中 野,7,野手,右投左打,二塁手,遊撃手,,,,,,2,63,49,75,51,69,76,hanshin.zip:パワフルプロ野球2026-2027｜阪神タイガース｜デフォルト選手データ.htm
阪神タイガース,大 山,3,野手,右投右打,一塁手,三塁手,,,,,,3,53,69,58,73,57,72,hanshin.zip:パワフルプロ野球2026-2027｜阪神タイガース｜デフォルト選手データ.htm
阪神タイガース,木 浪,0,野手,右投左打,遊撃手,二塁手;三塁手,,代打要員,,,,2,36,43,59,60,54,48,hanshin.zip:パワフルプロ野球2026-2027｜阪神タイガース｜デフォルト選手データ.htm
阪神タイガース,小 幡,38,野手,右投左打,遊撃手,二塁手;三塁手,,慎重盗塁,,,,2,46,53,77,79,59,48,hanshin.zip:パワフルプロ野球2026-2027｜阪神タイガース｜デフォルト選手データ.htm
阪神タイガース,糸 原,33,野手,右投左打,三塁手,一塁手;二塁手,,,,,,2,39,44,57,48,52,62,hanshin.zip:パワフルプロ野球2026-2027｜阪神タイガース｜デフォルト選手データ.htm
阪神タイガース,佐 野,45,野手,右投右打,遊撃手,二塁手;一塁手,,,,,,1,37,36,73,66,41,46,hanshin.zip:パワフルプロ野球2026-2027｜阪神タイガース｜デフォルト選手データ.htm
阪神タイガース,百 﨑,56,野手,右投右打,遊撃手,二塁手;三塁手,,,,,,3,34,42,77,65,29,31,hanshin.zip:パワフルプロ野球2026-2027｜阪神タイガース｜デフォルト選手データ.htm
阪神タイガース,山 田,52,野手,右投右打,遊撃手,二塁手,,,,,,2,28,37,69,63,55,38,hanshin.zip:パワフルプロ野球2026-2027｜阪神タイガース｜デフォルト選手データ.htm
阪神タイガース,元 山,0,野手,右投左打,遊撃手,一塁手;二塁手,,,,,,3,35,48,53,68,51,43,hanshin.zip:パワフルプロ野球2026-2027｜阪神タイガース｜デフォルト選手データ.htm
阪神タイガース,佐藤輝,8,野手,右投左打,三塁手,外野手,,,,,,4,62,86,68,71,52,58,hanshin.zip:パワフルプロ野球2026-2027｜阪神タイガース｜デフォルト選手データ.htm
阪神タイガース,熊 谷,4,野手,右投右打,遊撃手,二塁手;外野手,,,,,,1,38,40,79,68,58,60,hanshin.zip:パワフルプロ野球2026-2027｜阪神タイガース｜デフォルト選手データ.htm
阪神タイガース,植 田,62,野手,右投両打,遊撃手,二塁手;外野手,,,,,,1,23,29,84,58,51,52,hanshin.zip:パワフルプロ野球2026-2027｜阪神タイガース｜デフォルト選手データ.htm
阪神タイガース,高 寺,67,野手,右投左打,遊撃手,外野手;二塁手,,,,,,2,48,48,78,70,57,45,hanshin.zip:パワフルプロ野球2026-2027｜阪神タイガース｜デフォルト選手データ.htm
阪神タイガース,立 石,9,野手,右投右打,三塁手,一塁手;外野手,,,,,,3,48,70,75,72,44,40,hanshin.zip:パワフルプロ野球2026-2027｜阪神タイガース｜デフォルト選手データ.htm
阪神タイガース,谷 端,25,野手,右投右打,三塁手,二塁手;外野手,,,,,,3,40,56,63,65,37,32,hanshin.zip:パワフルプロ野球2026-2027｜阪神タイガース｜デフォルト選手データ.htm
阪神タイガース,ディベイニー,24,野手,右投右打,遊撃手,二塁手;三塁手,,,,,,3,38,69,59,83,43,38,hanshin.zip:パワフルプロ野球2026-2027｜阪神タイガース｜デフォルト選手データ.htm
阪神タイガース,濱 田,32,野手,右投右打,外野手,三塁手,,代打要員,,,,4,32,64,58,59,50,41,hanshin.zip:パワフルプロ野球2026-2027｜阪神タイガース｜デフォルト選手データ.htm
阪神タイガース,前 川,58,野手,左投左打,外野手,一塁手,,,,,,2,49,55,57,56,37,51,hanshin.zip:パワフルプロ野球2026-2027｜阪神タイガース｜デフォルト選手データ.htm
阪神タイガース,小野寺,60,野手,右投右打,外野手,一塁手;三塁手,,,,,,2,45,54,64,67,52,45,hanshin.zip:パワフルプロ野球2026-2027｜阪神タイガース｜デフォルト選手データ.htm
阪神タイガース,近 本,5,野手,左投左打,外野手,,,,,,,2,65,58,86,41,89,74,hanshin.zip:パワフルプロ野球2026-2027｜阪神タイガース｜デフォルト選手データ.htm
阪神タイガース,森 下,1,野手,右投右打,外野手,,,,,,,4,63,76,60,64,70,51,hanshin.zip:パワフルプロ野球2026-2027｜阪神タイガース｜デフォルト選手データ.htm
阪神タイガース,岡 城,34,野手,右投右打,外野手,,,,,,,2,28,44,97,73,41,43,hanshin.zip:パワフルプロ野球2026-2027｜阪神タイガース｜デフォルト選手データ.htm
阪神タイガース,島 田,53,野手,右投左打,外野手,,,,,,,1,43,36,87,65,53,50,hanshin.zip:パワフルプロ野球2026-2027｜阪神タイガース｜デフォルト選手データ.htm
阪神タイガース,豊 田,61,野手,右投右打,外野手,,,,,,,3,36,57,58,59,40,45,hanshin.zip:パワフルプロ野球2026-2027｜阪神タイガース｜デフォルト選手データ.htm
阪神タイガース,井 坪,40,野手,右投右打,外野手,,,,,,,3,41,47,76,65,55,51,hanshin.zip:パワフルプロ野球2026-2027｜阪神タイガース｜デフォルト選手データ.htm
福岡ソフトバンクホークス,上 沢,10,投手,右投右打,投手,,先,スタミナ限界,153,64,71,,,,,,,,hawks.zip:âpâÅâtâïâvâìû∞ïà2026-2027übòƒë¬â/âtâgâoâôâNâzü[âNâXübâfâtâHâïâgæIÄΦâfü[â^.html
福岡ソフトバンクホークス,松本晴,49,投手,左投左打,投手,,先中,調子次第,152,61,52,,,,,,,,hawks.zip:âpâÅâtâïâvâìû∞ïà2026-2027übòƒë¬â/âtâgâoâôâNâzü[âNâXübâfâtâHâïâgæIÄΦâfü[â^.html
福岡ソフトバンクホークス,スチュワートJR,2,投手,右投右打,投手,,先中,調子次第,159,43,68,,,,,,,,hawks.zip:âpâÅâtâïâvâìû∞ïà2026-2027übòƒë¬â/âtâgâoâôâNâzü[âNâXübâfâtâHâïâgæIÄΦâfü[â^.html
福岡ソフトバンクホークス,大 関,47,投手,左投左打,投手,,先中,スタミナ限界,149,65,62,,,,,,,,hawks.zip:âpâÅâtâïâvâìû∞ïà2026-2027übòƒë¬â/âtâgâoâôâNâzü[âNâXübâfâtâHâïâgæIÄΦâfü[â^.html
福岡ソフトバンクホークス,大 津,19,投手,右投左打,投手,,先中,勝利投手,151,73,66,,,,,,,,hawks.zip:âpâÅâtâïâvâìû∞ïà2026-2027übòƒë¬â/âtâgâoâôâNâzü[âNâXübâfâtâHâïâgæIÄΦâfü[â^.html
福岡ソフトバンクホークス,モイネロ,35,投手,左投左打,投手,,先中抑,調子次第,155,64,73,,,,,,,,hawks.zip:âpâÅâtâïâvâìû∞ïà2026-2027übòƒë¬â/âtâgâoâôâNâzü[âNâXübâfâtâHâïâgæIÄΦâfü[â^.html
福岡ソフトバンクホークス,ヘルナンデス,63,投手,左投左打,投手,,中抑,接戦時,158,39,42,,,,,,,,hawks.zip:âpâÅâtâïâvâìû∞ïà2026-2027übòƒë¬â/âtâgâoâôâNâzü[âNâXübâfâtâHâïâgæIÄΦâfü[â^.html
福岡ソフトバンクホークス,上茶谷,64,投手,右投右打,投手,,先中,ビハインドでも,151,60,63,,,,,,,,hawks.zip:âpâÅâtâïâvâìû∞ïà2026-2027übòƒë¬â/âtâgâoâôâNâzü[âNâXübâfâtâHâïâgæIÄΦâfü[â^.html
福岡ソフトバンクホークス,木村光,68,投手,右投左打,投手,,先中,リード時,154,56,48,,,,,,,,hawks.zip:âpâÅâtâïâvâìû∞ïà2026-2027übòƒë¬â/âtâgâoâôâNâzü[âNâXübâfâtâHâïâgæIÄΦâfü[â^.html
福岡ソフトバンクホークス,鈴木豪,26,投手,右投右打,投手,,先中,左のワンポイント,148,51,54,,,,,,,,hawks.zip:âpâÅâtâïâvâìû∞ïà2026-2027übòƒë¬â/âtâgâoâôâNâzü[âNâXübâfâtâHâïâgæIÄΦâfü[â^.html
福岡ソフトバンクホークス,大 野,60,投手,左投左打,投手,,先中,ビハインドでも,149,48,44,,,,,,,,hawks.zip:âpâÅâtâïâvâìû∞ïà2026-2027übòƒë¬â/âtâgâoâôâNâzü[âNâXübâfâtâHâïâgæIÄΦâfü[â^.html
福岡ソフトバンクホークス,松本裕,66,投手,右投左打,投手,,中抑,中継ぎエース,158,60,48,,,,,,,,hawks.zip:âpâÅâtâïâvâìû∞ïà2026-2027übòƒë¬â/âtâgâoâôâNâzü[âNâXübâfâtâHâïâgæIÄΦâfü[â^.html
福岡ソフトバンクホークス,杉 山,40,投手,右投右打,投手,,中抑,守護神,158,44,49,,,,,,,,hawks.zip:âpâÅâtâïâvâìû∞ïà2026-2027übòƒë¬â/âtâgâoâôâNâzü[âNâXübâfâtâHâïâgæIÄΦâfü[â^.html
福岡ソフトバンクホークス,東 浜,16,投手,右投右打,投手,,先,調子次第、調子安定,148,71,60,,,,,,,,hawks.zip:âpâÅâtâïâvâìû∞ïà2026-2027übòƒë¬â/âtâgâoâôâNâzü[âNâXübâfâtâHâïâgæIÄΦâfü[â^.html
福岡ソフトバンクホークス,津 森,11,投手,右投右打,投手,,中,おまかせ、調子極端,154,48,39,,,,,,,,hawks.zip:âpâÅâtâïâvâìû∞ïà2026-2027übòƒë¬â/âtâgâoâôâNâzü[âNâXübâfâtâHâïâgæIÄΦâfü[â^.html
福岡ソフトバンクホークス,藤 井,48,投手,右投左打,投手,,中抑,おまかせ,156,52,48,,,,,,,,hawks.zip:âpâÅâtâïâvâìû∞ïà2026-2027übòƒë¬â/âtâgâoâôâNâzü[âNâXübâfâtâHâïâgæIÄΦâfü[â^.html
福岡ソフトバンクホークス,オスナ,54,投手,右投右打,投手,,中抑,おまかせ,157,67,45,,,,,,,,hawks.zip:âpâÅâtâïâvâìû∞ïà2026-2027übòƒë¬â/âtâgâoâôâNâzü[âNâXübâfâtâHâïâgæIÄΦâfü[â^.html
福岡ソフトバンクホークス,尾 形,39,投手,右投左打,投手,,中抑,おまかせ、調子極端,159,39,53,,,,,,,,hawks.zip:âpâÅâtâïâvâìû∞ïà2026-2027übòƒë¬â/âtâgâoâôâNâzü[âNâXübâfâtâHâïâgæIÄΦâfü[â^.html
福岡ソフトバンクホークス,木村大,58,投手,左投左打,投手,,先中,おまかせ、調子極端,150,51,42,,,,,,,,hawks.zip:âpâÅâtâïâvâìû∞ïà2026-2027übòƒë¬â/âtâgâoâôâNâzü[âNâXübâfâtâHâïâgæIÄΦâfü[â^.html
福岡ソフトバンクホークス,前田悠,41,投手,左投左打,投手,,先,調子次第,148,69,49,,,,,,,,hawks.zip:âpâÅâtâïâvâìû∞ïà2026-2027übòƒë¬â/âtâgâoâôâNâzü[âNâXübâfâtâHâïâgæIÄΦâfü[â^.html
福岡ソフトバンクホークス,岩 井,27,投手,右投右打,投手,,先中,調子次第,156,37,47,,,,,,,,hawks.zip:âpâÅâtâïâvâìû∞ïà2026-2027übòƒë¬â/âtâgâoâôâNâzü[âNâXübâfâtâHâïâgæIÄΦâfü[â^.html
福岡ソフトバンクホークス,大 山,53,投手,右投右打,投手,,先中,調子次第,154,46,48,,,,,,,,hawks.zip:âpâÅâtâïâvâìû∞ïà2026-2027übòƒë¬â/âtâgâoâôâNâzü[âNâXübâfâtâHâïâgæIÄΦâfü[â^.html
福岡ソフトバンクホークス,前田純,51,投手,左投左打,投手,,先,おまかせ,144,53,52,,,,,,,,hawks.zip:âpâÅâtâïâvâìû∞ïà2026-2027übòƒë¬â/âtâgâoâôâNâzü[âNâXübâfâtâHâïâgæIÄΦâfü[â^.html
福岡ソフトバンクホークス,岩 崎,69,投手,右投右打,投手,,先中,おまかせ,153,41,56,,,,,,,,hawks.zip:âpâÅâtâïâvâìû∞ïà2026-2027übòƒë¬â/âtâgâoâôâNâzü[âNâXübâfâtâHâïâgæIÄΦâfü[â^.html
福岡ソフトバンクホークス,大 江,29,投手,左投左打,投手,,先中,おまかせ,143,43,45,,,,,,,,hawks.zip:âpâÅâtâïâvâìû∞ïà2026-2027übòƒë¬â/âtâgâoâôâNâzü[âNâXübâfâtâHâïâgæIÄΦâfü[â^.html
福岡ソフトバンクホークス,相 良,50,投手,右投右打,投手,,先,おまかせ,152,38,63,,,,,,,,hawks.zip:âpâÅâtâïâvâìû∞ïà2026-2027übòƒë¬â/âtâgâoâôâNâzü[âNâXübâfâtâHâïâgæIÄΦâfü[â^.html
福岡ソフトバンクホークス,徐,18,投手,右投右打,投手,,先,おまかせ,158,67,49,,,,,,,,hawks.zip:âpâÅâtâïâvâìû∞ïà2026-2027übòƒë¬â/âtâgâoâôâNâzü[âNâXübâfâtâHâïâgæIÄΦâfü[â^.html
福岡ソフトバンクホークス,村 上,20,投手,右投両打,投手,,中,おまかせ,153,32,39,,,,,,,,hawks.zip:âpâÅâtâïâvâìû∞ïà2026-2027übòƒë¬â/âtâgâoâôâNâzü[âNâXübâfâtâHâïâgæIÄΦâfü[â^.html
福岡ソフトバンクホークス,安 德,28,投手,右投右打,投手,,中,おまかせ,152,55,45,,,,,,,,hawks.zip:âpâÅâtâïâvâìû∞ïà2026-2027übòƒë¬â/âtâgâoâôâNâzü[âNâXübâfâtâHâïâgæIÄΦâfü[â^.html
福岡ソフトバンクホークス,伊 藤,42,投手,右投右打,投手,,中,おまかせ,154,38,51,,,,,,,,hawks.zip:âpâÅâtâïâvâìû∞ïà2026-2027übòƒë¬â/âtâgâoâôâNâzü[âNâXübâfâtâHâïâgæIÄΦâfü[â^.html
福岡ソフトバンクホークス,稲 川,13,投手,右投右打,投手,,中,おまかせ,152,43,47,,,,,,,,hawks.zip:âpâÅâtâïâvâìû∞ïà2026-2027übòƒë¬â/âtâgâoâôâNâzü[âNâXübâfâtâHâïâgæIÄΦâfü[â^.html
福岡ソフトバンクホークス,中村稔,30,投手,左投左打,投手,,中,おまかせ,146,41,51,,,,,,,,hawks.zip:âpâÅâtâïâvâìû∞ïà2026-2027übòƒë¬â/âtâgâoâôâNâzü[âNâXübâfâtâHâïâgæIÄΦâfü[â^.html
福岡ソフトバンクホークス,海 野,62,野手,右投右打,捕手,,,,,,,2,33,42,52,77,55,67,hawks.zip:âpâÅâtâïâvâìû∞ïà2026-2027übòƒë¬â/âtâgâoâôâNâzü[âNâXübâfâtâHâïâgæIÄΦâfü[â^.html
福岡ソフトバンクホークス,嶺 井,12,野手,右投右打,捕手,,,守備要員,,,,3,37,58,51,68,53,42,hawks.zip:âpâÅâtâïâvâìû∞ïà2026-2027übòƒë¬â/âtâgâoâôâNâzü[âNâXübâfâtâHâïâgæIÄΦâfü[â^.html
福岡ソフトバンクホークス,谷川原,45,野手,右投左打,捕手,外野手,,,,,,3,44,57,69,92,50,41,hawks.zip:âpâÅâtâïâvâìû∞ïà2026-2027übòƒë¬â/âtâgâoâôâNâzü[âNâXübâfâtâHâïâgæIÄΦâfü[â^.html
福岡ソフトバンクホークス,藤 田,65,野手,右投右打,捕手,一塁手,,,,,,1,28,41,58,65,37,29,hawks.zip:âpâÅâtâïâvâìû∞ïà2026-2027übòƒë¬â/âtâgâoâôâNâzü[âNâXübâfâtâHâïâgæIÄΦâfü[â^.html
福岡ソフトバンクホークス,渡邉陸,0,野手,右投左打,捕手,外野手,,,,,,3,34,54,59,82,47,37,hawks.zip:âpâÅâtâïâvâìû∞ïà2026-2027übòƒë¬â/âtâgâoâôâNâzü[âNâXübâfâtâHâïâgæIÄΦâfü[â^.html
福岡ソフトバンクホークス,石 塚,55,野手,右投右打,捕手,外野手;一塁手,,,,,,3,41,56,51,68,35,43,hawks.zip:âpâÅâtâïâvâìû∞ïà2026-2027übòƒë¬â/âtâgâoâôâNâzü[âNâXübâfâtâHâïâgæIÄΦâfü[â^.html
福岡ソフトバンクホークス,山 川,5,野手,右投右打,一塁手,,,,,,,4,49,83,47,53,56,49,hawks.zip:âpâÅâtâïâvâìû∞ïà2026-2027übòƒë¬â/âtâgâoâôâNâzü[âNâXübâfâtâHâïâgæIÄΦâfü[â^.html
福岡ソフトバンクホークス,今 宮,6,野手,右投右打,遊撃手,二塁手;三塁手,,慎重盗塁,,,,2,53,61,66,74,61,75,hawks.zip:âpâÅâtâïâvâìû∞ïà2026-2027übòƒë¬â/âtâgâoâôâNâzü[âNâXübâfâtâHâïâgæIÄΦâfü[â^.html
福岡ソフトバンクホークス,川 瀬,0,野手,右投左打,遊撃手,三塁手;一塁手,,代打要員,,,,2,50,40,79,64,63,62,hawks.zip:âpâÅâtâïâvâìû∞ïà2026-2027übòƒë¬â/âtâgâoâôâNâzü[âNâXübâfâtâHâïâgæIÄΦâfü[â^.html
福岡ソフトバンクホークス,廣 瀨,33,野手,右投右打,一塁手,二塁手;三塁手,,,,,,3,41,57,61,55,46,45,hawks.zip:âpâÅâtâïâvâìû∞ïà2026-2027übòƒë¬â/âtâgâoâôâNâzü[âNâXübâfâtâHâïâgæIÄΦâfü[â^.html
福岡ソフトバンクホークス,ダウンズ,4,野手,右投右打,遊撃手,二塁手;三塁手,,,,,,2,47,64,83,81,58,42,hawks.zip:âpâÅâtâïâvâìû∞ïà2026-2027übòƒë¬â/âtâgâoâôâNâzü[âNâXübâfâtâHâïâgæIÄΦâfü[â^.html
福岡ソフトバンクホークス,宇 野,46,野手,右投右打,遊撃手,三塁手;一塁手,,,,,,3,34,47,65,48,38,33,hawks.zip:âpâÅâtâïâvâìû∞ïà2026-2027übòƒë¬â/âtâgâoâôâNâzü[âNâXübâfâtâHâïâgæIÄΦâfü[â^.html
福岡ソフトバンクホークス,栗 原,24,野手,右投左打,三塁手,一塁手;外野手,,慎重盗塁,,,,4,63,76,59,62,67,46,hawks.zip:âpâÅâtâïâvâìû∞ïà2026-2027übòƒë¬â/âtâgâoâôâNâzü[âNâXübâfâtâHâïâgæIÄΦâfü[â^.html
福岡ソフトバンクホークス,野 村,99,野手,右投右打,遊撃手,二塁手,,,,,,3,47,70,81,77,54,52,hawks.zip:âpâÅâtâïâvâìû∞ïà2026-2027übòƒë¬â/âtâgâoâôâNâzü[âNâXübâfâtâHâïâgæIÄΦâfü[â^.html
福岡ソフトバンクホークス,牧原大,8,野手,右投左打,二塁手,三塁手;外野手,,,,,,2,60,54,82,62,72,52,hawks.zip:âpâÅâtâïâvâìû∞ïà2026-2027übòƒë¬â/âtâgâoâôâNâzü[âNâXübâfâtâHâïâgæIÄΦâfü[â^.html
福岡ソフトバンクホークス,中村晃,7,野手,左投左打,一塁手,外野手,,代打要員、慎重盗塁,,,,3,45,46,61,53,56,74,hawks.zip:âpâÅâtâïâvâìû∞ïà2026-2027übòƒë¬â/âtâgâoâôâNâzü[âNâXübâfâtâHâïâgæIÄΦâfü[â^.html
福岡ソフトバンクホークス,イヒネ,36,野手,右投左打,遊撃手,三塁手;外野手,,,,,,3,34,51,77,69,44,32,hawks.zip:âpâÅâtâïâvâìû∞ïà2026-2027übòƒë¬â/âtâgâoâôâNâzü[âNâXübâfâtâHâïâgæIÄΦâfü[â^.html
福岡ソフトバンクホークス,井 上,43,野手,右投右打,三塁手,一塁手;外野手,,,,,,3,36,58,63,60,43,37,hawks.zip:âpâÅâtâïâvâìû∞ïà2026-2027übòƒë¬â/âtâgâoâôâNâzü[âNâXübâfâtâHâïâgæIÄΦâfü[â^.html
福岡ソフトバンクホークス,庄 子,25,野手,右投左打,遊撃手,二塁手;外野手,,,,,,2,34,33,87,70,51,36,hawks.zip:âpâÅâtâïâvâìû∞ïà2026-2027übòƒë¬â/âtâgâoâôâNâzü[âNâXübâfâtâHâïâgæIÄΦâfü[â^.html
福岡ソフトバンクホークス,石 見,67,野手,右投左打,遊撃手,三塁手;二塁手,,,,,,2,38,35,70,65,40,31,hawks.zip:âpâÅâtâïâvâìû∞ïà2026-2027übòƒë¬â/âtâgâoâôâNâzü[âNâXübâfâtâHâïâgæIÄΦâfü[â^.html
福岡ソフトバンクホークス,秋 広,52,野手,右投左打,一塁手,外野手;三塁手,,,,,,3,52,61,62,57,40,46,hawks.zip:âpâÅâtâïâvâìû∞ïà2026-2027übòƒë¬â/âtâgâoâôâNâzü[âNâXübâfâtâHâïâgæIÄΦâfü[â^.html
福岡ソフトバンクホークス,髙 橋,56,野手,右投右打,三塁手,一塁手;外野手,,,,,,3,45,62,41,60,38,40,hawks.zip:âpâÅâtâïâvâìû∞ïà2026-2027übòƒë¬â/âtâgâoâôâNâzü[âNâXübâfâtâHâïâgæIÄΦâfü[â^.html
福岡ソフトバンクホークス,周 東,23,野手,右投左打,外野手,三塁手;二塁手,,代走要員,,,,2,61,47,96,63,70,49,hawks.zip:âpâÅâtâïâvâìû∞ïà2026-2027übòƒë¬â/âtâgâoâôâNâzü[âNâXübâfâtâHâïâgæIÄΦâfü[â^.html
福岡ソフトバンクホークス,柳 町,32,野手,右投左打,外野手,一塁手,,慎重盗塁,,,,2,60,56,67,72,55,52,hawks.zip:âpâÅâtâïâvâìû∞ïà2026-2027übòƒë¬â/âtâgâoâôâNâzü[âNâXübâfâtâHâïâgæIÄΦâfü[â^.html
福岡ソフトバンクホークス,正 木,31,野手,右投右打,外野手,一塁手,,慎重盗塁,,,,3,50,65,48,64,50,47,hawks.zip:âpâÅâtâïâvâìû∞ïà2026-2027übòƒë¬â/âtâgâoâôâNâzü[âNâXübâfâtâHâïâgæIÄΦâfü[â^.html
福岡ソフトバンクホークス,近 藤,3,野手,右投左打,外野手,,,,,,,3,80,74,64,74,69,62,hawks.zip:âpâÅâtâïâvâìû∞ïà2026-2027übòƒë¬â/âtâgâoâôâNâzü[âNâXübâfâtâHâïâgæIÄΦâfü[â^.html
福岡ソフトバンクホークス,柳 田,9,野手,右投左打,外野手,,,慎重盗塁,,,,4,61,71,67,80,40,50,hawks.zip:âpâÅâtâïâvâìû∞ïà2026-2027übòƒë¬â/âtâgâoâôâNâzü[âNâXübâfâtâHâïâgæIÄΦâfü[â^.html
福岡ソフトバンクホークス,川 村,61,野手,右投左打,外野手,,,,,,,2,44,55,69,67,63,52,hawks.zip:âpâÅâtâïâvâìû∞ïà2026-2027übòƒë¬â/âtâgâoâôâNâzü[âNâXübâfâtâHâïâgæIÄΦâfü[â^.html
福岡ソフトバンクホークス,笹 川,44,野手,左投左打,外野手,,,,,,,3,37,63,66,55,47,45,hawks.zip:âpâÅâtâïâvâìû∞ïà2026-2027übòƒë¬â/âtâgâoâôâNâzü[âNâXübâfâtâHâïâgæIÄΦâfü[â^.html
福岡ソフトバンクホークス,緒 方,57,野手,右投左打,外野手,,,,,,,2,35,34,82,58,60,45,hawks.zip:âpâÅâtâïâvâìû∞ïà2026-2027übòƒë¬â/âtâgâoâôâNâzü[âNâXübâfâtâHâïâgæIÄΦâfü[â^.html
福岡ソフトバンクホークス,山 本,77,野手,右投左打,外野手,,,,,,,3,41,61,60,74,37,44,hawks.zip:âpâÅâtâïâvâìû∞ïà2026-2027übòƒë¬â/âtâgâoâôâNâzü[âNâXübâfâtâHâïâgæIÄΦâfü[â^.html
埼玉西武ライオンズ,渡 邉,12,投手,右投右打,投手,,先中,調子次第、調子安定,152,58,63,,,,,,,,lions.zip:パワフルプロ野球2026-2027｜埼玉西武ライオンズ｜デフォルト選手データ.html
埼玉西武ライオンズ,武 内,21,投手,左投左打,投手,,先,調子次第,151,72,67,,,,,,,,lions.zip:パワフルプロ野球2026-2027｜埼玉西武ライオンズ｜デフォルト選手データ.html
埼玉西武ライオンズ,平 良,61,投手,右投左打,投手,,先中抑,スタミナ限界、調子安定,160,46,80,,,,,,,,lions.zip:パワフルプロ野球2026-2027｜埼玉西武ライオンズ｜デフォルト選手データ.html
埼玉西武ライオンズ,隅 田,16,投手,左投左打,投手,,先,スタミナ限界,154,70,71,,,,,,,,lions.zip:パワフルプロ野球2026-2027｜埼玉西武ライオンズ｜デフォルト選手データ.html
埼玉西武ライオンズ,髙橋光成,13,投手,右投右打,投手,,先,調子次第,155,66,85,,,,,,,,lions.zip:パワフルプロ野球2026-2027｜埼玉西武ライオンズ｜デフォルト選手データ.html
埼玉西武ライオンズ,與 座,15,投手,右投右打,投手,,先中,調子次第、投球位置右,135,70,53,,,,,,,,lions.zip:パワフルプロ野球2026-2027｜埼玉西武ライオンズ｜デフォルト選手データ.html
埼玉西武ライオンズ,羽 田,43,投手,左投左打,投手,,中,リード時,160,34,44,,,,,,,,lions.zip:パワフルプロ野球2026-2027｜埼玉西武ライオンズ｜デフォルト選手データ.html
埼玉西武ライオンズ,中村祐,58,投手,右投右打,投手,,中,リード時,148,54,53,,,,,,,,lions.zip:パワフルプロ野球2026-2027｜埼玉西武ライオンズ｜デフォルト選手データ.html
埼玉西武ライオンズ,冨 士,67,投手,左投左打,投手,,中,ビハインドでも,151,46,43,,,,,,,,lions.zip:パワフルプロ野球2026-2027｜埼玉西武ライオンズ｜デフォルト選手データ.html
埼玉西武ライオンズ,糸 川,23,投手,右投右打,投手,,中,ビハインドでも,149,51,47,,,,,,,,lions.zip:パワフルプロ野球2026-2027｜埼玉西武ライオンズ｜デフォルト選手データ.html
埼玉西武ライオンズ,E．ラミレス,56,投手,右投右打,投手,,中抑,接戦時,156,48,47,,,,,,,,lions.zip:パワフルプロ野球2026-2027｜埼玉西武ライオンズ｜デフォルト選手データ.html
埼玉西武ライオンズ,篠 原,52,投手,右投右打,投手,,先中,中継ぎエース,158,68,44,,,,,,,,lions.zip:パワフルプロ野球2026-2027｜埼玉西武ライオンズ｜デフォルト選手データ.html
埼玉西武ライオンズ,甲斐野,34,投手,右投左打,投手,,中抑,守護神,160,43,45,,,,,,,,lions.zip:パワフルプロ野球2026-2027｜埼玉西武ライオンズ｜デフォルト選手データ.html
埼玉西武ライオンズ,菅 井,71,投手,左投左打,投手,,先,調子次第,148,47,55,,,,,,,,lions.zip:パワフルプロ野球2026-2027｜埼玉西武ライオンズ｜デフォルト選手データ.html
埼玉西武ライオンズ,黒 木,54,投手,右投左打,投手,,中,おまかせ、調子極端,153,51,48,,,,,,,,lions.zip:パワフルプロ野球2026-2027｜埼玉西武ライオンズ｜デフォルト選手データ.html
埼玉西武ライオンズ,ウィンゲンター,45,投手,右投右打,投手,,中抑,おまかせ,161,46,42,,,,,,,,lions.zip:パワフルプロ野球2026-2027｜埼玉西武ライオンズ｜デフォルト選手データ.html
埼玉西武ライオンズ,山 田,36,投手,右投右打,投手,,中抑,おまかせ,147,54,44,,,,,,,,lions.zip:パワフルプロ野球2026-2027｜埼玉西武ライオンズ｜デフォルト選手データ.html
埼玉西武ライオンズ,岩 城,20,投手,左投左打,投手,,中抑,おまかせ,153,72,46,,,,,,,,lions.zip:パワフルプロ野球2026-2027｜埼玉西武ライオンズ｜デフォルト選手データ.html
埼玉西武ライオンズ,杉 山,47,投手,左投左打,投手,,先,おまかせ,146,56,43,,,,,,,,lions.zip:パワフルプロ野球2026-2027｜埼玉西武ライオンズ｜デフォルト選手データ.html
埼玉西武ライオンズ,狩 生,46,投手,右投右打,投手,,先,おまかせ,150,43,33,,,,,,,,lions.zip:パワフルプロ野球2026-2027｜埼玉西武ライオンズ｜デフォルト選手データ.html
埼玉西武ライオンズ,松 本,17,投手,右投右打,投手,,先中,おまかせ,153,52,66,,,,,,,,lions.zip:パワフルプロ野球2026-2027｜埼玉西武ライオンズ｜デフォルト選手データ.html
埼玉西武ライオンズ,ボ ー,42,投手,右投右打,投手,,先中,おまかせ,152,54,56,,,,,,,,lions.zip:パワフルプロ野球2026-2027｜埼玉西武ライオンズ｜デフォルト選手データ.html
埼玉西武ライオンズ,ワイナンス,30,投手,右投右打,投手,,先,おまかせ,146,51,53,,,,,,,,lions.zip:パワフルプロ野球2026-2027｜埼玉西武ライオンズ｜デフォルト選手データ.html
埼玉西武ライオンズ,浜 屋,90,投手,左投左打,投手,,中,おまかせ,150,43,53,,,,,,,,lions.zip:パワフルプロ野球2026-2027｜埼玉西武ライオンズ｜デフォルト選手データ.html
埼玉西武ライオンズ,豆 田,70,投手,右投右打,投手,,中,おまかせ,152,48,45,,,,,,,,lions.zip:パワフルプロ野球2026-2027｜埼玉西武ライオンズ｜デフォルト選手データ.html
埼玉西武ライオンズ,黒 田,57,投手,右投右打,投手,,中,ビハインドでも,155,46,40,,,,,,,,lions.zip:パワフルプロ野球2026-2027｜埼玉西武ライオンズ｜デフォルト選手データ.html
埼玉西武ライオンズ,上 田,11,投手,右投右打,投手,,中,おまかせ,150,50,58,,,,,,,,lions.zip:パワフルプロ野球2026-2027｜埼玉西武ライオンズ｜デフォルト選手データ.html
埼玉西武ライオンズ,成 田,41,投手,右投右打,投手,,中,おまかせ,150,29,38,,,,,,,,lions.zip:パワフルプロ野球2026-2027｜埼玉西武ライオンズ｜デフォルト選手データ.html
埼玉西武ライオンズ,堀 越,40,投手,右投右打,投手,,中,おまかせ,157,40,43,,,,,,,,lions.zip:パワフルプロ野球2026-2027｜埼玉西武ライオンズ｜デフォルト選手データ.html
埼玉西武ライオンズ,佐藤隼,19,投手,左投左打,投手,,中抑,おまかせ,154,46,48,,,,,,,,lions.zip:パワフルプロ野球2026-2027｜埼玉西武ライオンズ｜デフォルト選手データ.html
埼玉西武ライオンズ,青 山,29,投手,右投右打,投手,,中抑,おまかせ,149,42,53,,,,,,,,lions.zip:パワフルプロ野球2026-2027｜埼玉西武ライオンズ｜デフォルト選手データ.html
埼玉西武ライオンズ,古賀悠,22,野手,右投右打,捕手,,,,,,,3,40,62,47,82,59,48,lions.zip:パワフルプロ野球2026-2027｜埼玉西武ライオンズ｜デフォルト選手データ.html
埼玉西武ライオンズ,柘 植,37,野手,右投右打,捕手,,,,,,,2,29,52,46,71,51,54,lions.zip:パワフルプロ野球2026-2027｜埼玉西武ライオンズ｜デフォルト選手データ.html
埼玉西武ライオンズ,炭 谷,27,野手,右投右打,捕手,,,,,,,2,33,42,33,49,57,53,lions.zip:パワフルプロ野球2026-2027｜埼玉西武ライオンズ｜デフォルト選手データ.html
埼玉西武ライオンズ,牧 野,53,野手,右投左打,捕手,,,,,,,3,37,50,55,74,42,37,lions.zip:パワフルプロ野球2026-2027｜埼玉西武ライオンズ｜デフォルト選手データ.html
埼玉西武ライオンズ,龍 山,64,野手,右投右打,捕手,,,,,,,2,27,44,60,77,41,31,lions.zip:パワフルプロ野球2026-2027｜埼玉西武ライオンズ｜デフォルト選手データ.html
埼玉西武ライオンズ,小 島,10,野手,右投左打,捕手,一塁手;二塁手,,,,,,3,53,54,61,69,43,33,lions.zip:パワフルプロ野球2026-2027｜埼玉西武ライオンズ｜デフォルト選手データ.html
埼玉西武ライオンズ,源 田,6,野手,右投左打,遊撃手,二塁手;三塁手,,,,,,2,43,44,80,66,71,85,lions.zip:パワフルプロ野球2026-2027｜埼玉西武ライオンズ｜デフォルト選手データ.html
埼玉西武ライオンズ,滝 澤,62,野手,右投左打,遊撃手,二塁手;三塁手,,,,,,1,45,28,85,76,82,63,lions.zip:パワフルプロ野球2026-2027｜埼玉西武ライオンズ｜デフォルト選手データ.html
埼玉西武ライオンズ,中 村,60,野手,右投右打,一塁手,三塁手,,代打要員,,,,4,43,63,39,38,25,63,lions.zip:パワフルプロ野球2026-2027｜埼玉西武ライオンズ｜デフォルト選手データ.html
埼玉西武ライオンズ,児 玉,0,野手,右投右打,遊撃手,二塁手;三塁手,,,,,,2,38,35,74,53,65,58,lions.zip:パワフルプロ野球2026-2027｜埼玉西武ライオンズ｜デフォルト選手データ.html
埼玉西武ライオンズ,齋 藤,2,野手,右投右打,遊撃手,,,,,,,2,30,35,73,81,51,46,lions.zip:パワフルプロ野球2026-2027｜埼玉西武ライオンズ｜デフォルト選手データ.html
埼玉西武ライオンズ,佐藤太,38,野手,右投左打,二塁手,遊撃手;三塁手,,,,,,2,42,41,83,57,61,48,lions.zip:パワフルプロ野球2026-2027｜埼玉西武ライオンズ｜デフォルト選手データ.html
埼玉西武ライオンズ,横 田,59,野手,右投左打,遊撃手,一塁手;三塁手,,,,,,2,40,42,57,63,33,35,lions.zip:パワフルプロ野球2026-2027｜埼玉西武ライオンズ｜デフォルト選手データ.html
埼玉西武ライオンズ,ネビン,26,野手,右投右打,一塁手,三塁手;外野手,,,,,,4,66,71,38,75,61,53,lions.zip:パワフルプロ野球2026-2027｜埼玉西武ライオンズ｜デフォルト選手データ.html
埼玉西武ライオンズ,外 崎,5,野手,右投右打,二塁手,三塁手;外野手,,慎重盗塁,,,,3,46,61,68,63,64,51,lions.zip:パワフルプロ野球2026-2027｜埼玉西武ライオンズ｜デフォルト選手データ.html
埼玉西武ライオンズ,石 井,4,野手,右投左打,二塁手,遊撃手;三塁手,,守備要員、調子極端,,,,2,49,53,79,75,66,55,lions.zip:パワフルプロ野球2026-2027｜埼玉西武ライオンズ｜デフォルト選手データ.html
埼玉西武ライオンズ,山 村,32,野手,右投左打,遊撃手,二塁手;三塁手,,,,,,3,45,64,56,70,52,36,lions.zip:パワフルプロ野球2026-2027｜埼玉西武ライオンズ｜デフォルト選手データ.html
埼玉西武ライオンズ,仲 田,0,野手,右投両打,二塁手,三塁手;外野手,,,,,,2,45,38,70,82,52,48,lions.zip:パワフルプロ野球2026-2027｜埼玉西武ライオンズ｜デフォルト選手データ.html
埼玉西武ライオンズ,髙 松,50,野手,右投左打,二塁手,外野手;一塁手,,代走要員,,,,1,37,30,90,48,56,42,lions.zip:パワフルプロ野球2026-2027｜埼玉西武ライオンズ｜デフォルト選手データ.html
埼玉西武ライオンズ,村 田,99,野手,右投右打,一塁手,三塁手;外野手,,,,,,3,40,64,35,41,36,28,lions.zip:パワフルプロ野球2026-2027｜埼玉西武ライオンズ｜デフォルト選手データ.html
埼玉西武ライオンズ,平 沢,39,野手,右投左打,二塁手,一塁手;三塁手,,,,,,3,50,62,65,66,63,46,lions.zip:パワフルプロ野球2026-2027｜埼玉西武ライオンズ｜デフォルト選手データ.html
埼玉西武ライオンズ,長谷川,63,野手,右投右打,外野手,一塁手;二塁手,,,,,,4,29,57,81,68,65,45,lions.zip:パワフルプロ野球2026-2027｜埼玉西武ライオンズ｜デフォルト選手データ.html
埼玉西武ライオンズ,渡 部,8,野手,右投右打,外野手,三塁手;二塁手,,慎重盗塁,,,,2,48,70,66,71,53,41,lions.zip:パワフルプロ野球2026-2027｜埼玉西武ライオンズ｜デフォルト選手データ.html
埼玉西武ライオンズ,岸,68,野手,右投右打,外野手,一塁手;二塁手,,慎重盗塁,,,,2,40,59,72,68,54,40,lions.zip:パワフルプロ野球2026-2027｜埼玉西武ライオンズ｜デフォルト選手データ.html
埼玉西武ライオンズ,秋 山,35,野手,右投左打,外野手,三塁手,,,,,,3,46,55,69,56,46,47,lions.zip:パワフルプロ野球2026-2027｜埼玉西武ライオンズ｜デフォルト選手データ.html
埼玉西武ライオンズ,川 田,66,野手,右投左打,外野手,二塁手;遊撃手,,,,,,1,27,18,94,60,42,28,lions.zip:パワフルプロ野球2026-2027｜埼玉西武ライオンズ｜デフォルト選手データ.html
埼玉西武ライオンズ,桑 原,7,野手,右投右打,外野手,,,慎重盗塁,,,,3,51,56,82,50,62,76,lions.zip:パワフルプロ野球2026-2027｜埼玉西武ライオンズ｜デフォルト選手データ.html
埼玉西武ライオンズ,西 川,51,野手,右投左打,外野手,,,,,,,2,60,66,84,72,71,63,lions.zip:パワフルプロ野球2026-2027｜埼玉西武ライオンズ｜デフォルト選手データ.html
埼玉西武ライオンズ,林安可,73,野手,左投左打,外野手,,,代打要員、慎重盗塁,,,,3,41,68,62,74,41,32,lions.zip:パワフルプロ野球2026-2027｜埼玉西武ライオンズ｜デフォルト選手データ.html
埼玉西武ライオンズ,栗 山,1,野手,右投左打,外野手,,,,,,,2,30,50,47,45,47,46,lions.zip:パワフルプロ野球2026-2027｜埼玉西武ライオンズ｜デフォルト選手データ.html
埼玉西武ライオンズ,仲 三,55,野手,右投左打,外野手,,,,,,,3,40,70,43,37,36,41,lions.zip:パワフルプロ野球2026-2027｜埼玉西武ライオンズ｜デフォルト選手データ.html
埼玉西武ライオンズ,古 川,33,野手,右投右打,外野手,,,,,,,2,28,54,72,73,37,42,lions.zip:パワフルプロ野球2026-2027｜埼玉西武ライオンズ｜デフォルト選手データ.html
埼玉西武ライオンズ,林冠臣,44,野手,右投右打,外野手,,,,,,,3,44,59,66,63,32,36,lions.zip:パワフルプロ野球2026-2027｜埼玉西武ライオンズ｜デフォルト選手データ.html
埼玉西武ライオンズ,蛭 間,9,野手,左投左打,外野手,,,,,,,2,40,53,68,57,56,46,lions.zip:パワフルプロ野球2026-2027｜埼玉西武ライオンズ｜デフォルト選手データ.html
埼玉西武ライオンズ,茶 野,31,野手,右投左打,外野手,,,,,,,2,49,41,83,67,59,52,lions.zip:パワフルプロ野球2026-2027｜埼玉西武ライオンズ｜デフォルト選手データ.html
埼玉西武ライオンズ,カナリオ,25,野手,右投右打,外野手,,,,,,,2,48,72,76,85,46,56,lions.zip:パワフルプロ野球2026-2027｜埼玉西武ライオンズ｜デフォルト選手データ.html
千葉ロッテマリーンズ,小 島,14,投手,左投左打,投手,,先,スタミナ限界,150,64,73,,,,,,,,marines.zip:パワフルプロ野球2026-2027｜千葉ロッテマリーンズ｜デフォルト選手データ.html
千葉ロッテマリーンズ,田中晴,35,投手,右投左打,投手,,先,調子次第,156,49,63,,,,,,,,marines.zip:パワフルプロ野球2026-2027｜千葉ロッテマリーンズ｜デフォルト選手データ.html
千葉ロッテマリーンズ,毛 利,13,投手,左投左打,投手,,先,勝利投手,150,53,51,,,,,,,,marines.zip:パワフルプロ野球2026-2027｜千葉ロッテマリーンズ｜デフォルト選手データ.html
千葉ロッテマリーンズ,木 村,53,投手,右投左打,投手,,先中,調子次第,154,62,59,,,,,,,,marines.zip:パワフルプロ野球2026-2027｜千葉ロッテマリーンズ｜デフォルト選手データ.html
千葉ロッテマリーンズ,ジャクソン,42,投手,右投右打,投手,,先中,調子次第,158,47,65,,,,,,,,marines.zip:パワフルプロ野球2026-2027｜千葉ロッテマリーンズ｜デフォルト選手データ.html
千葉ロッテマリーンズ,西 野,29,投手,右投右打,投手,,先,調子次第、調子安定,150,72,57,,,,,,,,marines.zip:パワフルプロ野球2026-2027｜千葉ロッテマリーンズ｜デフォルト選手データ.html
千葉ロッテマリーンズ,高野脩,34,投手,左投左打,投手,,中,接戦時,149,62,54,,,,,,,,marines.zip:パワフルプロ野球2026-2027｜千葉ロッテマリーンズ｜デフォルト選手データ.html
千葉ロッテマリーンズ,益 田,52,投手,右投右打,投手,,中抑,ビハインドでも,151,59,47,,,,,,,,marines.zip:パワフルプロ野球2026-2027｜千葉ロッテマリーンズ｜デフォルト選手データ.html
千葉ロッテマリーンズ,宮﨑颯,66,投手,左投左打,投手,,中抑,ビハインドでも,152,49,41,,,,,,,,marines.zip:パワフルプロ野球2026-2027｜千葉ロッテマリーンズ｜デフォルト選手データ.html
千葉ロッテマリーンズ,鈴 木,47,投手,左投左打,投手,,中,リード時,153,54,47,,,,,,,,marines.zip:パワフルプロ野球2026-2027｜千葉ロッテマリーンズ｜デフォルト選手データ.html
千葉ロッテマリーンズ,澤 田,54,投手,右投左打,投手,,中,ビハインドでも,155,53,38,,,,,,,,marines.zip:パワフルプロ野球2026-2027｜千葉ロッテマリーンズ｜デフォルト選手データ.html
千葉ロッテマリーンズ,ロング,73,投手,左投左打,投手,,先中,リード時,153,43,50,,,,,,,,marines.zip:パワフルプロ野球2026-2027｜千葉ロッテマリーンズ｜デフォルト選手データ.html
千葉ロッテマリーンズ,横 山,15,投手,右投右打,投手,,中抑,守護神,157,55,43,,,,,,,,marines.zip:パワフルプロ野球2026-2027｜千葉ロッテマリーンズ｜デフォルト選手データ.html
千葉ロッテマリーンズ,種 市,16,投手,右投右打,投手,,先,おまかせ,155,50,80,,,,,,,,marines.zip:パワフルプロ野球2026-2027｜千葉ロッテマリーンズ｜デフォルト選手データ.html
千葉ロッテマリーンズ,坂 本,36,投手,左投左打,投手,,中,おまかせ、調子極端,154,41,48,,,,,,,,marines.zip:パワフルプロ野球2026-2027｜千葉ロッテマリーンズ｜デフォルト選手データ.html
千葉ロッテマリーンズ,廣 畑,30,投手,右投右打,投手,,中,おまかせ,153,60,58,,,,,,,,marines.zip:パワフルプロ野球2026-2027｜千葉ロッテマリーンズ｜デフォルト選手データ.html
千葉ロッテマリーンズ,八 木,33,投手,右投右打,投手,,中,おまかせ,152,47,48,,,,,,,,marines.zip:パワフルプロ野球2026-2027｜千葉ロッテマリーンズ｜デフォルト選手データ.html
千葉ロッテマリーンズ,中 森,56,投手,右投左打,投手,,中抑,おまかせ,155,67,51,,,,,,,,marines.zip:パワフルプロ野球2026-2027｜千葉ロッテマリーンズ｜デフォルト選手データ.html
千葉ロッテマリーンズ,早 坂,59,投手,右投右打,投手,,先中,おまかせ,152,38,41,,,,,,,,marines.zip:パワフルプロ野球2026-2027｜千葉ロッテマリーンズ｜デフォルト選手データ.html
千葉ロッテマリーンズ,河 村,58,投手,右投右打,投手,,先中,おまかせ,148,40,54,,,,,,,,marines.zip:パワフルプロ野球2026-2027｜千葉ロッテマリーンズ｜デフォルト選手データ.html
千葉ロッテマリーンズ,唐 川,19,投手,右投右打,投手,,先中,おまかせ,149,71,53,,,,,,,,marines.zip:パワフルプロ野球2026-2027｜千葉ロッテマリーンズ｜デフォルト選手データ.html
千葉ロッテマリーンズ,石川柊,21,投手,右投右打,投手,,先中,おまかせ、調子極端,152,46,65,,,,,,,,marines.zip:パワフルプロ野球2026-2027｜千葉ロッテマリーンズ｜デフォルト選手データ.html
千葉ロッテマリーンズ,吉 川,91,投手,左投左打,投手,,先中,おまかせ,149,32,55,,,,,,,,marines.zip:パワフルプロ野球2026-2027｜千葉ロッテマリーンズ｜デフォルト選手データ.html
千葉ロッテマリーンズ,菊 地,28,投手,右投左打,投手,,中,おまかせ,149,46,46,,,,,,,,marines.zip:パワフルプロ野球2026-2027｜千葉ロッテマリーンズ｜デフォルト選手データ.html
千葉ロッテマリーンズ,東 妻,24,投手,右投右打,投手,,中,おまかせ,149,39,40,,,,,,,,marines.zip:パワフルプロ野球2026-2027｜千葉ロッテマリーンズ｜デフォルト選手データ.html
千葉ロッテマリーンズ,大 谷,31,投手,右投右打,投手,,中,おまかせ,159,41,37,,,,,,,,marines.zip:パワフルプロ野球2026-2027｜千葉ロッテマリーンズ｜デフォルト選手データ.html
千葉ロッテマリーンズ,小 野,37,投手,右投右打,投手,,中,おまかせ,159,49,48,,,,,,,,marines.zip:パワフルプロ野球2026-2027｜千葉ロッテマリーンズ｜デフォルト選手データ.html
千葉ロッテマリーンズ,一 條,41,投手,右投左打,投手,,中,おまかせ、調子極端,156,33,38,,,,,,,,marines.zip:パワフルプロ野球2026-2027｜千葉ロッテマリーンズ｜デフォルト選手データ.html
千葉ロッテマリーンズ,坂 井,62,投手,右投右打,投手,,中,おまかせ,151,48,31,,,,,,,,marines.zip:パワフルプロ野球2026-2027｜千葉ロッテマリーンズ｜デフォルト選手データ.html
千葉ロッテマリーンズ,廣 池,64,投手,右投左打,投手,,先中,おまかせ,155,60,52,,,,,,,,marines.zip:パワフルプロ野球2026-2027｜千葉ロッテマリーンズ｜デフォルト選手データ.html
千葉ロッテマリーンズ,奥 村,40,投手,左投左打,投手,,中,おまかせ,148,46,40,,,,,,,,marines.zip:パワフルプロ野球2026-2027｜千葉ロッテマリーンズ｜デフォルト選手データ.html
千葉ロッテマリーンズ,冨 士,46,投手,右投右打,投手,,中,おまかせ、調子極端,155,26,61,,,,,,,,marines.zip:パワフルプロ野球2026-2027｜千葉ロッテマリーンズ｜デフォルト選手データ.html
千葉ロッテマリーンズ,大 聖,60,投手,右投左打,投手,,中,おまかせ,161,31,38,,,,,,,,marines.zip:パワフルプロ野球2026-2027｜千葉ロッテマリーンズ｜デフォルト選手データ.html
千葉ロッテマリーンズ,カスティーヨ,11,投手,左投左打,投手,,中,おまかせ,154,48,41,,,,,,,,marines.zip:パワフルプロ野球2026-2027｜千葉ロッテマリーンズ｜デフォルト選手データ.html
千葉ロッテマリーンズ,石垣元,18,投手,右投両打,投手,,中抑,おまかせ,158,41,36,,,,,,,,marines.zip:パワフルプロ野球2026-2027｜千葉ロッテマリーンズ｜デフォルト選手データ.html
千葉ロッテマリーンズ,松 川,2,野手,右投右打,捕手,,,,,,,2,29,41,37,73,48,52,marines.zip:パワフルプロ野球2026-2027｜千葉ロッテマリーンズ｜デフォルト選手データ.html
千葉ロッテマリーンズ,田 村,27,野手,右投右打,捕手,,,,,,,2,25,48,47,63,73,58,marines.zip:パワフルプロ野球2026-2027｜千葉ロッテマリーンズ｜デフォルト選手データ.html
千葉ロッテマリーンズ,植 田,45,野手,右投右打,捕手,,,,,,,2,23,33,28,82,45,41,marines.zip:パワフルプロ野球2026-2027｜千葉ロッテマリーンズ｜デフォルト選手データ.html
千葉ロッテマリーンズ,寺 地,65,野手,右投左打,捕手,三塁手;一塁手,,,,,,2,53,59,62,58,42,45,marines.zip:パワフルプロ野球2026-2027｜千葉ロッテマリーンズ｜デフォルト選手データ.html
千葉ロッテマリーンズ,佐 藤,32,野手,右投左打,捕手,一塁手,,代打要員、慎重盗塁,,,,3,48,64,71,81,58,46,marines.zip:パワフルプロ野球2026-2027｜千葉ロッテマリーンズ｜デフォルト選手データ.html
千葉ロッテマリーンズ,岡 村,69,野手,右投右打,捕手,三塁手,,,,,,2,33,41,71,70,31,26,marines.zip:パワフルプロ野球2026-2027｜千葉ロッテマリーンズ｜デフォルト選手データ.html
千葉ロッテマリーンズ,ソ ト,99,野手,右投右打,一塁手,,,,,,,4,52,73,40,70,49,47,marines.zip:パワフルプロ野球2026-2027｜千葉ロッテマリーンズ｜デフォルト選手データ.html
千葉ロッテマリーンズ,友 杉,4,野手,右投右打,遊撃手,二塁手;三塁手,,,,,,2,44,43,87,59,81,48,marines.zip:パワフルプロ野球2026-2027｜千葉ロッテマリーンズ｜デフォルト選手データ.html
千葉ロッテマリーンズ,宮 崎,44,野手,右投左打,二塁手,一塁手;三塁手,,,,,,3,45,58,73,69,50,43,marines.zip:パワフルプロ野球2026-2027｜千葉ロッテマリーンズ｜デフォルト選手データ.html
千葉ロッテマリーンズ,中 村,8,野手,右投右打,三塁手,二塁手;一塁手,,,,,,2,39,52,61,67,52,52,marines.zip:パワフルプロ野球2026-2027｜千葉ロッテマリーンズ｜デフォルト選手データ.html
千葉ロッテマリーンズ,安 田,5,野手,右投左打,三塁手,一塁手,,,,,,2,46,59,46,60,58,53,marines.zip:パワフルプロ野球2026-2027｜千葉ロッテマリーンズ｜デフォルト選手データ.html
千葉ロッテマリーンズ,藤 岡,7,野手,右投左打,二塁手,遊撃手;三塁手,,慎重盗塁,,,,3,55,50,65,80,61,67,marines.zip:パワフルプロ野球2026-2027｜千葉ロッテマリーンズ｜デフォルト選手データ.html
千葉ロッテマリーンズ,茶 谷,67,野手,右投右打,遊撃手,一塁手;二塁手,,,,,,2,38,46,68,66,51,54,marines.zip:パワフルプロ野球2026-2027｜千葉ロッテマリーンズ｜デフォルト選手データ.html
千葉ロッテマリーンズ,櫻 井,55,野手,右投右打,三塁手,一塁手,,,,,,3,31,58,59,63,34,32,marines.zip:パワフルプロ野球2026-2027｜千葉ロッテマリーンズ｜デフォルト選手データ.html
千葉ロッテマリーンズ,小 川,57,野手,右投左打,遊撃手,二塁手;外野手,,,,,,1,52,31,86,55,77,68,marines.zip:パワフルプロ野球2026-2027｜千葉ロッテマリーンズ｜デフォルト選手データ.html
千葉ロッテマリーンズ,池 田,0,野手,右投右打,二塁手,三塁手;一塁手,,,,,,2,48,60,62,51,48,50,marines.zip:パワフルプロ野球2026-2027｜千葉ロッテマリーンズ｜デフォルト選手データ.html
千葉ロッテマリーンズ,立 松,49,野手,右投左打,一塁手,捕手;三塁手,,,,,,3,51,56,57,68,44,46,marines.zip:パワフルプロ野球2026-2027｜千葉ロッテマリーンズ｜デフォルト選手データ.html
千葉ロッテマリーンズ,上 田,10,野手,右投左打,一塁手,二塁手;三塁手,,,,,,3,49,60,60,61,46,40,marines.zip:パワフルプロ野球2026-2027｜千葉ロッテマリーンズ｜デフォルト選手データ.html
千葉ロッテマリーンズ,石 垣,43,野手,右投右打,二塁手,三塁手;遊撃手,,,,,,3,34,58,72,55,61,63,marines.zip:パワフルプロ野球2026-2027｜千葉ロッテマリーンズ｜デフォルト選手データ.html
千葉ロッテマリーンズ,岡,25,野手,右投右打,外野手,一塁手,,代打要員,,,,3,56,61,82,72,61,45,marines.zip:パワフルプロ野球2026-2027｜千葉ロッテマリーンズ｜デフォルト選手データ.html
千葉ロッテマリーンズ,山 口,51,野手,右投右打,外野手,一塁手,,,,,,3,41,75,52,62,47,53,marines.zip:パワフルプロ野球2026-2027｜千葉ロッテマリーンズ｜デフォルト選手データ.html
千葉ロッテマリーンズ,山本大,61,野手,右投右打,外野手,三塁手,,,,,,4,35,72,58,70,51,50,marines.zip:パワフルプロ野球2026-2027｜千葉ロッテマリーンズ｜デフォルト選手データ.html
千葉ロッテマリーンズ,石川慎,23,野手,右投右打,外野手,一塁手;捕手,,慎重盗塁,,,,2,38,53,66,66,31,28,marines.zip:パワフルプロ野球2026-2027｜千葉ロッテマリーンズ｜デフォルト選手データ.html
千葉ロッテマリーンズ,井 上,39,野手,右投右打,外野手,一塁手,,,,,,3,25,74,52,71,50,52,marines.zip:パワフルプロ野球2026-2027｜千葉ロッテマリーンズ｜デフォルト選手データ.html
千葉ロッテマリーンズ,髙 部,0,野手,右投左打,外野手,,,,,,,2,58,46,90,59,66,50,marines.zip:パワフルプロ野球2026-2027｜千葉ロッテマリーンズ｜デフォルト選手データ.html
千葉ロッテマリーンズ,藤 原,1,野手,左投左打,外野手,,,,,,,3,61,62,85,68,60,48,marines.zip:パワフルプロ野球2026-2027｜千葉ロッテマリーンズ｜デフォルト選手データ.html
千葉ロッテマリーンズ,西 川,6,野手,右投右打,外野手,,,慎重盗塁,,,,3,54,60,62,64,64,54,marines.zip:パワフルプロ野球2026-2027｜千葉ロッテマリーンズ｜デフォルト選手データ.html
千葉ロッテマリーンズ,ポランコ,22,野手,左投左打,外野手,,,慎重盗塁,,,,3,50,78,63,48,37,45,marines.zip:パワフルプロ野球2026-2027｜千葉ロッテマリーンズ｜デフォルト選手データ.html
千葉ロッテマリーンズ,和 田,63,野手,左投左打,外野手,,,代走要員、守備要員,,,,2,37,46,92,65,59,53,marines.zip:パワフルプロ野球2026-2027｜千葉ロッテマリーンズ｜デフォルト選手データ.html
千葉ロッテマリーンズ,角 中,3,野手,右投左打,外野手,,,,,,,3,49,53,57,59,45,47,marines.zip:パワフルプロ野球2026-2027｜千葉ロッテマリーンズ｜デフォルト選手データ.html
千葉ロッテマリーンズ,愛 斗,50,野手,右投右打,外野手,,,,,,,3,39,60,65,73,71,65,marines.zip:パワフルプロ野球2026-2027｜千葉ロッテマリーンズ｜デフォルト選手データ.html
東京ヤクルトスワローズ,吉 村,21,投手,右投右打,投手,,先,スタミナ限界,152,70,67,,,,,,,,swallows.zip:パワフルプロ野球2026-2027｜東京ヤクルトスワローズ｜デフォルト選手データ.html
東京ヤクルトスワローズ,山 野,26,投手,左投左打,投手,,先,調子次第,151,68,64,,,,,,,,swallows.zip:パワフルプロ野球2026-2027｜東京ヤクルトスワローズ｜デフォルト選手データ.html
東京ヤクルトスワローズ,高 梨,40,投手,右投右打,投手,,先中,調子次第,151,61,62,,,,,,,,swallows.zip:パワフルプロ野球2026-2027｜東京ヤクルトスワローズ｜デフォルト選手データ.html
東京ヤクルトスワローズ,小 川,29,投手,右投右打,投手,,先,調子次第,145,68,58,,,,,,,,swallows.zip:パワフルプロ野球2026-2027｜東京ヤクルトスワローズ｜デフォルト選手データ.html
東京ヤクルトスワローズ,松本健,28,投手,右投右打,投手,,先中,調子次第,152,62,58,,,,,,,,swallows.zip:パワフルプロ野球2026-2027｜東京ヤクルトスワローズ｜デフォルト選手データ.html
東京ヤクルトスワローズ,奥 川,18,投手,右投右打,投手,,先,調子次第,153,66,56,,,,,,,,swallows.zip:パワフルプロ野球2026-2027｜東京ヤクルトスワローズ｜デフォルト選手データ.html
東京ヤクルトスワローズ,荘 司,30,投手,左投左打,投手,,中,接戦時,148,65,40,,,,,,,,swallows.zip:パワフルプロ野球2026-2027｜東京ヤクルトスワローズ｜デフォルト選手データ.html
東京ヤクルトスワローズ,大 西,44,投手,右投右打,投手,,中,リード時,151,71,54,,,,,,,,swallows.zip:パワフルプロ野球2026-2027｜東京ヤクルトスワローズ｜デフォルト選手データ.html
東京ヤクルトスワローズ,リランソ,62,投手,右投右打,投手,,中抑,接戦時,159,43,52,,,,,,,,swallows.zip:パワフルプロ野球2026-2027｜東京ヤクルトスワローズ｜デフォルト選手データ.html
東京ヤクルトスワローズ,清 水,17,投手,右投左打,投手,,中,ビハインドでも,150,62,45,,,,,,,,swallows.zip:パワフルプロ野球2026-2027｜東京ヤクルトスワローズ｜デフォルト選手データ.html
東京ヤクルトスワローズ,木 澤,20,投手,右投右打,投手,,中抑,中継ぎエース,154,44,48,,,,,,,,swallows.zip:パワフルプロ野球2026-2027｜東京ヤクルトスワローズ｜デフォルト選手データ.html
東京ヤクルトスワローズ,星,24,投手,右投右打,投手,,中抑,中継ぎエース,155,55,52,,,,,,,,swallows.zip:パワフルプロ野球2026-2027｜東京ヤクルトスワローズ｜デフォルト選手データ.html
東京ヤクルトスワローズ,キハダ,11,投手,左投左打,投手,,中抑,守護神,156,35,41,,,,,,,,swallows.zip:パワフルプロ野球2026-2027｜東京ヤクルトスワローズ｜デフォルト選手データ.html
東京ヤクルトスワローズ,石 川,19,投手,左投左打,投手,,先,勝利投手,133,82,48,,,,,,,,swallows.zip:パワフルプロ野球2026-2027｜東京ヤクルトスワローズ｜デフォルト選手データ.html
東京ヤクルトスワローズ,高 橋,47,投手,左投左打,投手,,先中,おまかせ、調子極端,154,40,64,,,,,,,,swallows.zip:パワフルプロ野球2026-2027｜東京ヤクルトスワローズ｜デフォルト選手データ.html
東京ヤクルトスワローズ,阪 口,66,投手,右投左打,投手,,中,おまかせ,156,41,58,,,,,,,,swallows.zip:パワフルプロ野球2026-2027｜東京ヤクルトスワローズ｜デフォルト選手データ.html
東京ヤクルトスワローズ,長谷川,53,投手,左投左打,投手,,中,おまかせ,151,45,44,,,,,,,,swallows.zip:パワフルプロ野球2026-2027｜東京ヤクルトスワローズ｜デフォルト選手データ.html
東京ヤクルトスワローズ,石 山,12,投手,右投右打,投手,,中抑,セーブ狙い,151,65,48,,,,,,,,swallows.zip:パワフルプロ野球2026-2027｜東京ヤクルトスワローズ｜デフォルト選手データ.html
東京ヤクルトスワローズ,坂 本,56,投手,左投左打,投手,,先中,おまかせ,149,40,41,,,,,,,,swallows.zip:パワフルプロ野球2026-2027｜東京ヤクルトスワローズ｜デフォルト選手データ.html
東京ヤクルトスワローズ,石 原,35,投手,左投左打,投手,,先中,おまかせ,149,46,44,,,,,,,,swallows.zip:パワフルプロ野球2026-2027｜東京ヤクルトスワローズ｜デフォルト選手データ.html
東京ヤクルトスワローズ,下 川,69,投手,右投右打,投手,,先中,おまかせ,135,50,55,,,,,,,,swallows.zip:パワフルプロ野球2026-2027｜東京ヤクルトスワローズ｜デフォルト選手データ.html
東京ヤクルトスワローズ,青 柳,99,投手,右投右打,投手,,先,スタミナ限界,144,53,59,,,,,,,,swallows.zip:パワフルプロ野球2026-2027｜東京ヤクルトスワローズ｜デフォルト選手データ.html
東京ヤクルトスワローズ,沼 田,71,投手,右投右打,投手,,先中,おまかせ,148,47,48,,,,,,,,swallows.zip:パワフルプロ野球2026-2027｜東京ヤクルトスワローズ｜デフォルト選手データ.html
東京ヤクルトスワローズ,増 居,43,投手,左投左打,投手,,先中,おまかせ,149,59,56,,,,,,,,swallows.zip:パワフルプロ野球2026-2027｜東京ヤクルトスワローズ｜デフォルト選手データ.html
東京ヤクルトスワローズ,鈴木蓮,49,投手,左投左打,投手,,先,おまかせ,149,25,41,,,,,,,,swallows.zip:パワフルプロ野球2026-2027｜東京ヤクルトスワローズ｜デフォルト選手データ.html
東京ヤクルトスワローズ,丸山翔,68,投手,右投左打,投手,,中,おまかせ,153,53,46,,,,,,,,swallows.zip:パワフルプロ野球2026-2027｜東京ヤクルトスワローズ｜デフォルト選手データ.html
東京ヤクルトスワローズ,中村優,15,投手,右投左打,投手,,中,おまかせ,160,51,59,,,,,,,,swallows.zip:パワフルプロ野球2026-2027｜東京ヤクルトスワローズ｜デフォルト選手データ.html
東京ヤクルトスワローズ,山 崎,33,投手,右投右打,投手,,中,おまかせ,149,45,33,,,,,,,,swallows.zip:パワフルプロ野球2026-2027｜東京ヤクルトスワローズ｜デフォルト選手データ.html
東京ヤクルトスワローズ,飯 田,61,投手,右投右打,投手,,中,おまかせ,155,41,43,,,,,,,,swallows.zip:パワフルプロ野球2026-2027｜東京ヤクルトスワローズ｜デフォルト選手データ.html
東京ヤクルトスワローズ,大 道,46,投手,右投右打,投手,,中,おまかせ,154,42,51,,,,,,,,swallows.zip:パワフルプロ野球2026-2027｜東京ヤクルトスワローズ｜デフォルト選手データ.html
東京ヤクルトスワローズ,ウォルターズ,58,投手,右投右打,投手,,中,おまかせ,159,37,44,,,,,,,,swallows.zip:パワフルプロ野球2026-2027｜東京ヤクルトスワローズ｜デフォルト選手データ.html
東京ヤクルトスワローズ,廣 澤,70,投手,右投右打,投手,,中,おまかせ,159,46,47,,,,,,,,swallows.zip:パワフルプロ野球2026-2027｜東京ヤクルトスワローズ｜デフォルト選手データ.html
東京ヤクルトスワローズ,田 口,34,投手,左投左打,投手,,中抑,おまかせ,149,63,47,,,,,,,,swallows.zip:パワフルプロ野球2026-2027｜東京ヤクルトスワローズ｜デフォルト選手データ.html
東京ヤクルトスワローズ,小 澤,45,投手,右投左打,投手,,中抑,おまかせ,149,53,54,,,,,,,,swallows.zip:パワフルプロ野球2026-2027｜東京ヤクルトスワローズ｜デフォルト選手データ.html
東京ヤクルトスワローズ,拓 也,41,投手,右投右打,投手,,中抑,おまかせ,150,46,65,,,,,,,,swallows.zip:パワフルプロ野球2026-2027｜東京ヤクルトスワローズ｜デフォルト選手データ.html
東京ヤクルトスワローズ,古 賀,2,野手,右投右打,捕手,,,,,,,2,60,46,46,81,63,56,swallows.zip:パワフルプロ野球2026-2027｜東京ヤクルトスワローズ｜デフォルト選手データ.html
東京ヤクルトスワローズ,鈴木叶,65,野手,右投右打,捕手,,,,,,,2,33,42,54,79,53,54,swallows.zip:パワフルプロ野球2026-2027｜東京ヤクルトスワローズ｜デフォルト選手データ.html
東京ヤクルトスワローズ,中村悠,27,野手,右投右打,捕手,,,慎重盗塁,,,,2,44,40,56,77,56,44,swallows.zip:パワフルプロ野球2026-2027｜東京ヤクルトスワローズ｜デフォルト選手データ.html
東京ヤクルトスワローズ,矢 野,57,野手,右投右打,捕手,,,,,,,2,23,40,55,69,52,38,swallows.zip:パワフルプロ野球2026-2027｜東京ヤクルトスワローズ｜デフォルト選手データ.html
東京ヤクルトスワローズ,柿 沼,48,野手,右投右打,捕手,,,,,,,2,25,40,39,78,51,60,swallows.zip:パワフルプロ野球2026-2027｜東京ヤクルトスワローズ｜デフォルト選手データ.html
東京ヤクルトスワローズ,橋 本,52,野手,右投左打,捕手,三塁手;外野手,,,,,,3,43,56,67,75,38,43,swallows.zip:パワフルプロ野球2026-2027｜東京ヤクルトスワローズ｜デフォルト選手データ.html
東京ヤクルトスワローズ,松本直,32,野手,右投右打,捕手,一塁手,,,,,,2,39,48,50,84,51,48,swallows.zip:パワフルプロ野球2026-2027｜東京ヤクルトスワローズ｜デフォルト選手データ.html
東京ヤクルトスワローズ,長 岡,7,野手,右投左打,遊撃手,二塁手;三塁手,,,,,,2,55,51,58,67,67,65,swallows.zip:パワフルプロ野球2026-2027｜東京ヤクルトスワローズ｜デフォルト選手データ.html
東京ヤクルトスワローズ,茂 木,8,野手,右投左打,三塁手,遊撃手;一塁手,,,,,,3,50,61,72,59,64,65,swallows.zip:パワフルプロ野球2026-2027｜東京ヤクルトスワローズ｜デフォルト選手データ.html
東京ヤクルトスワローズ,山 田,1,野手,右投右打,二塁手,三塁手;一塁手,,慎重盗塁,,,,3,45,69,60,65,65,67,swallows.zip:パワフルプロ野球2026-2027｜東京ヤクルトスワローズ｜デフォルト選手データ.html
東京ヤクルトスワローズ,田 中,54,野手,右投左打,遊撃手,二塁手;三塁手,,,,,,3,43,48,51,63,43,31,swallows.zip:パワフルプロ野球2026-2027｜東京ヤクルトスワローズ｜デフォルト選手データ.html
東京ヤクルトスワローズ,松 下,6,野手,右投右打,三塁手,二塁手;遊撃手,,,,,,3,44,58,64,71,53,46,swallows.zip:パワフルプロ野球2026-2027｜東京ヤクルトスワローズ｜デフォルト選手データ.html
東京ヤクルトスワローズ,松 川,39,野手,右投左打,遊撃手,二塁手,,,,,,2,37,41,92,54,40,43,swallows.zip:パワフルプロ野球2026-2027｜東京ヤクルトスワローズ｜デフォルト選手データ.html
東京ヤクルトスワローズ,石 井,38,野手,右投右打,遊撃手,二塁手;三塁手,,,,,,2,35,44,64,54,54,41,swallows.zip:パワフルプロ野球2026-2027｜東京ヤクルトスワローズ｜デフォルト選手データ.html
東京ヤクルトスワローズ,内 山,3,野手,右投右打,二塁手,捕手;三塁手,,,,,,3,63,64,56,64,52,51,swallows.zip:パワフルプロ野球2026-2027｜東京ヤクルトスワローズ｜デフォルト選手データ.html
東京ヤクルトスワローズ,オスナ,13,野手,右投右打,一塁手,三塁手;外野手,,,,,,3,45,70,41,78,52,51,swallows.zip:パワフルプロ野球2026-2027｜東京ヤクルトスワローズ｜デフォルト選手データ.html
東京ヤクルトスワローズ,宮 本,10,野手,右投左打,二塁手,一塁手;外野手,,代打要員,,,,3,47,44,62,45,51,57,swallows.zip:パワフルプロ野球2026-2027｜東京ヤクルトスワローズ｜デフォルト選手データ.html
東京ヤクルトスワローズ,赤 羽,0,野手,右投右打,二塁手,三塁手;外野手,,,,,,3,43,55,72,63,66,46,swallows.zip:パワフルプロ野球2026-2027｜東京ヤクルトスワローズ｜デフォルト選手データ.html
東京ヤクルトスワローズ,伊 藤,67,野手,右投右打,遊撃手,二塁手;外野手,,,,,,3,37,55,69,67,52,58,swallows.zip:パワフルプロ野球2026-2027｜東京ヤクルトスワローズ｜デフォルト選手データ.html
東京ヤクルトスワローズ,武 岡,60,野手,右投左打,二塁手,三塁手;遊撃手,,,,,,2,50,51,70,64,57,42,swallows.zip:パワフルプロ野球2026-2027｜東京ヤクルトスワローズ｜デフォルト選手データ.html
東京ヤクルトスワローズ,北 村,50,野手,右投右打,三塁手,一塁手;二塁手,,,,,,3,40,61,45,51,43,42,swallows.zip:パワフルプロ野球2026-2027｜東京ヤクルトスワローズ｜デフォルト選手データ.html
東京ヤクルトスワローズ,山野辺,37,野手,右投右打,二塁手,三塁手;遊撃手,,,,,,3,37,52,71,48,58,40,swallows.zip:パワフルプロ野球2026-2027｜東京ヤクルトスワローズ｜デフォルト選手データ.html
東京ヤクルトスワローズ,増 田,63,野手,右投右打,外野手,一塁手;二塁手,,代打要員,,,,3,51,62,61,51,48,46,swallows.zip:パワフルプロ野球2026-2027｜東京ヤクルトスワローズ｜デフォルト選手データ.html
東京ヤクルトスワローズ,西 村,36,野手,右投左打,外野手,三塁手,,,,,,4,22,55,64,74,32,35,swallows.zip:パワフルプロ野球2026-2027｜東京ヤクルトスワローズ｜デフォルト選手データ.html
東京ヤクルトスワローズ,澤 井,42,野手,左投左打,外野手,一塁手,,,,,,4,33,71,48,53,31,40,swallows.zip:パワフルプロ野球2026-2027｜東京ヤクルトスワローズ｜デフォルト選手データ.html
東京ヤクルトスワローズ,サンタナ,25,野手,右投右打,外野手,,,,,,,3,55,72,47,75,26,38,swallows.zip:パワフルプロ野球2026-2027｜東京ヤクルトスワローズ｜デフォルト選手データ.html
東京ヤクルトスワローズ,岩 田,64,野手,左投左打,外野手,,,,,,,2,60,39,96,55,67,41,swallows.zip:パワフルプロ野球2026-2027｜東京ヤクルトスワローズ｜デフォルト選手データ.html
東京ヤクルトスワローズ,丸山和,4,野手,左投左打,外野手,,,,,,,2,50,47,86,68,51,53,swallows.zip:パワフルプロ野球2026-2027｜東京ヤクルトスワローズ｜デフォルト選手データ.html
東京ヤクルトスワローズ,塩 見,9,野手,右投右打,外野手,,,,,,,3,58,64,83,60,73,51,swallows.zip:パワフルプロ野球2026-2027｜東京ヤクルトスワローズ｜デフォルト選手データ.html
東京ヤクルトスワローズ,並 木,0,野手,右投右打,外野手,,,,,,,2,45,32,97,57,40,45,swallows.zip:パワフルプロ野球2026-2027｜東京ヤクルトスワローズ｜デフォルト選手データ.html
東京ヤクルトスワローズ,モイセエフ,31,野手,左投左打,外野手,,,,,,,3,25,59,64,62,32,31,swallows.zip:パワフルプロ野球2026-2027｜東京ヤクルトスワローズ｜デフォルト選手データ.html
