カテゴリ,比較軸,値,件数,割合%,集計軸,球種,出現数,投手あたり出現率%,種別,方向
実在12球団,球種数分布,3.0,318.0,79.1,,,,,,
実在12球団,球種数分布,2.0,78.0,19.4,,,,,,
実在12球団,球種数分布,4.0,6.0,1.49,,,,,,
架空球団用,球種数分布,3,3338.0,66.76,,,,,,
架空球団用,球種数分布,2,1124.0,22.48,,,,,,
架空球団用,球種数分布,4,483.0,9.66,,,,,,
架空球団用,球種数分布,1,50.0,1.0,,,,,,
架空球団用,球種数分布,5,5.0,0.1,,,,,,
ドラフト候補用,球種数分布,2,2321.0,46.42,,,,,,
ドラフト候補用,球種数分布,3,2018.0,40.36,,,,,,
ドラフト候補用,球種数分布,1,461.0,9.22,,,,,,
ドラフト候補用,球種数分布,4,197.0,3.94,,,,,,
ドラフト候補用,球種数分布,5,3.0,0.06,,,,,,
助っ人外国人用,球種数分布,3,3194.0,63.88,,,,,,
助っ人外国人用,球種数分布,4,1301.0,26.02,,,,,,
助っ人外国人用,球種数分布,2,340.0,6.8,,,,,,
助っ人外国人用,球種数分布,5,139.0,2.78,,,,,,
助っ人外国人用,球種数分布,1,26.0,0.52,,,,,,
実在12球団,総変化量分布,6.0,105.0,26.12,,,,,,
実在12球団,総変化量分布,7.0,99.0,24.63,,,,,,
実在12球団,総変化量分布,8.0,63.0,15.67,,,,,,
実在12球団,総変化量分布,5.0,53.0,13.18,,,,,,
実在12球団,総変化量分布,9.0,39.0,9.7,,,,,,
実在12球団,総変化量分布,4.0,22.0,5.47,,,,,,
実在12球団,総変化量分布,10.0,15.0,3.73,,,,,,
実在12球団,総変化量分布,11.0,4.0,1.0,,,,,,
実在12球団,総変化量分布,13.0,1.0,0.25,,,,,,
実在12球団,総変化量分布,3.0,1.0,0.25,,,,,,
架空球団用,総変化量分布,7,1114.0,22.28,,,,,,
架空球団用,総変化量分布,8,1079.0,21.58,,,,,,
架空球団用,総変化量分布,6,906.0,18.12,,,,,,
架空球団用,総変化量分布,5,593.0,11.86,,,,,,
架空球団用,総変化量分布,9,593.0,11.86,,,,,,
架空球団用,総変化量分布,4,323.0,6.46,,,,,,
架空球団用,総変化量分布,10,228.0,4.56,,,,,,
架空球団用,総変化量分布,3,67.0,1.34,,,,,,
架空球団用,総変化量分布,11,46.0,0.92,,,,,,
架空球団用,総変化量分布,2,32.0,0.64,,,,,,
架空球団用,総変化量分布,12,11.0,0.22,,,,,,
架空球団用,総変化量分布,13,6.0,0.12,,,,,,
架空球団用,総変化量分布,1,2.0,0.04,,,,,,
ドラフト候補用,総変化量分布,5,1027.0,20.54,,,,,,
ドラフト候補用,総変化量分布,6,883.0,17.66,,,,,,
ドラフト候補用,総変化量分布,4,818.0,16.36,,,,,,
ドラフト候補用,総変化量分布,7,797.0,15.94,,,,,,
ドラフト候補用,総変化量分布,8,515.0,10.3,,,,,,
ドラフト候補用,総変化量分布,3,338.0,6.76,,,,,,
ドラフト候補用,総変化量分布,9,251.0,5.02,,,,,,
ドラフト候補用,総変化量分布,2,230.0,4.6,,,,,,
ドラフト候補用,総変化量分布,10,86.0,1.72,,,,,,
ドラフト候補用,総変化量分布,1,29.0,0.58,,,,,,
ドラフト候補用,総変化量分布,11,19.0,0.38,,,,,,
ドラフト候補用,総変化量分布,12,5.0,0.1,,,,,,
ドラフト候補用,総変化量分布,13,2.0,0.04,,,,,,
助っ人外国人用,総変化量分布,8,1136.0,22.72,,,,,,
助っ人外国人用,総変化量分布,7,986.0,19.72,,,,,,
助っ人外国人用,総変化量分布,9,931.0,18.62,,,,,,
助っ人外国人用,総変化量分布,10,574.0,11.48,,,,,,
助っ人外国人用,総変化量分布,6,545.0,10.9,,,,,,
助っ人外国人用,総変化量分布,11,257.0,5.14,,,,,,
助っ人外国人用,総変化量分布,5,212.0,4.24,,,,,,
助っ人外国人用,総変化量分布,12,137.0,2.74,,,,,,
助っ人外国人用,総変化量分布,4,103.0,2.06,,,,,,
助っ人外国人用,総変化量分布,13,57.0,1.14,,,,,,
助っ人外国人用,総変化量分布,3,31.0,0.62,,,,,,
助っ人外国人用,総変化量分布,14,15.0,0.3,,,,,,
助っ人外国人用,総変化量分布,2,11.0,0.22,,,,,,
助っ人外国人用,総変化量分布,15,4.0,0.08,,,,,,
助っ人外国人用,総変化量分布,1,1.0,0.02,,,,,,
実在12球団,第二球種あり,あり,73.0,18.16,,,,,,
架空球団用,第二球種あり,あり,1083.0,21.66,,,,,,
ドラフト候補用,第二球種あり,あり,632.0,12.64,,,,,,
助っ人外国人用,第二球種あり,あり,1260.0,25.2,,,,,,
実在12球団,球種名別出現率,カットボール,135.0,11.9,,,,,,
実在12球団,球種名別出現率,スライダー,127.0,11.2,,,,,,
実在12球団,球種名別出現率,SFF,102.0,8.99,,,,,,
実在12球団,球種名別出現率,フォーク,96.0,8.47,,,,,,
実在12球団,球種名別出現率,スラーブ,73.0,6.44,,,,,,
実在12球団,球種名別出現率,カーブ,66.0,5.82,,,,,,
実在12球団,球種名別出現率,サークルチェンジ,65.0,5.73,,,,,,
実在12球団,球種名別出現率,Hスライダー,65.0,5.73,,,,,,
実在12球団,球種名別出現率,Vスライダー,59.0,5.2,,,,,,
実在12球団,球種名別出現率,シンキングスプリット,44.0,3.88,,,,,,
実在12球団,球種名別出現率,ツーシームファスト,43.0,3.79,,,,,,
実在12球団,球種名別出現率,ドロップカーブ,42.0,3.7,,,,,,
実在12球団,球種名別出現率,チェンジアップ,34.0,3.0,,,,,,
実在12球団,球種名別出現率,Hシンカー,34.0,3.0,,,,,,
実在12球団,球種名別出現率,ナックルカーブ,30.0,2.65,,,,,,
実在12球団,球種名別出現率,スローカーブ,30.0,2.65,,,,,,
実在12球団,球種名別出現率,シンキングツーシーム,27.0,2.38,,,,,,
実在12球団,球種名別出現率,Hシュート,15.0,1.32,,,,,,
実在12球団,球種名別出現率,パワーカーブ,13.0,1.15,,,,,,
実在12球団,球種名別出現率,ファストチェンジ,10.0,0.88,,,,,,
実在12球団,球種名別出現率,シンカー,5.0,0.44,,,,,,
実在12球団,球種名別出現率,スクリュー,5.0,0.44,,,,,,
実在12球団,球種名別出現率,パーム,4.0,0.35,,,,,,
実在12球団,球種名別出現率,Dスライダー,3.0,0.26,,,,,,
実在12球団,球種名別出現率,シュート,3.0,0.26,,,,,,
実在12球団,球種名別出現率,ムービングファスト,3.0,0.26,,,,,,
実在12球団,球種名別出現率,超スローボール,1.0,0.09,,,,,,
実在12球団,方向別出現率,スライダー方向,327.0,28.84,,,,,,
実在12球団,方向別出現率,フォーク方向,295.0,26.01,,,,,,
実在12球団,方向別出現率,カーブ方向,257.0,22.66,,,,,,
実在12球団,方向別出現率,シンカー方向,163.0,14.37,,,,,,
実在12球団,方向別出現率,ストレート系第二種,47.0,4.14,,,,,,
実在12球団,方向別出現率,シュート方向,45.0,3.97,,,,,,
実在12球団,変化量別出現数,3,330.0,,,,,,,
実在12球団,変化量別出現数,2,291.0,,,,,,,
実在12球団,変化量別出現数,1,259.0,,,,,,,
実在12球団,変化量別出現数,4,146.0,,,,,,,
実在12球団,変化量別出現数,0,47.0,,,,,,,
実在12球団,変化量別出現数,5,40.0,,,,,,,
実在12球団,変化量別出現数,6,21.0,,,,,,,
実在12球団,第一球種方向分布,スライダー方向,304.0,28.65,,,,,,
実在12球団,第一球種方向分布,フォーク方向,261.0,24.6,,,,,,
実在12球団,第一球種方向分布,カーブ方向,245.0,23.09,,,,,,
実在12球団,第一球種方向分布,シンカー方向,160.0,15.08,,,,,,
実在12球団,第一球種方向分布,ストレート系第二種,47.0,4.43,,,,,,
実在12球団,第一球種方向分布,シュート方向,44.0,4.15,,,,,,
実在12球団,第二球種方向分布,フォーク方向,34.0,46.58,,,,,,
実在12球団,第二球種方向分布,スライダー方向,23.0,31.51,,,,,,
実在12球団,第二球種方向分布,カーブ方向,12.0,16.44,,,,,,
実在12球団,第二球種方向分布,シンカー方向,3.0,4.11,,,,,,
実在12球団,第二球種方向分布,シュート方向,1.0,1.37,,,,,,
架空球団用,球種名別出現率,カットボール,1659.0,11.63,,,,,,
架空球団用,球種名別出現率,スライダー,1537.0,10.77,,,,,,
架空球団用,球種名別出現率,SFF,1296.0,9.08,,,,,,
架空球団用,球種名別出現率,フォーク,1187.0,8.32,,,,,,
架空球団用,球種名別出現率,スラーブ,921.0,6.45,,,,,,
架空球団用,球種名別出現率,サークルチェンジ,861.0,6.03,,,,,,
架空球団用,球種名別出現率,カーブ,859.0,6.02,,,,,,
架空球団用,球種名別出現率,Hスライダー,795.0,5.57,,,,,,
架空球団用,球種名別出現率,Vスライダー,772.0,5.41,,,,,,
架空球団用,球種名別出現率,シンキングスプリット,580.0,4.06,,,,,,
架空球団用,球種名別出現率,ツーシームファスト,576.0,4.04,,,,,,
架空球団用,球種名別出現率,ドロップカーブ,518.0,3.63,,,,,,
架空球団用,球種名別出現率,チェンジアップ,406.0,2.85,,,,,,
架空球団用,球種名別出現率,シンキングツーシーム,402.0,2.82,,,,,,
架空球団用,球種名別出現率,スローカーブ,398.0,2.79,,,,,,
架空球団用,球種名別出現率,ナックルカーブ,348.0,2.44,,,,,,
架空球団用,球種名別出現率,Hシンカー,252.0,1.77,,,,,,
架空球団用,球種名別出現率,Hシュート,223.0,1.56,,,,,,
架空球団用,球種名別出現率,パワーカーブ,186.0,1.3,,,,,,
架空球団用,球種名別出現率,ファストチェンジ,146.0,1.02,,,,,,
架空球団用,球種名別出現率,シンカー,97.0,0.68,,,,,,
架空球団用,球種名別出現率,スクリュー,55.0,0.39,,,,,,
架空球団用,球種名別出現率,パーム,50.0,0.35,,,,,,
架空球団用,球種名別出現率,シュート,49.0,0.34,,,,,,
架空球団用,球種名別出現率,Dスライダー,40.0,0.28,,,,,,
架空球団用,球種名別出現率,ムービングファスト,36.0,0.25,,,,,,
架空球団用,球種名別出現率,超スローボール,11.0,0.08,,,,,,
架空球団用,球種名別出現率,ナックル,9.0,0.06,,,,,,
架空球団用,方向別出現率,スライダー方向,3991.0,27.97,,,,,,
架空球団用,方向別出現率,フォーク方向,3720.0,26.07,,,,,,
架空球団用,方向別出現率,カーブ方向,3270.0,22.92,,,,,,
架空球団用,方向別出現率,シンカー方向,1991.0,13.95,,,,,,
架空球団用,方向別出現率,シュート方向,674.0,4.72,,,,,,
架空球団用,方向別出現率,ストレート系第二種,623.0,4.37,,,,,,
架空球団用,第一球種方向分布,スライダー方向,3596.0,27.27,,,,,,
架空球団用,第一球種方向分布,フォーク方向,3324.0,25.21,,,,,,
架空球団用,第一球種方向分布,カーブ方向,3049.0,23.12,,,,,,
架空球団用,第一球種方向分布,シンカー方向,1932.0,14.65,,,,,,
架空球団用,第一球種方向分布,シュート方向,662.0,5.02,,,,,,
架空球団用,第一球種方向分布,ストレート系第二種,623.0,4.72,,,,,,
架空球団用,第二球種方向分布,フォーク方向,396.0,36.57,,,,,,
架空球団用,第二球種方向分布,スライダー方向,395.0,36.47,,,,,,
架空球団用,第二球種方向分布,カーブ方向,221.0,20.41,,,,,,
架空球団用,第二球種方向分布,シンカー方向,59.0,5.45,,,,,,
架空球団用,第二球種方向分布,シュート方向,12.0,1.11,,,,,,
ドラフト候補用,球種名別出現率,カットボール,1328.0,11.1,,,,,,
ドラフト候補用,球種名別出現率,スライダー,1317.0,11.01,,,,,,
ドラフト候補用,球種名別出現率,SFF,1084.0,9.06,,,,,,
ドラフト候補用,球種名別出現率,フォーク,1037.0,8.67,,,,,,
ドラフト候補用,球種名別出現率,スラーブ,837.0,7.0,,,,,,
ドラフト候補用,球種名別出現率,サークルチェンジ,709.0,5.93,,,,,,
ドラフト候補用,球種名別出現率,Hスライダー,690.0,5.77,,,,,,
ドラフト候補用,球種名別出現率,カーブ,684.0,5.72,,,,,,
ドラフト候補用,球種名別出現率,Vスライダー,611.0,5.11,,,,,,
ドラフト候補用,球種名別出現率,シンキングスプリット,538.0,4.5,,,,,,
ドラフト候補用,球種名別出現率,ドロップカーブ,459.0,3.84,,,,,,
ドラフト候補用,球種名別出現率,チェンジアップ,368.0,3.08,,,,,,
ドラフト候補用,球種名別出現率,スローカーブ,341.0,2.85,,,,,,
ドラフト候補用,球種名別出現率,ツーシームファスト,337.0,2.82,,,,,,
ドラフト候補用,球種名別出現率,シンキングツーシーム,325.0,2.72,,,,,,
ドラフト候補用,球種名別出現率,ナックルカーブ,322.0,2.69,,,,,,
ドラフト候補用,球種名別出現率,Hシンカー,211.0,1.76,,,,,,
ドラフト候補用,球種名別出現率,Hシュート,188.0,1.57,,,,,,
ドラフト候補用,球種名別出現率,パワーカーブ,164.0,1.37,,,,,,
ドラフト候補用,球種名別出現率,ファストチェンジ,114.0,0.95,,,,,,
ドラフト候補用,球種名別出現率,シンカー,74.0,0.62,,,,,,
ドラフト候補用,球種名別出現率,パーム,56.0,0.47,,,,,,
ドラフト候補用,球種名別出現率,シュート,50.0,0.42,,,,,,
ドラフト候補用,球種名別出現率,スクリュー,50.0,0.42,,,,,,
ドラフト候補用,球種名別出現率,Dスライダー,29.0,0.24,,,,,,
ドラフト候補用,球種名別出現率,ムービングファスト,19.0,0.16,,,,,,
ドラフト候補用,球種名別出現率,超スローボール,9.0,0.08,,,,,,
ドラフト候補用,球種名別出現率,ナックル,9.0,0.08,,,,,,
ドラフト候補用,方向別出現率,スライダー方向,3335.0,27.88,,,,,,
ドラフト候補用,方向別出現率,フォーク方向,3165.0,26.46,,,,,,
ドラフト候補用,方向別出現率,カーブ方向,2836.0,23.71,,,,,,
ドラフト候補用,方向別出現率,シンカー方向,1696.0,14.18,,,,,,
ドラフト候補用,方向別出現率,シュート方向,563.0,4.71,,,,,,
ドラフト候補用,方向別出現率,ストレート系第二種,365.0,3.05,,,,,,
ドラフト候補用,第一球種方向分布,スライダー方向,3125.0,27.59,,,,,,
ドラフト候補用,第一球種方向分布,フォーク方向,2934.0,25.9,,,,,,
ドラフト候補用,第一球種方向分布,カーブ方向,2700.0,23.83,,,,,,
ドラフト候補用,第一球種方向分布,シンカー方向,1648.0,14.55,,,,,,
ドラフト候補用,第一球種方向分布,シュート方向,556.0,4.91,,,,,,
ドラフト候補用,第一球種方向分布,ストレート系第二種,365.0,3.22,,,,,,
ドラフト候補用,第二球種方向分布,フォーク方向,231.0,36.55,,,,,,
ドラフト候補用,第二球種方向分布,スライダー方向,210.0,33.23,,,,,,
ドラフト候補用,第二球種方向分布,カーブ方向,136.0,21.52,,,,,,
ドラフト候補用,第二球種方向分布,シンカー方向,48.0,7.59,,,,,,
ドラフト候補用,第二球種方向分布,シュート方向,7.0,1.11,,,,,,
助っ人外国人用,球種名別出現率,カットボール,1813.0,11.2,,,,,,
助っ人外国人用,球種名別出現率,スライダー,1696.0,10.48,,,,,,
助っ人外国人用,球種名別出現率,SFF,1532.0,9.46,,,,,,
助っ人外国人用,球種名別出現率,フォーク,1213.0,7.49,,,,,,
助っ人外国人用,球種名別出現率,サークルチェンジ,999.0,6.17,,,,,,
助っ人外国人用,球種名別出現率,スラーブ,970.0,5.99,,,,,,
助っ人外国人用,球種名別出現率,カーブ,894.0,5.52,,,,,,
助っ人外国人用,球種名別出現率,Hスライダー,862.0,5.33,,,,,,
助っ人外国人用,球種名別出現率,Vスライダー,812.0,5.02,,,,,,
助っ人外国人用,球種名別出現率,ツーシームファスト,807.0,4.99,,,,,,
助っ人外国人用,球種名別出現率,シンキングスプリット,801.0,4.95,,,,,,
助っ人外国人用,球種名別出現率,ドロップカーブ,573.0,3.54,,,,,,
助っ人外国人用,球種名別出現率,チェンジアップ,481.0,2.97,,,,,,
助っ人外国人用,球種名別出現率,シンキングツーシーム,468.0,2.89,,,,,,
助っ人外国人用,球種名別出現率,スローカーブ,410.0,2.53,,,,,,
助っ人外国人用,球種名別出現率,ナックルカーブ,409.0,2.53,,,,,,
助っ人外国人用,球種名別出現率,パワーカーブ,326.0,2.01,,,,,,
助っ人外国人用,球種名別出現率,Hシンカー,303.0,1.87,,,,,,
助っ人外国人用,球種名別出現率,Hシュート,261.0,1.61,,,,,,
助っ人外国人用,球種名別出現率,ファストチェンジ,152.0,0.94,,,,,,
助っ人外国人用,球種名別出現率,シンカー,94.0,0.58,,,,,,
助っ人外国人用,球種名別出現率,パーム,63.0,0.39,,,,,,
助っ人外国人用,球種名別出現率,ムービングファスト,60.0,0.37,,,,,,
助っ人外国人用,球種名別出現率,シュート,60.0,0.37,,,,,,
助っ人外国人用,球種名別出現率,スクリュー,57.0,0.35,,,,,,
助っ人外国人用,球種名別出現率,Dスライダー,42.0,0.26,,,,,,
助っ人外国人用,球種名別出現率,超スローボール,23.0,0.14,,,,,,
助っ人外国人用,球種名別出現率,ナックル,6.0,0.04,,,,,,
助っ人外国人用,方向別出現率,スライダー方向,4371.0,27.0,,,,,,
助っ人外国人用,方向別出現率,フォーク方向,4107.0,25.37,,,,,,
助っ人外国人用,方向別出現率,カーブ方向,3624.0,22.39,,,,,,
助っ人外国人用,方向別出現率,シンカー方向,2406.0,14.86,,,,,,
助っ人外国人用,方向別出現率,ストレート系第二種,890.0,5.5,,,,,,
助っ人外国人用,方向別出現率,シュート方向,789.0,4.87,,,,,,
助っ人外国人用,第一球種方向分布,スライダー方向,3868.0,25.91,,,,,,
助っ人外国人用,第一球種方向分布,フォーク方向,3641.0,24.39,,,,,,
助っ人外国人用,第一球種方向分布,カーブ方向,3397.0,22.76,,,,,,
助っ人外国人用,第一球種方向分布,シンカー方向,2353.0,15.76,,,,,,
助っ人外国人用,第一球種方向分布,ストレート系第二種,890.0,5.96,,,,,,
助っ人外国人用,第一球種方向分布,シュート方向,778.0,5.21,,,,,,
助っ人外国人用,第二球種方向分布,スライダー方向,503.0,39.92,,,,,,
助っ人外国人用,第二球種方向分布,フォーク方向,466.0,36.98,,,,,,
助っ人外国人用,第二球種方向分布,カーブ方向,227.0,18.02,,,,,,
助っ人外国人用,第二球種方向分布,シンカー方向,53.0,4.21,,,,,,
助っ人外国人用,第二球種方向分布,シュート方向,11.0,0.87,,,,,,
差分,生成に存在するが実在にない球種,ナックル,0.0,,,,,,,
生成詳細,生成_球種名別詳細,,,,全体,カットボール,4800.0,32.0,,
生成詳細,生成_球種名別詳細,,,,全体,スライダー,4550.0,30.33,,
生成詳細,生成_球種名別詳細,,,,全体,SFF,3912.0,26.08,,
生成詳細,生成_球種名別詳細,,,,全体,フォーク,3437.0,22.91,,
生成詳細,生成_球種名別詳細,,,,全体,スラーブ,2728.0,18.19,,
生成詳細,生成_球種名別詳細,,,,全体,サークルチェンジ,2569.0,17.13,,
生成詳細,生成_球種名別詳細,,,,全体,カーブ,2437.0,16.25,,
生成詳細,生成_球種名別詳細,,,,全体,Hスライダー,2347.0,15.65,,
生成詳細,生成_球種名別詳細,,,,全体,Vスライダー,2195.0,14.63,,
生成詳細,生成_球種名別詳細,,,,全体,シンキングスプリット,1919.0,12.79,,
生成詳細,生成_球種名別詳細,,,,全体,ツーシームファスト,1720.0,11.47,,
生成詳細,生成_球種名別詳細,,,,全体,ドロップカーブ,1550.0,10.33,,
生成詳細,生成_球種名別詳細,,,,全体,チェンジアップ,1255.0,8.37,,
生成詳細,生成_球種名別詳細,,,,全体,シンキングツーシーム,1195.0,7.97,,
生成詳細,生成_球種名別詳細,,,,全体,スローカーブ,1149.0,7.66,,
生成詳細,生成_球種名別詳細,,,,全体,ナックルカーブ,1079.0,7.19,,
生成詳細,生成_球種名別詳細,,,,全体,Hシンカー,766.0,5.11,,
生成詳細,生成_球種名別詳細,,,,全体,パワーカーブ,676.0,4.51,,
生成詳細,生成_球種名別詳細,,,,全体,Hシュート,672.0,4.48,,
生成詳細,生成_球種名別詳細,,,,全体,ファストチェンジ,412.0,2.75,,
生成詳細,生成_球種名別詳細,,,,全体,シンカー,265.0,1.77,,
生成詳細,生成_球種名別詳細,,,,全体,パーム,169.0,1.13,,
生成詳細,生成_球種名別詳細,,,,全体,スクリュー,162.0,1.08,,
生成詳細,生成_球種名別詳細,,,,全体,シュート,159.0,1.06,,
生成詳細,生成_球種名別詳細,,,,全体,ムービングファスト,115.0,0.77,,
生成詳細,生成_球種名別詳細,,,,全体,Dスライダー,111.0,0.74,,
生成詳細,生成_球種名別詳細,,,,全体,超スローボール,43.0,0.29,,
生成詳細,生成_球種名別詳細,,,,全体,ナックル,24.0,0.16,,
生成詳細,生成_球種名別詳細,,,,カテゴリ=ドラフト候補用,カットボール,1328.0,26.56,,
生成詳細,生成_球種名別詳細,,,,カテゴリ=ドラフト候補用,スライダー,1317.0,26.34,,
生成詳細,生成_球種名別詳細,,,,カテゴリ=ドラフト候補用,SFF,1084.0,21.68,,
生成詳細,生成_球種名別詳細,,,,カテゴリ=ドラフト候補用,フォーク,1037.0,20.74,,
生成詳細,生成_球種名別詳細,,,,カテゴリ=ドラフト候補用,スラーブ,837.0,16.74,,
生成詳細,生成_球種名別詳細,,,,カテゴリ=ドラフト候補用,サークルチェンジ,709.0,14.18,,
生成詳細,生成_球種名別詳細,,,,カテゴリ=ドラフト候補用,Hスライダー,690.0,13.8,,
生成詳細,生成_球種名別詳細,,,,カテゴリ=ドラフト候補用,カーブ,684.0,13.68,,
生成詳細,生成_球種名別詳細,,,,カテゴリ=ドラフト候補用,Vスライダー,611.0,12.22,,
生成詳細,生成_球種名別詳細,,,,カテゴリ=ドラフト候補用,シンキングスプリット,538.0,10.76,,
生成詳細,生成_球種名別詳細,,,,カテゴリ=ドラフト候補用,ドロップカーブ,459.0,9.18,,
生成詳細,生成_球種名別詳細,,,,カテゴリ=ドラフト候補用,チェンジアップ,368.0,7.36,,
生成詳細,生成_球種名別詳細,,,,カテゴリ=ドラフト候補用,スローカーブ,341.0,6.82,,
生成詳細,生成_球種名別詳細,,,,カテゴリ=ドラフト候補用,ツーシームファスト,337.0,6.74,,
生成詳細,生成_球種名別詳細,,,,カテゴリ=ドラフト候補用,シンキングツーシーム,325.0,6.5,,
生成詳細,生成_球種名別詳細,,,,カテゴリ=ドラフト候補用,ナックルカーブ,322.0,6.44,,
生成詳細,生成_球種名別詳細,,,,カテゴリ=ドラフト候補用,Hシンカー,211.0,4.22,,
生成詳細,生成_球種名別詳細,,,,カテゴリ=ドラフト候補用,Hシュート,188.0,3.76,,
生成詳細,生成_球種名別詳細,,,,カテゴリ=ドラフト候補用,パワーカーブ,164.0,3.28,,
生成詳細,生成_球種名別詳細,,,,カテゴリ=ドラフト候補用,ファストチェンジ,114.0,2.28,,
生成詳細,生成_球種名別詳細,,,,カテゴリ=ドラフト候補用,シンカー,74.0,1.48,,
生成詳細,生成_球種名別詳細,,,,カテゴリ=ドラフト候補用,パーム,56.0,1.12,,
生成詳細,生成_球種名別詳細,,,,カテゴリ=ドラフト候補用,シュート,50.0,1.0,,
生成詳細,生成_球種名別詳細,,,,カテゴリ=ドラフト候補用,スクリュー,50.0,1.0,,
生成詳細,生成_球種名別詳細,,,,カテゴリ=ドラフト候補用,Dスライダー,29.0,0.58,,
生成詳細,生成_球種名別詳細,,,,カテゴリ=ドラフト候補用,ムービングファスト,19.0,0.38,,
生成詳細,生成_球種名別詳細,,,,カテゴリ=ドラフト候補用,超スローボール,9.0,0.18,,
生成詳細,生成_球種名別詳細,,,,カテゴリ=ドラフト候補用,ナックル,9.0,0.18,,
生成詳細,生成_球種名別詳細,,,,カテゴリ=助っ人外国人用,カットボール,1813.0,36.26,,
生成詳細,生成_球種名別詳細,,,,カテゴリ=助っ人外国人用,スライダー,1696.0,33.92,,
生成詳細,生成_球種名別詳細,,,,カテゴリ=助っ人外国人用,SFF,1532.0,30.64,,
生成詳細,生成_球種名別詳細,,,,カテゴリ=助っ人外国人用,フォーク,1213.0,24.26,,
生成詳細,生成_球種名別詳細,,,,カテゴリ=助っ人外国人用,サークルチェンジ,999.0,19.98,,
生成詳細,生成_球種名別詳細,,,,カテゴリ=助っ人外国人用,スラーブ,970.0,19.4,,
生成詳細,生成_球種名別詳細,,,,カテゴリ=助っ人外国人用,カーブ,894.0,17.88,,
生成詳細,生成_球種名別詳細,,,,カテゴリ=助っ人外国人用,Hスライダー,862.0,17.24,,
生成詳細,生成_球種名別詳細,,,,カテゴリ=助っ人外国人用,Vスライダー,812.0,16.24,,
生成詳細,生成_球種名別詳細,,,,カテゴリ=助っ人外国人用,ツーシームファスト,807.0,16.14,,
生成詳細,生成_球種名別詳細,,,,カテゴリ=助っ人外国人用,シンキングスプリット,801.0,16.02,,
生成詳細,生成_球種名別詳細,,,,カテゴリ=助っ人外国人用,ドロップカーブ,573.0,11.46,,
生成詳細,生成_球種名別詳細,,,,カテゴリ=助っ人外国人用,チェンジアップ,481.0,9.62,,
生成詳細,生成_球種名別詳細,,,,カテゴリ=助っ人外国人用,シンキングツーシーム,468.0,9.36,,
生成詳細,生成_球種名別詳細,,,,カテゴリ=助っ人外国人用,スローカーブ,410.0,8.2,,
生成詳細,生成_球種名別詳細,,,,カテゴリ=助っ人外国人用,ナックルカーブ,409.0,8.18,,
生成詳細,生成_球種名別詳細,,,,カテゴリ=助っ人外国人用,パワーカーブ,326.0,6.52,,
生成詳細,生成_球種名別詳細,,,,カテゴリ=助っ人外国人用,Hシンカー,303.0,6.06,,
生成詳細,生成_球種名別詳細,,,,カテゴリ=助っ人外国人用,Hシュート,261.0,5.22,,
生成詳細,生成_球種名別詳細,,,,カテゴリ=助っ人外国人用,ファストチェンジ,152.0,3.04,,
生成詳細,生成_球種名別詳細,,,,カテゴリ=助っ人外国人用,シンカー,94.0,1.88,,
生成詳細,生成_球種名別詳細,,,,カテゴリ=助っ人外国人用,パーム,63.0,1.26,,
生成詳細,生成_球種名別詳細,,,,カテゴリ=助っ人外国人用,ムービングファスト,60.0,1.2,,
生成詳細,生成_球種名別詳細,,,,カテゴリ=助っ人外国人用,シュート,60.0,1.2,,
生成詳細,生成_球種名別詳細,,,,カテゴリ=助っ人外国人用,スクリュー,57.0,1.14,,
生成詳細,生成_球種名別詳細,,,,カテゴリ=助っ人外国人用,Dスライダー,42.0,0.84,,
生成詳細,生成_球種名別詳細,,,,カテゴリ=助っ人外国人用,超スローボール,23.0,0.46,,
生成詳細,生成_球種名別詳細,,,,カテゴリ=助っ人外国人用,ナックル,6.0,0.12,,
生成詳細,生成_球種名別詳細,,,,カテゴリ=架空球団用,カットボール,1659.0,33.18,,
生成詳細,生成_球種名別詳細,,,,カテゴリ=架空球団用,スライダー,1537.0,30.74,,
生成詳細,生成_球種名別詳細,,,,カテゴリ=架空球団用,SFF,1296.0,25.92,,
生成詳細,生成_球種名別詳細,,,,カテゴリ=架空球団用,フォーク,1187.0,23.74,,
生成詳細,生成_球種名別詳細,,,,カテゴリ=架空球団用,スラーブ,921.0,18.42,,
生成詳細,生成_球種名別詳細,,,,カテゴリ=架空球団用,サークルチェンジ,861.0,17.22,,
生成詳細,生成_球種名別詳細,,,,カテゴリ=架空球団用,カーブ,859.0,17.18,,
生成詳細,生成_球種名別詳細,,,,カテゴリ=架空球団用,Hスライダー,795.0,15.9,,
生成詳細,生成_球種名別詳細,,,,カテゴリ=架空球団用,Vスライダー,772.0,15.44,,
生成詳細,生成_球種名別詳細,,,,カテゴリ=架空球団用,シンキングスプリット,580.0,11.6,,
生成詳細,生成_球種名別詳細,,,,カテゴリ=架空球団用,ツーシームファスト,576.0,11.52,,
生成詳細,生成_球種名別詳細,,,,カテゴリ=架空球団用,ドロップカーブ,518.0,10.36,,
生成詳細,生成_球種名別詳細,,,,カテゴリ=架空球団用,チェンジアップ,406.0,8.12,,
生成詳細,生成_球種名別詳細,,,,カテゴリ=架空球団用,シンキングツーシーム,402.0,8.04,,
生成詳細,生成_球種名別詳細,,,,カテゴリ=架空球団用,スローカーブ,398.0,7.96,,
生成詳細,生成_球種名別詳細,,,,カテゴリ=架空球団用,ナックルカーブ,348.0,6.96,,
生成詳細,生成_球種名別詳細,,,,カテゴリ=架空球団用,Hシンカー,252.0,5.04,,
生成詳細,生成_球種名別詳細,,,,カテゴリ=架空球団用,Hシュート,223.0,4.46,,
生成詳細,生成_球種名別詳細,,,,カテゴリ=架空球団用,パワーカーブ,186.0,3.72,,
生成詳細,生成_球種名別詳細,,,,カテゴリ=架空球団用,ファストチェンジ,146.0,2.92,,
生成詳細,生成_球種名別詳細,,,,カテゴリ=架空球団用,シンカー,97.0,1.94,,
生成詳細,生成_球種名別詳細,,,,カテゴリ=架空球団用,スクリュー,55.0,1.1,,
生成詳細,生成_球種名別詳細,,,,カテゴリ=架空球団用,パーム,50.0,1.0,,
生成詳細,生成_球種名別詳細,,,,カテゴリ=架空球団用,シュート,49.0,0.98,,
生成詳細,生成_球種名別詳細,,,,カテゴリ=架空球団用,Dスライダー,40.0,0.8,,
生成詳細,生成_球種名別詳細,,,,カテゴリ=架空球団用,ムービングファスト,36.0,0.72,,
生成詳細,生成_球種名別詳細,,,,カテゴリ=架空球団用,超スローボール,11.0,0.22,,
生成詳細,生成_球種名別詳細,,,,カテゴリ=架空球団用,ナックル,9.0,0.18,,
生成詳細,生成_球種名別詳細,,,,先発適正=-,カットボール,1501.0,31.53,,
生成詳細,生成_球種名別詳細,,,,先発適正=-,スライダー,1416.0,29.75,,
生成詳細,生成_球種名別詳細,,,,先発適正=-,SFF,1210.0,25.42,,
生成詳細,生成_球種名別詳細,,,,先発適正=-,フォーク,1074.0,22.56,,
生成詳細,生成_球種名別詳細,,,,先発適正=-,スラーブ,886.0,18.61,,
生成詳細,生成_球種名別詳細,,,,先発適正=-,サークルチェンジ,824.0,17.31,,
生成詳細,生成_球種名別詳細,,,,先発適正=-,カーブ,810.0,17.02,,
生成詳細,生成_球種名別詳細,,,,先発適正=-,Hスライダー,746.0,15.67,,
生成詳細,生成_球種名別詳細,,,,先発適正=-,Vスライダー,679.0,14.26,,
生成詳細,生成_球種名別詳細,,,,先発適正=-,シンキングスプリット,592.0,12.44,,
生成詳細,生成_球種名別詳細,,,,先発適正=-,ツーシームファスト,539.0,11.32,,
生成詳細,生成_球種名別詳細,,,,先発適正=-,ドロップカーブ,486.0,10.21,,
生成詳細,生成_球種名別詳細,,,,先発適正=-,チェンジアップ,401.0,8.42,,
生成詳細,生成_球種名別詳細,,,,先発適正=-,スローカーブ,368.0,7.73,,
生成詳細,生成_球種名別詳細,,,,先発適正=-,シンキングツーシーム,332.0,6.97,,
生成詳細,生成_球種名別詳細,,,,先発適正=-,ナックルカーブ,320.0,6.72,,
生成詳細,生成_球種名別詳細,,,,先発適正=-,Hシンカー,255.0,5.36,,
生成詳細,生成_球種名別詳細,,,,先発適正=-,パワーカーブ,216.0,4.54,,
生成詳細,生成_球種名別詳細,,,,先発適正=-,Hシュート,207.0,4.35,,
生成詳細,生成_球種名別詳細,,,,先発適正=-,ファストチェンジ,130.0,2.73,,
生成詳細,生成_球種名別詳細,,,,先発適正=-,シンカー,94.0,1.97,,
生成詳細,生成_球種名別詳細,,,,先発適正=-,パーム,68.0,1.43,,
生成詳細,生成_球種名別詳細,,,,先発適正=-,スクリュー,54.0,1.13,,
生成詳細,生成_球種名別詳細,,,,先発適正=-,シュート,39.0,0.82,,
生成詳細,生成_球種名別詳細,,,,先発適正=-,ムービングファスト,38.0,0.8,,
生成詳細,生成_球種名別詳細,,,,先発適正=-,Dスライダー,37.0,0.78,,
生成詳細,生成_球種名別詳細,,,,先発適正=-,超スローボール,16.0,0.34,,
生成詳細,生成_球種名別詳細,,,,先発適正=-,ナックル,6.0,0.13,,
生成詳細,生成_球種名別詳細,,,,先発適正=○,カットボール,993.0,31.81,,
生成詳細,生成_球種名別詳細,,,,先発適正=○,スライダー,915.0,29.31,,
生成詳細,生成_球種名別詳細,,,,先発適正=○,SFF,826.0,26.46,,
生成詳細,生成_球種名別詳細,,,,先発適正=○,フォーク,714.0,22.87,,
生成詳細,生成_球種名別詳細,,,,先発適正=○,スラーブ,552.0,17.68,,
生成詳細,生成_球種名別詳細,,,,先発適正=○,Hスライダー,523.0,16.75,,
生成詳細,生成_球種名別詳細,,,,先発適正=○,サークルチェンジ,502.0,16.08,,
生成詳細,生成_球種名別詳細,,,,先発適正=○,カーブ,471.0,15.09,,
生成詳細,生成_球種名別詳細,,,,先発適正=○,Vスライダー,440.0,14.09,,
生成詳細,生成_球種名別詳細,,,,先発適正=○,シンキングスプリット,396.0,12.68,,
生成詳細,生成_球種名別詳細,,,,先発適正=○,ツーシームファスト,363.0,11.63,,
生成詳細,生成_球種名別詳細,,,,先発適正=○,ドロップカーブ,329.0,10.54,,
生成詳細,生成_球種名別詳細,,,,先発適正=○,シンキングツーシーム,264.0,8.46,,
生成詳細,生成_球種名別詳細,,,,先発適正=○,チェンジアップ,256.0,8.2,,
生成詳細,生成_球種名別詳細,,,,先発適正=○,スローカーブ,229.0,7.34,,
生成詳細,生成_球種名別詳細,,,,先発適正=○,ナックルカーブ,214.0,6.85,,
生成詳細,生成_球種名別詳細,,,,先発適正=○,Hシンカー,180.0,5.77,,
生成詳細,生成_球種名別詳細,,,,先発適正=○,パワーカーブ,154.0,4.93,,
生成詳細,生成_球種名別詳細,,,,先発適正=○,Hシュート,143.0,4.58,,
生成詳細,生成_球種名別詳細,,,,先発適正=○,ファストチェンジ,88.0,2.82,,
生成詳細,生成_球種名別詳細,,,,先発適正=○,シンカー,57.0,1.83,,
生成詳細,生成_球種名別詳細,,,,先発適正=○,シュート,33.0,1.06,,
生成詳細,生成_球種名別詳細,,,,先発適正=○,パーム,32.0,1.02,,
生成詳細,生成_球種名別詳細,,,,先発適正=○,ムービングファスト,25.0,0.8,,
生成詳細,生成_球種名別詳細,,,,先発適正=○,スクリュー,24.0,0.77,,
生成詳細,生成_球種名別詳細,,,,先発適正=○,Dスライダー,21.0,0.67,,
生成詳細,生成_球種名別詳細,,,,先発適正=○,超スローボール,11.0,0.35,,
生成詳細,生成_球種名別詳細,,,,先発適正=○,ナックル,5.0,0.16,,
生成詳細,生成_球種名別詳細,,,,先発適正=◎,カットボール,2306.0,32.4,,
生成詳細,生成_球種名別詳細,,,,先発適正=◎,スライダー,2219.0,31.17,,
生成詳細,生成_球種名別詳細,,,,先発適正=◎,SFF,1876.0,26.36,,
生成詳細,生成_球種名別詳細,,,,先発適正=◎,フォーク,1649.0,23.17,,
生成詳細,生成_球種名別詳細,,,,先発適正=◎,スラーブ,1290.0,18.12,,
生成詳細,生成_球種名別詳細,,,,先発適正=◎,サークルチェンジ,1243.0,17.46,,
生成詳細,生成_球種名別詳細,,,,先発適正=◎,カーブ,1156.0,16.24,,
生成詳細,生成_球種名別詳細,,,,先発適正=◎,Hスライダー,1078.0,15.14,,
生成詳細,生成_球種名別詳細,,,,先発適正=◎,Vスライダー,1076.0,15.12,,
生成詳細,生成_球種名別詳細,,,,先発適正=◎,シンキングスプリット,931.0,13.08,,
生成詳細,生成_球種名別詳細,,,,先発適正=◎,ツーシームファスト,818.0,11.49,,
生成詳細,生成_球種名別詳細,,,,先発適正=◎,ドロップカーブ,735.0,10.33,,
生成詳細,生成_球種名別詳細,,,,先発適正=◎,シンキングツーシーム,599.0,8.42,,
生成詳細,生成_球種名別詳細,,,,先発適正=◎,チェンジアップ,598.0,8.4,,
生成詳細,生成_球種名別詳細,,,,先発適正=◎,スローカーブ,552.0,7.75,,
生成詳細,生成_球種名別詳細,,,,先発適正=◎,ナックルカーブ,545.0,7.66,,
生成詳細,生成_球種名別詳細,,,,先発適正=◎,Hシンカー,331.0,4.65,,
生成詳細,生成_球種名別詳細,,,,先発適正=◎,Hシュート,322.0,4.52,,
生成詳細,生成_球種名別詳細,,,,先発適正=◎,パワーカーブ,306.0,4.3,,
生成詳細,生成_球種名別詳細,,,,先発適正=◎,ファストチェンジ,194.0,2.73,,
生成詳細,生成_球種名別詳細,,,,先発適正=◎,シンカー,114.0,1.6,,
生成詳細,生成_球種名別詳細,,,,先発適正=◎,シュート,87.0,1.22,,
生成詳細,生成_球種名別詳細,,,,先発適正=◎,スクリュー,84.0,1.18,,
生成詳細,生成_球種名別詳細,,,,先発適正=◎,パーム,69.0,0.97,,
生成詳細,生成_球種名別詳細,,,,先発適正=◎,Dスライダー,53.0,0.74,,
生成詳細,生成_球種名別詳細,,,,先発適正=◎,ムービングファスト,52.0,0.73,,
生成詳細,生成_球種名別詳細,,,,先発適正=◎,超スローボール,16.0,0.22,,
生成詳細,生成_球種名別詳細,,,,先発適正=◎,ナックル,13.0,0.18,,
生成詳細,生成_球種名別詳細,,,,中継ぎ適正=-,カットボール,1285.0,32.45,,
生成詳細,生成_球種名別詳細,,,,中継ぎ適正=-,スライダー,1226.0,30.96,,
生成詳細,生成_球種名別詳細,,,,中継ぎ適正=-,SFF,1012.0,25.56,,
生成詳細,生成_球種名別詳細,,,,中継ぎ適正=-,フォーク,946.0,23.89,,
生成詳細,生成_球種名別詳細,,,,中継ぎ適正=-,スラーブ,741.0,18.71,,
生成詳細,生成_球種名別詳細,,,,中継ぎ適正=-,サークルチェンジ,695.0,17.55,,
生成詳細,生成_球種名別詳細,,,,中継ぎ適正=-,カーブ,652.0,16.46,,
生成詳細,生成_球種名別詳細,,,,中継ぎ適正=-,Hスライダー,611.0,15.43,,
生成詳細,生成_球種名別詳細,,,,中継ぎ適正=-,Vスライダー,603.0,15.23,,
生成詳細,生成_球種名別詳細,,,,中継ぎ適正=-,シンキングスプリット,519.0,13.11,,
生成詳細,生成_球種名別詳細,,,,中継ぎ適正=-,ツーシームファスト,463.0,11.69,,
生成詳細,生成_球種名別詳細,,,,中継ぎ適正=-,ドロップカーブ,410.0,10.35,,
生成詳細,生成_球種名別詳細,,,,中継ぎ適正=-,チェンジアップ,328.0,8.28,,
生成詳細,生成_球種名別詳細,,,,中継ぎ適正=-,スローカーブ,318.0,8.03,,
生成詳細,生成_球種名別詳細,,,,中継ぎ適正=-,シンキングツーシーム,307.0,7.75,,
生成詳細,生成_球種名別詳細,,,,中継ぎ適正=-,ナックルカーブ,282.0,7.12,,
生成詳細,生成_球種名別詳細,,,,中継ぎ適正=-,Hシンカー,171.0,4.32,,
生成詳細,生成_球種名別詳細,,,,中継ぎ適正=-,Hシュート,170.0,4.29,,
生成詳細,生成_球種名別詳細,,,,中継ぎ適正=-,パワーカーブ,169.0,4.27,,
生成詳細,生成_球種名別詳細,,,,中継ぎ適正=-,ファストチェンジ,106.0,2.68,,
生成詳細,生成_球種名別詳細,,,,中継ぎ適正=-,シンカー,62.0,1.57,,
生成詳細,生成_球種名別詳細,,,,中継ぎ適正=-,スクリュー,53.0,1.34,,
生成詳細,生成_球種名別詳細,,,,中継ぎ適正=-,シュート,49.0,1.24,,
生成詳細,生成_球種名別詳細,,,,中継ぎ適正=-,パーム,38.0,0.96,,
生成詳細,生成_球種名別詳細,,,,中継ぎ適正=-,Dスライダー,38.0,0.96,,
生成詳細,生成_球種名別詳細,,,,中継ぎ適正=-,ムービングファスト,34.0,0.86,,
生成詳細,生成_球種名別詳細,,,,中継ぎ適正=-,ナックル,7.0,0.18,,
生成詳細,生成_球種名別詳細,,,,中継ぎ適正=-,超スローボール,7.0,0.18,,
生成詳細,生成_球種名別詳細,,,,中継ぎ適正=○,カットボール,1021.0,32.33,,
生成詳細,生成_球種名別詳細,,,,中継ぎ適正=○,スライダー,993.0,31.44,,
生成詳細,生成_球種名別詳細,,,,中継ぎ適正=○,SFF,864.0,27.36,,
生成詳細,生成_球種名別詳細,,,,中継ぎ適正=○,フォーク,703.0,22.26,,
生成詳細,生成_球種名別詳細,,,,中継ぎ適正=○,スラーブ,549.0,17.38,,
生成詳細,生成_球種名別詳細,,,,中継ぎ適正=○,サークルチェンジ,548.0,17.35,,
生成詳細,生成_球種名別詳細,,,,中継ぎ適正=○,カーブ,504.0,15.96,,
生成詳細,生成_球種名別詳細,,,,中継ぎ適正=○,Vスライダー,473.0,14.98,,
生成詳細,生成_球種名別詳細,,,,中継ぎ適正=○,Hスライダー,467.0,14.79,,
生成詳細,生成_球種名別詳細,,,,中継ぎ適正=○,シンキングスプリット,412.0,13.05,,
生成詳細,生成_球種名別詳細,,,,中継ぎ適正=○,ツーシームファスト,355.0,11.24,,
生成詳細,生成_球種名別詳細,,,,中継ぎ適正=○,ドロップカーブ,325.0,10.29,,
生成詳細,生成_球種名別詳細,,,,中継ぎ適正=○,シンキングツーシーム,292.0,9.25,,
生成詳細,生成_球種名別詳細,,,,中継ぎ適正=○,チェンジアップ,270.0,8.55,,
生成詳細,生成_球種名別詳細,,,,中継ぎ適正=○,ナックルカーブ,263.0,8.33,,
生成詳細,生成_球種名別詳細,,,,中継ぎ適正=○,スローカーブ,234.0,7.41,,
生成詳細,生成_球種名別詳細,,,,中継ぎ適正=○,Hシンカー,160.0,5.07,,
生成詳細,生成_球種名別詳細,,,,中継ぎ適正=○,Hシュート,152.0,4.81,,
生成詳細,生成_球種名別詳細,,,,中継ぎ適正=○,パワーカーブ,137.0,4.34,,
生成詳細,生成_球種名別詳細,,,,中継ぎ適正=○,ファストチェンジ,88.0,2.79,,
生成詳細,生成_球種名別詳細,,,,中継ぎ適正=○,シンカー,52.0,1.65,,
生成詳細,生成_球種名別詳細,,,,中継ぎ適正=○,シュート,38.0,1.2,,
生成詳細,生成_球種名別詳細,,,,中継ぎ適正=○,パーム,31.0,0.98,,
生成詳細,生成_球種名別詳細,,,,中継ぎ適正=○,スクリュー,31.0,0.98,,
生成詳細,生成_球種名別詳細,,,,中継ぎ適正=○,ムービングファスト,18.0,0.57,,
生成詳細,生成_球種名別詳細,,,,中継ぎ適正=○,Dスライダー,15.0,0.47,,
生成詳細,生成_球種名別詳細,,,,中継ぎ適正=○,超スローボール,9.0,0.28,,
生成詳細,生成_球種名別詳細,,,,中継ぎ適正=○,ナックル,6.0,0.19,,
生成詳細,生成_球種名別詳細,,,,中継ぎ適正=◎,カットボール,2494.0,31.64,,
生成詳細,生成_球種名別詳細,,,,中継ぎ適正=◎,スライダー,2331.0,29.57,,
生成詳細,生成_球種名別詳細,,,,中継ぎ適正=◎,SFF,2036.0,25.83,,
生成詳細,生成_球種名別詳細,,,,中継ぎ適正=◎,フォーク,1788.0,22.68,,
生成詳細,生成_球種名別詳細,,,,中継ぎ適正=◎,スラーブ,1438.0,18.24,,
生成詳細,生成_球種名別詳細,,,,中継ぎ適正=◎,サークルチェンジ,1326.0,16.82,,
生成詳細,生成_球種名別詳細,,,,中継ぎ適正=◎,カーブ,1281.0,16.25,,
生成詳細,生成_球種名別詳細,,,,中継ぎ適正=◎,Hスライダー,1269.0,16.1,,
生成詳細,生成_球種名別詳細,,,,中継ぎ適正=◎,Vスライダー,1119.0,14.2,,
生成詳細,生成_球種名別詳細,,,,中継ぎ適正=◎,シンキングスプリット,988.0,12.53,,
生成詳細,生成_球種名別詳細,,,,中継ぎ適正=◎,ツーシームファスト,902.0,11.44,,
生成詳細,生成_球種名別詳細,,,,中継ぎ適正=◎,ドロップカーブ,815.0,10.34,,
生成詳細,生成_球種名別詳細,,,,中継ぎ適正=◎,チェンジアップ,657.0,8.34,,
生成詳細,生成_球種名別詳細,,,,中継ぎ適正=◎,スローカーブ,597.0,7.57,,
生成詳細,生成_球種名別詳細,,,,中継ぎ適正=◎,シンキングツーシーム,596.0,7.56,,
生成詳細,生成_球種名別詳細,,,,中継ぎ適正=◎,ナックルカーブ,534.0,6.77,,
生成詳細,生成_球種名別詳細,,,,中継ぎ適正=◎,Hシンカー,435.0,5.52,,
生成詳細,生成_球種名別詳細,,,,中継ぎ適正=◎,パワーカーブ,370.0,4.69,,
生成詳細,生成_球種名別詳細,,,,中継ぎ適正=◎,Hシュート,350.0,4.44,,
生成詳細,生成_球種名別詳細,,,,中継ぎ適正=◎,ファストチェンジ,218.0,2.77,,
生成詳細,生成_球種名別詳細,,,,中継ぎ適正=◎,シンカー,151.0,1.92,,
生成詳細,生成_球種名別詳細,,,,中継ぎ適正=◎,パーム,100.0,1.27,,
生成詳細,生成_球種名別詳細,,,,中継ぎ適正=◎,スクリュー,78.0,0.99,,
生成詳細,生成_球種名別詳細,,,,中継ぎ適正=◎,シュート,72.0,0.91,,
生成詳細,生成_球種名別詳細,,,,中継ぎ適正=◎,ムービングファスト,63.0,0.8,,
生成詳細,生成_球種名別詳細,,,,中継ぎ適正=◎,Dスライダー,58.0,0.74,,
生成詳細,生成_球種名別詳細,,,,中継ぎ適正=◎,超スローボール,27.0,0.34,,
生成詳細,生成_球種名別詳細,,,,中継ぎ適正=◎,ナックル,11.0,0.14,,
生成詳細,生成_球種名別詳細,,,,抑え適正=-,カットボール,3862.0,31.99,,
生成詳細,生成_球種名別詳細,,,,抑え適正=-,スライダー,3685.0,30.53,,
生成詳細,生成_球種名別詳細,,,,抑え適正=-,SFF,3148.0,26.08,,
生成詳細,生成_球種名別詳細,,,,抑え適正=-,フォーク,2766.0,22.91,,
生成詳細,生成_球種名別詳細,,,,抑え適正=-,スラーブ,2174.0,18.01,,
生成詳細,生成_球種名別詳細,,,,抑え適正=-,サークルチェンジ,2055.0,17.02,,
生成詳細,生成_球種名別詳細,,,,抑え適正=-,カーブ,1944.0,16.1,,
生成詳細,生成_球種名別詳細,,,,抑え適正=-,Hスライダー,1868.0,15.47,,
生成詳細,生成_球種名別詳細,,,,抑え適正=-,Vスライダー,1785.0,14.79,,
生成詳細,生成_球種名別詳細,,,,抑え適正=-,シンキングスプリット,1544.0,12.79,,
生成詳細,生成_球種名別詳細,,,,抑え適正=-,ツーシームファスト,1369.0,11.34,,
生成詳細,生成_球種名別詳細,,,,抑え適正=-,ドロップカーブ,1241.0,10.28,,
生成詳細,生成_球種名別詳細,,,,抑え適正=-,チェンジアップ,1032.0,8.55,,
生成詳細,生成_球種名別詳細,,,,抑え適正=-,シンキングツーシーム,979.0,8.11,,
生成詳細,生成_球種名別詳細,,,,抑え適正=-,スローカーブ,918.0,7.6,,
生成詳細,生成_球種名別詳細,,,,抑え適正=-,ナックルカーブ,882.0,7.31,,
生成詳細,生成_球種名別詳細,,,,抑え適正=-,Hシンカー,600.0,4.97,,
生成詳細,生成_球種名別詳細,,,,抑え適正=-,Hシュート,549.0,4.55,,
生成詳細,生成_球種名別詳細,,,,抑え適正=-,パワーカーブ,536.0,4.44,,
生成詳細,生成_球種名別詳細,,,,抑え適正=-,ファストチェンジ,343.0,2.84,,
生成詳細,生成_球種名別詳細,,,,抑え適正=-,シンカー,203.0,1.68,,
生成詳細,生成_球種名別詳細,,,,抑え適正=-,パーム,132.0,1.09,,
生成詳細,生成_球種名別詳細,,,,抑え適正=-,スクリュー,126.0,1.04,,
生成詳細,生成_球種名別詳細,,,,抑え適正=-,シュート,123.0,1.02,,
生成詳細,生成_球種名別詳細,,,,抑え適正=-,ムービングファスト,90.0,0.75,,
生成詳細,生成_球種名別詳細,,,,抑え適正=-,Dスライダー,89.0,0.74,,
生成詳細,生成_球種名別詳細,,,,抑え適正=-,超スローボール,30.0,0.25,,
生成詳細,生成_球種名別詳細,,,,抑え適正=-,ナックル,19.0,0.16,,
生成詳細,生成_球種名別詳細,,,,抑え適正=○,カットボール,355.0,30.95,,
生成詳細,生成_球種名別詳細,,,,抑え適正=○,スライダー,342.0,29.82,,
生成詳細,生成_球種名別詳細,,,,抑え適正=○,SFF,281.0,24.5,,
生成詳細,生成_球種名別詳細,,,,抑え適正=○,フォーク,266.0,23.19,,
生成詳細,生成_球種名別詳細,,,,抑え適正=○,スラーブ,205.0,17.87,,
生成詳細,生成_球種名別詳細,,,,抑え適正=○,サークルチェンジ,201.0,17.52,,
生成詳細,生成_球種名別詳細,,,,抑え適正=○,Hスライダー,200.0,17.44,,
生成詳細,生成_球種名別詳細,,,,抑え適正=○,カーブ,200.0,17.44,,
生成詳細,生成_球種名別詳細,,,,抑え適正=○,Vスライダー,162.0,14.12,,
生成詳細,生成_球種名別詳細,,,,抑え適正=○,シンキングスプリット,138.0,12.03,,
生成詳細,生成_球種名別詳細,,,,抑え適正=○,ドロップカーブ,118.0,10.29,,
生成詳細,生成_球種名別詳細,,,,抑え適正=○,ツーシームファスト,118.0,10.29,,
生成詳細,生成_球種名別詳細,,,,抑え適正=○,チェンジアップ,87.0,7.59,,
生成詳細,生成_球種名別詳細,,,,抑え適正=○,スローカーブ,84.0,7.32,,
生成詳細,生成_球種名別詳細,,,,抑え適正=○,シンキングツーシーム,79.0,6.89,,
生成詳細,生成_球種名別詳細,,,,抑え適正=○,ナックルカーブ,70.0,6.1,,
生成詳細,生成_球種名別詳細,,,,抑え適正=○,Hシンカー,69.0,6.02,,
生成詳細,生成_球種名別詳細,,,,抑え適正=○,パワーカーブ,46.0,4.01,,
生成詳細,生成_球種名別詳細,,,,抑え適正=○,Hシュート,43.0,3.75,,
生成詳細,生成_球種名別詳細,,,,抑え適正=○,ファストチェンジ,28.0,2.44,,
生成詳細,生成_球種名別詳細,,,,抑え適正=○,シンカー,25.0,2.18,,
生成詳細,生成_球種名別詳細,,,,抑え適正=○,スクリュー,15.0,1.31,,
生成詳細,生成_球種名別詳細,,,,抑え適正=○,パーム,14.0,1.22,,
生成詳細,生成_球種名別詳細,,,,抑え適正=○,ムービングファスト,14.0,1.22,,
生成詳細,生成_球種名別詳細,,,,抑え適正=○,シュート,7.0,0.61,,
生成詳細,生成_球種名別詳細,,,,抑え適正=○,Dスライダー,6.0,0.52,,
生成詳細,生成_球種名別詳細,,,,抑え適正=○,超スローボール,4.0,0.35,,
生成詳細,生成_球種名別詳細,,,,抑え適正=○,ナックル,3.0,0.26,,
生成詳細,生成_球種名別詳細,,,,抑え適正=◎,カットボール,583.0,32.73,,
生成詳細,生成_球種名別詳細,,,,抑え適正=◎,スライダー,523.0,29.37,,
生成詳細,生成_球種名別詳細,,,,抑え適正=◎,SFF,483.0,27.12,,
生成詳細,生成_球種名別詳細,,,,抑え適正=◎,フォーク,405.0,22.74,,
生成詳細,生成_球種名別詳細,,,,抑え適正=◎,スラーブ,349.0,19.6,,
生成詳細,生成_球種名別詳細,,,,抑え適正=◎,サークルチェンジ,313.0,17.57,,
生成詳細,生成_球種名別詳細,,,,抑え適正=◎,カーブ,293.0,16.45,,
生成詳細,生成_球種名別詳細,,,,抑え適正=◎,Hスライダー,279.0,15.67,,
生成詳細,生成_球種名別詳細,,,,抑え適正=◎,Vスライダー,248.0,13.92,,
生成詳細,生成_球種名別詳細,,,,抑え適正=◎,シンキングスプリット,237.0,13.31,,
生成詳細,生成_球種名別詳細,,,,抑え適正=◎,ツーシームファスト,233.0,13.08,,
生成詳細,生成_球種名別詳細,,,,抑え適正=◎,ドロップカーブ,191.0,10.72,,
生成詳細,生成_球種名別詳細,,,,抑え適正=◎,スローカーブ,147.0,8.25,,
生成詳細,生成_球種名別詳細,,,,抑え適正=◎,シンキングツーシーム,137.0,7.69,,
生成詳細,生成_球種名別詳細,,,,抑え適正=◎,チェンジアップ,136.0,7.64,,
生成詳細,生成_球種名別詳細,,,,抑え適正=◎,ナックルカーブ,127.0,7.13,,
生成詳細,生成_球種名別詳細,,,,抑え適正=◎,Hシンカー,97.0,5.45,,
生成詳細,生成_球種名別詳細,,,,抑え適正=◎,パワーカーブ,94.0,5.28,,
生成詳細,生成_球種名別詳細,,,,抑え適正=◎,Hシュート,80.0,4.49,,
生成詳細,生成_球種名別詳細,,,,抑え適正=◎,ファストチェンジ,41.0,2.3,,
生成詳細,生成_球種名別詳細,,,,抑え適正=◎,シンカー,37.0,2.08,,
生成詳細,生成_球種名別詳細,,,,抑え適正=◎,シュート,29.0,1.63,,
生成詳細,生成_球種名別詳細,,,,抑え適正=◎,パーム,23.0,1.29,,
生成詳細,生成_球種名別詳細,,,,抑え適正=◎,スクリュー,21.0,1.18,,
生成詳細,生成_球種名別詳細,,,,抑え適正=◎,Dスライダー,16.0,0.9,,
生成詳細,生成_球種名別詳細,,,,抑え適正=◎,ムービングファスト,11.0,0.62,,
生成詳細,生成_球種名別詳細,,,,抑え適正=◎,超スローボール,9.0,0.51,,
生成詳細,生成_球種名別詳細,,,,抑え適正=◎,ナックル,2.0,0.11,,
生成詳細,生成_球種名別詳細,,,,カテゴリ=ドラフト候補用 / 先発- / 中継ぎ◎ / 抑え-,カットボール,198.0,25.71,,
生成詳細,生成_球種名別詳細,,,,カテゴリ=ドラフト候補用 / 先発- / 中継ぎ◎ / 抑え-,スライダー,197.0,25.58,,
生成詳細,生成_球種名別詳細,,,,カテゴリ=ドラフト候補用 / 先発- / 中継ぎ◎ / 抑え-,フォーク,155.0,20.13,,
生成詳細,生成_球種名別詳細,,,,カテゴリ=ドラフト候補用 / 先発- / 中継ぎ◎ / 抑え-,SFF,152.0,19.74,,
生成詳細,生成_球種名別詳細,,,,カテゴリ=ドラフト候補用 / 先発- / 中継ぎ◎ / 抑え-,スラーブ,113.0,14.68,,
生成詳細,生成_球種名別詳細,,,,カテゴリ=ドラフト候補用 / 先発- / 中継ぎ◎ / 抑え-,サークルチェンジ,108.0,14.03,,
生成詳細,生成_球種名別詳細,,,,カテゴリ=ドラフト候補用 / 先発- / 中継ぎ◎ / 抑え-,カーブ,108.0,14.03,,
生成詳細,生成_球種名別詳細,,,,カテゴリ=ドラフト候補用 / 先発- / 中継ぎ◎ / 抑え-,Vスライダー,102.0,13.25,,
生成詳細,生成_球種名別詳細,,,,カテゴリ=ドラフト候補用 / 先発- / 中継ぎ◎ / 抑え-,Hスライダー,98.0,12.73,,
生成詳細,生成_球種名別詳細,,,,カテゴリ=ドラフト候補用 / 先発- / 中継ぎ◎ / 抑え-,シンキングスプリット,76.0,9.87,,
生成詳細,生成_球種名別詳細,,,,カテゴリ=ドラフト候補用 / 先発- / 中継ぎ◎ / 抑え-,ドロップカーブ,67.0,8.7,,
生成詳細,生成_球種名別詳細,,,,カテゴリ=ドラフト候補用 / 先発- / 中継ぎ◎ / 抑え-,チェンジアップ,65.0,8.44,,
生成詳細,生成_球種名別詳細,,,,カテゴリ=ドラフト候補用 / 先発- / 中継ぎ◎ / 抑え-,ツーシームファスト,57.0,7.4,,
生成詳細,生成_球種名別詳細,,,,カテゴリ=ドラフト候補用 / 先発- / 中継ぎ◎ / 抑え-,スローカーブ,52.0,6.75,,
生成詳細,生成_球種名別詳細,,,,カテゴリ=ドラフト候補用 / 先発- / 中継ぎ◎ / 抑え-,シンキングツーシーム,46.0,5.97,,
生成詳細,生成_球種名別詳細,,,,カテゴリ=ドラフト候補用 / 先発- / 中継ぎ◎ / 抑え-,ナックルカーブ,44.0,5.71,,
生成詳細,生成_球種名別詳細,,,,カテゴリ=ドラフト候補用 / 先発- / 中継ぎ◎ / 抑え-,Hシンカー,35.0,4.55,,
生成詳細,生成_球種名別詳細,,,,カテゴリ=ドラフト候補用 / 先発- / 中継ぎ◎ / 抑え-,パワーカーブ,29.0,3.77,,
生成詳細,生成_球種名別詳細,,,,カテゴリ=ドラフト候補用 / 先発- / 中継ぎ◎ / 抑え-,Hシュート,25.0,3.25,,
生成詳細,生成_球種名別詳細,,,,カテゴリ=ドラフト候補用 / 先発- / 中継ぎ◎ / 抑え-,ファストチェンジ,19.0,2.47,,
生成詳細,生成_球種名別詳細,,,,カテゴリ=ドラフト候補用 / 先発- / 中継ぎ◎ / 抑え-,シンカー,10.0,1.3,,
生成詳細,生成_球種名別詳細,,,,カテゴリ=ドラフト候補用 / 先発- / 中継ぎ◎ / 抑え-,Dスライダー,8.0,1.04,,
生成詳細,生成_球種名別詳細,,,,カテゴリ=ドラフト候補用 / 先発- / 中継ぎ◎ / 抑え-,パーム,8.0,1.04,,
生成詳細,生成_球種名別詳細,,,,カテゴリ=ドラフト候補用 / 先発- / 中継ぎ◎ / 抑え-,スクリュー,5.0,0.65,,
生成詳細,生成_球種名別詳細,,,,カテゴリ=ドラフト候補用 / 先発- / 中継ぎ◎ / 抑え-,シュート,4.0,0.52,,
生成詳細,生成_球種名別詳細,,,,カテゴリ=ドラフト候補用 / 先発- / 中継ぎ◎ / 抑え-,ムービングファスト,3.0,0.39,,
生成詳細,生成_球種名別詳細,,,,カテゴリ=ドラフト候補用 / 先発- / 中継ぎ◎ / 抑え-,ナックル,2.0,0.26,,
生成詳細,生成_球種名別詳細,,,,カテゴリ=ドラフト候補用 / 先発- / 中継ぎ◎ / 抑え-,超スローボール,2.0,0.26,,
生成詳細,生成_球種名別詳細,,,,カテゴリ=ドラフト候補用 / 先発- / 中継ぎ◎ / 抑え○,スライダー,97.0,24.13,,
生成詳細,生成_球種名別詳細,,,,カテゴリ=ドラフト候補用 / 先発- / 中継ぎ◎ / 抑え○,カットボール,90.0,22.39,,
生成詳細,生成_球種名別詳細,,,,カテゴリ=ドラフト候補用 / 先発- / 中継ぎ◎ / 抑え○,SFF,85.0,21.14,,
生成詳細,生成_球種名別詳細,,,,カテゴリ=ドラフト候補用 / 先発- / 中継ぎ◎ / 抑え○,フォーク,79.0,19.65,,
生成詳細,生成_球種名別詳細,,,,カテゴリ=ドラフト候補用 / 先発- / 中継ぎ◎ / 抑え○,スラーブ,67.0,16.67,,
生成詳細,生成_球種名別詳細,,,,カテゴリ=ドラフト候補用 / 先発- / 中継ぎ◎ / 抑え○,Hスライダー,64.0,15.92,,
生成詳細,生成_球種名別詳細,,,,カテゴリ=ドラフト候補用 / 先発- / 中継ぎ◎ / 抑え○,カーブ,58.0,14.43,,
生成詳細,生成_球種名別詳細,,,,カテゴリ=ドラフト候補用 / 先発- / 中継ぎ◎ / 抑え○,Vスライダー,54.0,13.43,,
生成詳細,生成_球種名別詳細,,,,カテゴリ=ドラフト候補用 / 先発- / 中継ぎ◎ / 抑え○,サークルチェンジ,45.0,11.19,,
生成詳細,生成_球種名別詳細,,,,カテゴリ=ドラフト候補用 / 先発- / 中継ぎ◎ / 抑え○,シンキングスプリット,40.0,9.95,,
生成詳細,生成_球種名別詳細,,,,カテゴリ=ドラフト候補用 / 先発- / 中継ぎ◎ / 抑え○,ドロップカーブ,33.0,8.21,,
生成詳細,生成_球種名別詳細,,,,カテゴリ=ドラフト候補用 / 先発- / 中継ぎ◎ / 抑え○,スローカーブ,28.0,6.97,,
生成詳細,生成_球種名別詳細,,,,カテゴリ=ドラフト候補用 / 先発- / 中継ぎ◎ / 抑え○,チェンジアップ,25.0,6.22,,
生成詳細,生成_球種名別詳細,,,,カテゴリ=ドラフト候補用 / 先発- / 中継ぎ◎ / 抑え○,Hシンカー,24.0,5.97,,
生成詳細,生成_球種名別詳細,,,,カテゴリ=ドラフト候補用 / 先発- / 中継ぎ◎ / 抑え○,ツーシームファスト,23.0,5.72,,
生成詳細,生成_球種名別詳細,,,,カテゴリ=ドラフト候補用 / 先発- / 中継ぎ◎ / 抑え○,ナックルカーブ,22.0,5.47,,
生成詳細,生成_球種名別詳細,,,,カテゴリ=ドラフト候補用 / 先発- / 中継ぎ◎ / 抑え○,シンキングツーシーム,16.0,3.98,,
生成詳細,生成_球種名別詳細,,,,カテゴリ=ドラフト候補用 / 先発- / 中継ぎ◎ / 抑え○,パワーカーブ,12.0,2.99,,
生成詳細,生成_球種名別詳細,,,,カテゴリ=ドラフト候補用 / 先発- / 中継ぎ◎ / 抑え○,Hシュート,11.0,2.74,,
生成詳細,生成_球種名別詳細,,,,カテゴリ=ドラフト候補用 / 先発- / 中継ぎ◎ / 抑え○,ファストチェンジ,11.0,2.74,,
生成詳細,生成_球種名別詳細,,,,カテゴリ=ドラフト候補用 / 先発- / 中継ぎ◎ / 抑え○,シンカー,7.0,1.74,,
生成詳細,生成_球種名別詳細,,,,カテゴリ=ドラフト候補用 / 先発- / 中継ぎ◎ / 抑え○,パーム,5.0,1.24,,
生成詳細,生成_球種名別詳細,,,,カテゴリ=ドラフト候補用 / 先発- / 中継ぎ◎ / 抑え○,スクリュー,4.0,1.0,,
生成詳細,生成_球種名別詳細,,,,カテゴリ=ドラフト候補用 / 先発- / 中継ぎ◎ / 抑え○,ムービングファスト,4.0,1.0,,
生成詳細,生成_球種名別詳細,,,,カテゴリ=ドラフト候補用 / 先発- / 中継ぎ◎ / 抑え○,シュート,3.0,0.75,,
生成詳細,生成_球種名別詳細,,,,カテゴリ=ドラフト候補用 / 先発- / 中継ぎ◎ / 抑え○,Dスライダー,2.0,0.5,,
生成詳細,生成_球種名別詳細,,,,カテゴリ=ドラフト候補用 / 先発- / 中継ぎ◎ / 抑え○,超スローボール,1.0,0.25,,
生成詳細,生成_球種名別詳細,,,,カテゴリ=ドラフト候補用 / 先発- / 中継ぎ◎ / 抑え◎,カットボール,87.0,25.59,,
生成詳細,生成_球種名別詳細,,,,カテゴリ=ドラフト候補用 / 先発- / 中継ぎ◎ / 抑え◎,スライダー,80.0,23.53,,
生成詳細,生成_球種名別詳細,,,,カテゴリ=ドラフト候補用 / 先発- / 中継ぎ◎ / 抑え◎,SFF,74.0,21.76,,
生成詳細,生成_球種名別詳細,,,,カテゴリ=ドラフト候補用 / 先発- / 中継ぎ◎ / 抑え◎,フォーク,66.0,19.41,,
生成詳細,生成_球種名別詳細,,,,カテゴリ=ドラフト候補用 / 先発- / 中継ぎ◎ / 抑え◎,スラーブ,66.0,19.41,,
生成詳細,生成_球種名別詳細,,,,カテゴリ=ドラフト候補用 / 先発- / 中継ぎ◎ / 抑え◎,サークルチェンジ,51.0,15.0,,
生成詳細,生成_球種名別詳細,,,,カテゴリ=ドラフト候補用 / 先発- / 中継ぎ◎ / 抑え◎,カーブ,45.0,13.24,,
生成詳細,生成_球種名別詳細,,,,カテゴリ=ドラフト候補用 / 先発- / 中継ぎ◎ / 抑え◎,Hスライダー,42.0,12.35,,
生成詳細,生成_球種名別詳細,,,,カテゴリ=ドラフト候補用 / 先発- / 中継ぎ◎ / 抑え◎,シンキングスプリット,40.0,11.76,,
生成詳細,生成_球種名別詳細,,,,カテゴリ=ドラフト候補用 / 先発- / 中継ぎ◎ / 抑え◎,ドロップカーブ,31.0,9.12,,
生成詳細,生成_球種名別詳細,,,,カテゴリ=ドラフト候補用 / 先発- / 中継ぎ◎ / 抑え◎,Vスライダー,31.0,9.12,,
生成詳細,生成_球種名別詳細,,,,カテゴリ=ドラフト候補用 / 先発- / 中継ぎ◎ / 抑え◎,ナックルカーブ,26.0,7.65,,
生成詳細,生成_球種名別詳細,,,,カテゴリ=ドラフト候補用 / 先発- / 中継ぎ◎ / 抑え◎,スローカーブ,24.0,7.06,,
生成詳細,生成_球種名別詳細,,,,カテゴリ=ドラフト候補用 / 先発- / 中継ぎ◎ / 抑え◎,シンキングツーシーム,21.0,6.18,,
生成詳細,生成_球種名別詳細,,,,カテゴリ=ドラフト候補用 / 先発- / 中継ぎ◎ / 抑え◎,チェンジアップ,19.0,5.59,,
生成詳細,生成_球種名別詳細,,,,カテゴリ=ドラフト候補用 / 先発- / 中継ぎ◎ / 抑え◎,ツーシームファスト,18.0,5.29,,
生成詳細,生成_球種名別詳細,,,,カテゴリ=ドラフト候補用 / 先発- / 中継ぎ◎ / 抑え◎,Hシュート,14.0,4.12,,
生成詳細,生成_球種名別詳細,,,,カテゴリ=ドラフト候補用 / 先発- / 中継ぎ◎ / 抑え◎,Hシンカー,11.0,3.24,,
生成詳細,生成_球種名別詳細,,,,カテゴリ=ドラフト候補用 / 先発- / 中継ぎ◎ / 抑え◎,パーム,10.0,2.94,,
生成詳細,生成_球種名別詳細,,,,カテゴリ=ドラフト候補用 / 先発- / 中継ぎ◎ / 抑え◎,ファストチェンジ,7.0,2.06,,
生成詳細,生成_球種名別詳細,,,,カテゴリ=ドラフト候補用 / 先発- / 中継ぎ◎ / 抑え◎,パワーカーブ,6.0,1.76,,
生成詳細,生成_球種名別詳細,,,,カテゴリ=ドラフト候補用 / 先発- / 中継ぎ◎ / 抑え◎,シンカー,5.0,1.47,,
生成詳細,生成_球種名別詳細,,,,カテゴリ=ドラフト候補用 / 先発- / 中継ぎ◎ / 抑え◎,シュート,4.0,1.18,,
生成詳細,生成_球種名別詳細,,,,カテゴリ=ドラフト候補用 / 先発- / 中継ぎ◎ / 抑え◎,スクリュー,2.0,0.59,,
生成詳細,生成_球種名別詳細,,,,カテゴリ=ドラフト候補用 / 先発○ / 中継ぎ◎ / 抑え-,スライダー,252.0,26.89,,
生成詳細,生成_球種名別詳細,,,,カテゴリ=ドラフト候補用 / 先発○ / 中継ぎ◎ / 抑え-,カットボール,233.0,24.87,,
生成詳細,生成_球種名別詳細,,,,カテゴリ=ドラフト候補用 / 先発○ / 中継ぎ◎ / 抑え-,フォーク,199.0,21.24,,
生成詳細,生成_球種名別詳細,,,,カテゴリ=ドラフト候補用 / 先発○ / 中継ぎ◎ / 抑え-,SFF,192.0,20.49,,
生成詳細,生成_球種名別詳細,,,,カテゴリ=ドラフト候補用 / 先発○ / 中継ぎ◎ / 抑え-,スラーブ,159.0,16.97,,
生成詳細,生成_球種名別詳細,,,,カテゴリ=ドラフト候補用 / 先発○ / 中継ぎ◎ / 抑え-,Hスライダー,132.0,14.09,,
生成詳細,生成_球種名別詳細,,,,カテゴリ=ドラフト候補用 / 先発○ / 中継ぎ◎ / 抑え-,サークルチェンジ,132.0,14.09,,
生成詳細,生成_球種名別詳細,,,,カテゴリ=ドラフト候補用 / 先発○ / 中継ぎ◎ / 抑え-,カーブ,120.0,12.81,,
生成詳細,生成_球種名別詳細,,,,カテゴリ=ドラフト候補用 / 先発○ / 中継ぎ◎ / 抑え-,Vスライダー,115.0,12.27,,
生成詳細,生成_球種名別詳細,,,,カテゴリ=ドラフト候補用 / 先発○ / 中継ぎ◎ / 抑え-,シンキングスプリット,97.0,10.35,,
生成詳細,生成_球種名別詳細,,,,カテゴリ=ドラフト候補用 / 先発○ / 中継ぎ◎ / 抑え-,ドロップカーブ,86.0,9.18,,
生成詳細,生成_球種名別詳細,,,,カテゴリ=ドラフト候補用 / 先発○ / 中継ぎ◎ / 抑え-,チェンジアップ,66.0,7.04,,
生成詳細,生成_球種名別詳細,,,,カテゴリ=ドラフト候補用 / 先発○ / 中継ぎ◎ / 抑え-,シンキングツーシーム,62.0,6.62,,
生成詳細,生成_球種名別詳細,,,,カテゴリ=ドラフト候補用 / 先発○ / 中継ぎ◎ / 抑え-,スローカーブ,60.0,6.4,,
生成詳細,生成_球種名別詳細,,,,カテゴリ=ドラフト候補用 / 先発○ / 中継ぎ◎ / 抑え-,ナックルカーブ,58.0,6.19,,
生成詳細,生成_球種名別詳細,,,,カテゴリ=ドラフト候補用 / 先発○ / 中継ぎ◎ / 抑え-,ツーシームファスト,57.0,6.08,,
生成詳細,生成_球種名別詳細,,,,カテゴリ=ドラフト候補用 / 先発○ / 中継ぎ◎ / 抑え-,Hシンカー,47.0,5.02,,
生成詳細,生成_球種名別詳細,,,,カテゴリ=ドラフト候補用 / 先発○ / 中継ぎ◎ / 抑え-,パワーカーブ,41.0,4.38,,
生成詳細,生成_球種名別詳細,,,,カテゴリ=ドラフト候補用 / 先発○ / 中継ぎ◎ / 抑え-,Hシュート,35.0,3.74,,
生成詳細,生成_球種名別詳細,,,,カテゴリ=ドラフト候補用 / 先発○ / 中継ぎ◎ / 抑え-,ファストチェンジ,25.0,2.67,,
生成詳細,生成_球種名別詳細,,,,カテゴリ=ドラフト候補用 / 先発○ / 中継ぎ◎ / 抑え-,シンカー,11.0,1.17,,
生成詳細,生成_球種名別詳細,,,,カテゴリ=ドラフト候補用 / 先発○ / 中継ぎ◎ / 抑え-,パーム,7.0,0.75,,
生成詳細,生成_球種名別詳細,,,,カテゴリ=ドラフト候補用 / 先発○ / 中継ぎ◎ / 抑え-,スクリュー,6.0,0.64,,
生成詳細,生成_球種名別詳細,,,,カテゴリ=ドラフト候補用 / 先発○ / 中継ぎ◎ / 抑え-,シュート,6.0,0.64,,
生成詳細,生成_球種名別詳細,,,,カテゴリ=ドラフト候補用 / 先発○ / 中継ぎ◎ / 抑え-,Dスライダー,4.0,0.43,,
生成詳細,生成_球種名別詳細,,,,カテゴリ=ドラフト候補用 / 先発○ / 中継ぎ◎ / 抑え-,ムービングファスト,3.0,0.32,,
生成詳細,生成_球種名別詳細,,,,カテゴリ=ドラフト候補用 / 先発○ / 中継ぎ◎ / 抑え-,超スローボール,3.0,0.32,,
生成詳細,生成_球種名別詳細,,,,カテゴリ=ドラフト候補用 / 先発○ / 中継ぎ◎ / 抑え-,ナックル,2.0,0.21,,
生成詳細,生成_球種名別詳細,,,,カテゴリ=ドラフト候補用 / 先発○ / 中継ぎ◎ / 抑え◎,カットボール,28.0,28.0,,
生成詳細,生成_球種名別詳細,,,,カテゴリ=ドラフト候補用 / 先発○ / 中継ぎ◎ / 抑え◎,SFF,23.0,23.0,,
生成詳細,生成_球種名別詳細,,,,カテゴリ=ドラフト候補用 / 先発○ / 中継ぎ◎ / 抑え◎,スライダー,23.0,23.0,,
生成詳細,生成_球種名別詳細,,,,カテゴリ=ドラフト候補用 / 先発○ / 中継ぎ◎ / 抑え◎,スラーブ,19.0,19.0,,
生成詳細,生成_球種名別詳細,,,,カテゴリ=ドラフト候補用 / 先発○ / 中継ぎ◎ / 抑え◎,フォーク,19.0,19.0,,
生成詳細,生成_球種名別詳細,,,,カテゴリ=ドラフト候補用 / 先発○ / 中継ぎ◎ / 抑え◎,Hスライダー,16.0,16.0,,
生成詳細,生成_球種名別詳細,,,,カテゴリ=ドラフト候補用 / 先発○ / 中継ぎ◎ / 抑え◎,カーブ,15.0,15.0,,
生成詳細,生成_球種名別詳細,,,,カテゴリ=ドラフト候補用 / 先発○ / 中継ぎ◎ / 抑え◎,シンキングスプリット,13.0,13.0,,
生成詳細,生成_球種名別詳細,,,,カテゴリ=ドラフト候補用 / 先発○ / 中継ぎ◎ / 抑え◎,サークルチェンジ,13.0,13.0,,
生成詳細,生成_球種名別詳細,,,,カテゴリ=ドラフト候補用 / 先発○ / 中継ぎ◎ / 抑え◎,ドロップカーブ,11.0,11.0,,
生成詳細,生成_球種名別詳細,,,,カテゴリ=ドラフト候補用 / 先発○ / 中継ぎ◎ / 抑え◎,Vスライダー,11.0,11.0,,
生成詳細,生成_球種名別詳細,,,,カテゴリ=ドラフト候補用 / 先発○ / 中継ぎ◎ / 抑え◎,チェンジアップ,11.0,11.0,,
生成詳細,生成_球種名別詳細,,,,カテゴリ=ドラフト候補用 / 先発○ / 中継ぎ◎ / 抑え◎,スローカーブ,7.0,7.0,,
生成詳細,生成_球種名別詳細,,,,カテゴリ=ドラフト候補用 / 先発○ / 中継ぎ◎ / 抑え◎,ナックルカーブ,7.0,7.0,,
生成詳細,生成_球種名別詳細,,,,カテゴリ=ドラフト候補用 / 先発○ / 中継ぎ◎ / 抑え◎,ツーシームファスト,6.0,6.0,,
生成詳細,生成_球種名別詳細,,,,カテゴリ=ドラフト候補用 / 先発○ / 中継ぎ◎ / 抑え◎,シンキングツーシーム,6.0,6.0,,
生成詳細,生成_球種名別詳細,,,,カテゴリ=ドラフト候補用 / 先発○ / 中継ぎ◎ / 抑え◎,Hシュート,5.0,5.0,,
生成詳細,生成_球種名別詳細,,,,カテゴリ=ドラフト候補用 / 先発○ / 中継ぎ◎ / 抑え◎,Hシンカー,3.0,3.0,,
生成詳細,生成_球種名別詳細,,,,カテゴリ=ドラフト候補用 / 先発○ / 中継ぎ◎ / 抑え◎,ファストチェンジ,2.0,2.0,,
生成詳細,生成_球種名別詳細,,,,カテゴリ=ドラフト候補用 / 先発○ / 中継ぎ◎ / 抑え◎,シンカー,2.0,2.0,,
生成詳細,生成_球種名別詳細,,,,カテゴリ=ドラフト候補用 / 先発○ / 中継ぎ◎ / 抑え◎,スクリュー,1.0,1.0,,
生成詳細,生成_球種名別詳細,,,,カテゴリ=ドラフト候補用 / 先発○ / 中継ぎ◎ / 抑え◎,ムービングファスト,1.0,1.0,,
生成詳細,生成_球種名別詳細,,,,カテゴリ=ドラフト候補用 / 先発○ / 中継ぎ◎ / 抑え◎,シュート,1.0,1.0,,
生成詳細,生成_球種名別詳細,,,,カテゴリ=ドラフト候補用 / 先発◎ / 中継ぎ- / 抑え-,スライダー,389.0,28.67,,
生成詳細,生成_球種名別詳細,,,,カテゴリ=ドラフト候補用 / 先発◎ / 中継ぎ- / 抑え-,カットボール,361.0,26.6,,
生成詳細,生成_球種名別詳細,,,,カテゴリ=ドラフト候補用 / 先発◎ / 中継ぎ- / 抑え-,フォーク,304.0,22.4,,
生成詳細,生成_球種名別詳細,,,,カテゴリ=ドラフト候補用 / 先発◎ / 中継ぎ- / 抑え-,SFF,290.0,21.37,,
生成詳細,生成_球種名別詳細,,,,カテゴリ=ドラフト候補用 / 先発◎ / 中継ぎ- / 抑え-,スラーブ,231.0,17.02,,
生成詳細,生成_球種名別詳細,,,,カテゴリ=ドラフト候補用 / 先発◎ / 中継ぎ- / 抑え-,サークルチェンジ,198.0,14.59,,
生成詳細,生成_球種名別詳細,,,,カテゴリ=ドラフト候補用 / 先発◎ / 中継ぎ- / 抑え-,カーブ,191.0,14.08,,
生成詳細,生成_球種名別詳細,,,,カテゴリ=ドラフト候補用 / 先発◎ / 中継ぎ- / 抑え-,Hスライダー,187.0,13.78,,
生成詳細,生成_球種名別詳細,,,,カテゴリ=ドラフト候補用 / 先発◎ / 中継ぎ- / 抑え-,Vスライダー,163.0,12.01,,
生成詳細,生成_球種名別詳細,,,,カテゴリ=ドラフト候補用 / 先発◎ / 中継ぎ- / 抑え-,シンキングスプリット,157.0,11.57,,
生成詳細,生成_球種名別詳細,,,,カテゴリ=ドラフト候補用 / 先発◎ / 中継ぎ- / 抑え-,ドロップカーブ,122.0,8.99,,
生成詳細,生成_球種名別詳細,,,,カテゴリ=ドラフト候補用 / 先発◎ / 中継ぎ- / 抑え-,ツーシームファスト,101.0,7.44,,
生成詳細,生成_球種名別詳細,,,,カテゴリ=ドラフト候補用 / 先発◎ / 中継ぎ- / 抑え-,スローカーブ,94.0,6.93,,
生成詳細,生成_球種名別詳細,,,,カテゴリ=ドラフト候補用 / 先発◎ / 中継ぎ- / 抑え-,チェンジアップ,93.0,6.85,,
生成詳細,生成_球種名別詳細,,,,カテゴリ=ドラフト候補用 / 先発◎ / 中継ぎ- / 抑え-,ナックルカーブ,90.0,6.63,,
生成詳細,生成_球種名別詳細,,,,カテゴリ=ドラフト候補用 / 先発◎ / 中継ぎ- / 抑え-,シンキングツーシーム,84.0,6.19,,
生成詳細,生成_球種名別詳細,,,,カテゴリ=ドラフト候補用 / 先発◎ / 中継ぎ- / 抑え-,Hシュート,48.0,3.54,,
生成詳細,生成_球種名別詳細,,,,カテゴリ=ドラフト候補用 / 先発◎ / 中継ぎ- / 抑え-,パワーカーブ,45.0,3.32,,
生成詳細,生成_球種名別詳細,,,,カテゴリ=ドラフト候補用 / 先発◎ / 中継ぎ- / 抑え-,Hシンカー,45.0,3.32,,
生成詳細,生成_球種名別詳細,,,,カテゴリ=ドラフト候補用 / 先発◎ / 中継ぎ- / 抑え-,ファストチェンジ,30.0,2.21,,
生成詳細,生成_球種名別詳細,,,,カテゴリ=ドラフト候補用 / 先発◎ / 中継ぎ- / 抑え-,シンカー,26.0,1.92,,
生成詳細,生成_球種名別詳細,,,,カテゴリ=ドラフト候補用 / 先発◎ / 中継ぎ- / 抑え-,パーム,20.0,1.47,,
生成詳細,生成_球種名別詳細,,,,カテゴリ=ドラフト候補用 / 先発◎ / 中継ぎ- / 抑え-,スクリュー,20.0,1.47,,
生成詳細,生成_球種名別詳細,,,,カテゴリ=ドラフト候補用 / 先発◎ / 中継ぎ- / 抑え-,シュート,19.0,1.4,,
生成詳細,生成_球種名別詳細,,,,カテゴリ=ドラフト候補用 / 先発◎ / 中継ぎ- / 抑え-,Dスライダー,11.0,0.81,,
生成詳細,生成_球種名別詳細,,,,カテゴリ=ドラフト候補用 / 先発◎ / 中継ぎ- / 抑え-,ナックル,4.0,0.29,,
生成詳細,生成_球種名別詳細,,,,カテゴリ=ドラフト候補用 / 先発◎ / 中継ぎ- / 抑え-,ムービングファスト,3.0,0.22,,
生成詳細,生成_球種名別詳細,,,,カテゴリ=ドラフト候補用 / 先発◎ / 中継ぎ- / 抑え-,超スローボール,1.0,0.07,,
生成詳細,生成_球種名別詳細,,,,カテゴリ=ドラフト候補用 / 先発◎ / 中継ぎ○ / 抑え-,カットボール,331.0,30.26,,
生成詳細,生成_球種名別詳細,,,,カテゴリ=ドラフト候補用 / 先発◎ / 中継ぎ○ / 抑え-,スライダー,279.0,25.5,,
生成詳細,生成_球種名別詳細,,,,カテゴリ=ドラフト候補用 / 先発◎ / 中継ぎ○ / 抑え-,SFF,268.0,24.5,,
生成詳細,生成_球種名別詳細,,,,カテゴリ=ドラフト候補用 / 先発◎ / 中継ぎ○ / 抑え-,フォーク,215.0,19.65,,
生成詳細,生成_球種名別詳細,,,,カテゴリ=ドラフト候補用 / 先発◎ / 中継ぎ○ / 抑え-,スラーブ,182.0,16.64,,
生成詳細,生成_球種名別詳細,,,,カテゴリ=ドラフト候補用 / 先発◎ / 中継ぎ○ / 抑え-,サークルチェンジ,162.0,14.81,,
生成詳細,生成_球種名別詳細,,,,カテゴリ=ドラフト候補用 / 先発◎ / 中継ぎ○ / 抑え-,Hスライダー,151.0,13.8,,
生成詳細,生成_球種名別詳細,,,,カテゴリ=ドラフト候補用 / 先発◎ / 中継ぎ○ / 抑え-,カーブ,147.0,13.44,,
生成詳細,生成_球種名別詳細,,,,カテゴリ=ドラフト候補用 / 先発◎ / 中継ぎ○ / 抑え-,Vスライダー,135.0,12.34,,
生成詳細,生成_球種名別詳細,,,,カテゴリ=ドラフト候補用 / 先発◎ / 中継ぎ○ / 抑え-,シンキングスプリット,115.0,10.51,,
生成詳細,生成_球種名別詳細,,,,カテゴリ=ドラフト候補用 / 先発◎ / 中継ぎ○ / 抑え-,ドロップカーブ,109.0,9.96,,
生成詳細,生成_球種名別詳細,,,,カテゴリ=ドラフト候補用 / 先発◎ / 中継ぎ○ / 抑え-,シンキングツーシーム,90.0,8.23,,
生成詳細,生成_球種名別詳細,,,,カテゴリ=ドラフト候補用 / 先発◎ / 中継ぎ○ / 抑え-,チェンジアップ,89.0,8.14,,
生成詳細,生成_球種名別詳細,,,,カテゴリ=ドラフト候補用 / 先発◎ / 中継ぎ○ / 抑え-,スローカーブ,76.0,6.95,,
生成詳細,生成_球種名別詳細,,,,カテゴリ=ドラフト候補用 / 先発◎ / 中継ぎ○ / 抑え-,ツーシームファスト,75.0,6.86,,
生成詳細,生成_球種名別詳細,,,,カテゴリ=ドラフト候補用 / 先発◎ / 中継ぎ○ / 抑え-,ナックルカーブ,75.0,6.86,,
生成詳細,生成_球種名別詳細,,,,カテゴリ=ドラフト候補用 / 先発◎ / 中継ぎ○ / 抑え-,Hシュート,50.0,4.57,,
生成詳細,生成_球種名別詳細,,,,カテゴリ=ドラフト候補用 / 先発◎ / 中継ぎ○ / 抑え-,Hシンカー,46.0,4.2,,
生成詳細,生成_球種名別詳細,,,,カテゴリ=ドラフト候補用 / 先発◎ / 中継ぎ○ / 抑え-,パワーカーブ,31.0,2.83,,
生成詳細,生成_球種名別詳細,,,,カテゴリ=ドラフト候補用 / 先発◎ / 中継ぎ○ / 抑え-,ファストチェンジ,20.0,1.83,,
生成詳細,生成_球種名別詳細,,,,カテゴリ=ドラフト候補用 / 先発◎ / 中継ぎ○ / 抑え-,シュート,13.0,1.19,,
生成詳細,生成_球種名別詳細,,,,カテゴリ=ドラフト候補用 / 先発◎ / 中継ぎ○ / 抑え-,シンカー,13.0,1.19,,
生成詳細,生成_球種名別詳細,,,,カテゴリ=ドラフト候補用 / 先発◎ / 中継ぎ○ / 抑え-,スクリュー,12.0,1.1,,
生成詳細,生成_球種名別詳細,,,,カテゴリ=ドラフト候補用 / 先発◎ / 中継ぎ○ / 抑え-,パーム,6.0,0.55,,
生成詳細,生成_球種名別詳細,,,,カテゴリ=ドラフト候補用 / 先発◎ / 中継ぎ○ / 抑え-,ムービングファスト,5.0,0.46,,
生成詳細,生成_球種名別詳細,,,,カテゴリ=ドラフト候補用 / 先発◎ / 中継ぎ○ / 抑え-,Dスライダー,4.0,0.37,,
生成詳細,生成_球種名別詳細,,,,カテゴリ=ドラフト候補用 / 先発◎ / 中継ぎ○ / 抑え-,超スローボール,2.0,0.18,,
生成詳細,生成_球種名別詳細,,,,カテゴリ=ドラフト候補用 / 先発◎ / 中継ぎ○ / 抑え-,ナックル,1.0,0.09,,
生成詳細,生成_球種名別詳細,,,,カテゴリ=助っ人外国人用 / 先発- / 中継ぎ◎ / 抑え-,カットボール,274.0,35.96,,
生成詳細,生成_球種名別詳細,,,,カテゴリ=助っ人外国人用 / 先発- / 中継ぎ◎ / 抑え-,スライダー,266.0,34.91,,
生成詳細,生成_球種名別詳細,,,,カテゴリ=助っ人外国人用 / 先発- / 中継ぎ◎ / 抑え-,SFF,240.0,31.5,,
生成詳細,生成_球種名別詳細,,,,カテゴリ=助っ人外国人用 / 先発- / 中継ぎ◎ / 抑え-,フォーク,178.0,23.36,,
生成詳細,生成_球種名別詳細,,,,カテゴリ=助っ人外国人用 / 先発- / 中継ぎ◎ / 抑え-,スラーブ,156.0,20.47,,
生成詳細,生成_球種名別詳細,,,,カテゴリ=助っ人外国人用 / 先発- / 中継ぎ◎ / 抑え-,サークルチェンジ,149.0,19.55,,
生成詳細,生成_球種名別詳細,,,,カテゴリ=助っ人外国人用 / 先発- / 中継ぎ◎ / 抑え-,カーブ,134.0,17.59,,
生成詳細,生成_球種名別詳細,,,,カテゴリ=助っ人外国人用 / 先発- / 中継ぎ◎ / 抑え-,シンキングスプリット,126.0,16.54,,
生成詳細,生成_球種名別詳細,,,,カテゴリ=助っ人外国人用 / 先発- / 中継ぎ◎ / 抑え-,Hスライダー,125.0,16.4,,
生成詳細,生成_球種名別詳細,,,,カテゴリ=助っ人外国人用 / 先発- / 中継ぎ◎ / 抑え-,Vスライダー,113.0,14.83,,
生成詳細,生成_球種名別詳細,,,,カテゴリ=助っ人外国人用 / 先発- / 中継ぎ◎ / 抑え-,ツーシームファスト,105.0,13.78,,
生成詳細,生成_球種名別詳細,,,,カテゴリ=助っ人外国人用 / 先発- / 中継ぎ◎ / 抑え-,チェンジアップ,85.0,11.15,,
生成詳細,生成_球種名別詳細,,,,カテゴリ=助っ人外国人用 / 先発- / 中継ぎ◎ / 抑え-,ドロップカーブ,85.0,11.15,,
生成詳細,生成_球種名別詳細,,,,カテゴリ=助っ人外国人用 / 先発- / 中継ぎ◎ / 抑え-,スローカーブ,64.0,8.4,,
生成詳細,生成_球種名別詳細,,,,カテゴリ=助っ人外国人用 / 先発- / 中継ぎ◎ / 抑え-,ナックルカーブ,56.0,7.35,,
生成詳細,生成_球種名別詳細,,,,カテゴリ=助っ人外国人用 / 先発- / 中継ぎ◎ / 抑え-,シンキングツーシーム,55.0,7.22,,
生成詳細,生成_球種名別詳細,,,,カテゴリ=助っ人外国人用 / 先発- / 中継ぎ◎ / 抑え-,パワーカーブ,53.0,6.96,,
生成詳細,生成_球種名別詳細,,,,カテゴリ=助っ人外国人用 / 先発- / 中継ぎ◎ / 抑え-,Hシュート,50.0,6.56,,
生成詳細,生成_球種名別詳細,,,,カテゴリ=助っ人外国人用 / 先発- / 中継ぎ◎ / 抑え-,Hシンカー,49.0,6.43,,
生成詳細,生成_球種名別詳細,,,,カテゴリ=助っ人外国人用 / 先発- / 中継ぎ◎ / 抑え-,ファストチェンジ,20.0,2.62,,
生成詳細,生成_球種名別詳細,,,,カテゴリ=助っ人外国人用 / 先発- / 中継ぎ◎ / 抑え-,パーム,16.0,2.1,,
生成詳細,生成_球種名別詳細,,,,カテゴリ=助っ人外国人用 / 先発- / 中継ぎ◎ / 抑え-,シンカー,16.0,2.1,,
生成詳細,生成_球種名別詳細,,,,カテゴリ=助っ人外国人用 / 先発- / 中継ぎ◎ / 抑え-,ムービングファスト,10.0,1.31,,
生成詳細,生成_球種名別詳細,,,,カテゴリ=助っ人外国人用 / 先発- / 中継ぎ◎ / 抑え-,スクリュー,10.0,1.31,,
生成詳細,生成_球種名別詳細,,,,カテゴリ=助っ人外国人用 / 先発- / 中継ぎ◎ / 抑え-,Dスライダー,5.0,0.66,,
生成詳細,生成_球種名別詳細,,,,カテゴリ=助っ人外国人用 / 先発- / 中継ぎ◎ / 抑え-,シュート,4.0,0.52,,
生成詳細,生成_球種名別詳細,,,,カテゴリ=助っ人外国人用 / 先発- / 中継ぎ◎ / 抑え-,超スローボール,1.0,0.13,,
生成詳細,生成_球種名別詳細,,,,カテゴリ=助っ人外国人用 / 先発- / 中継ぎ◎ / 抑え○,カットボール,136.0,38.97,,
生成詳細,生成_球種名別詳細,,,,カテゴリ=助っ人外国人用 / 先発- / 中継ぎ◎ / 抑え○,スライダー,129.0,36.96,,
生成詳細,生成_球種名別詳細,,,,カテゴリ=助っ人外国人用 / 先発- / 中継ぎ◎ / 抑え○,SFF,103.0,29.51,,
生成詳細,生成_球種名別詳細,,,,カテゴリ=助っ人外国人用 / 先発- / 中継ぎ◎ / 抑え○,フォーク,81.0,23.21,,
生成詳細,生成_球種名別詳細,,,,カテゴリ=助っ人外国人用 / 先発- / 中継ぎ◎ / 抑え○,Hスライダー,74.0,21.2,,
生成詳細,生成_球種名別詳細,,,,カテゴリ=助っ人外国人用 / 先発- / 中継ぎ◎ / 抑え○,カーブ,73.0,20.92,,
生成詳細,生成_球種名別詳細,,,,カテゴリ=助っ人外国人用 / 先発- / 中継ぎ◎ / 抑え○,サークルチェンジ,69.0,19.77,,
生成詳細,生成_球種名別詳細,,,,カテゴリ=助っ人外国人用 / 先発- / 中継ぎ◎ / 抑え○,スラーブ,66.0,18.91,,
生成詳細,生成_球種名別詳細,,,,カテゴリ=助っ人外国人用 / 先発- / 中継ぎ◎ / 抑え○,シンキングスプリット,56.0,16.05,,
生成詳細,生成_球種名別詳細,,,,カテゴリ=助っ人外国人用 / 先発- / 中継ぎ◎ / 抑え○,ツーシームファスト,51.0,14.61,,
生成詳細,生成_球種名別詳細,,,,カテゴリ=助っ人外国人用 / 先発- / 中継ぎ◎ / 抑え○,Vスライダー,47.0,13.47,,
生成詳細,生成_球種名別詳細,,,,カテゴリ=助っ人外国人用 / 先発- / 中継ぎ◎ / 抑え○,ドロップカーブ,46.0,13.18,,
生成詳細,生成_球種名別詳細,,,,カテゴリ=助っ人外国人用 / 先発- / 中継ぎ◎ / 抑え○,シンキングツーシーム,36.0,10.32,,
生成詳細,生成_球種名別詳細,,,,カテゴリ=助っ人外国人用 / 先発- / 中継ぎ◎ / 抑え○,チェンジアップ,30.0,8.6,,
生成詳細,生成_球種名別詳細,,,,カテゴリ=助っ人外国人用 / 先発- / 中継ぎ◎ / 抑え○,スローカーブ,24.0,6.88,,
生成詳細,生成_球種名別詳細,,,,カテゴリ=助っ人外国人用 / 先発- / 中継ぎ◎ / 抑え○,ナックルカーブ,22.0,6.3,,
生成詳細,生成_球種名別詳細,,,,カテゴリ=助っ人外国人用 / 先発- / 中継ぎ◎ / 抑え○,パワーカーブ,21.0,6.02,,
生成詳細,生成_球種名別詳細,,,,カテゴリ=助っ人外国人用 / 先発- / 中継ぎ◎ / 抑え○,Hシンカー,20.0,5.73,,
生成詳細,生成_球種名別詳細,,,,カテゴリ=助っ人外国人用 / 先発- / 中継ぎ◎ / 抑え○,Hシュート,13.0,3.72,,
生成詳細,生成_球種名別詳細,,,,カテゴリ=助っ人外国人用 / 先発- / 中継ぎ◎ / 抑え○,シンカー,7.0,2.01,,
生成詳細,生成_球種名別詳細,,,,カテゴリ=助っ人外国人用 / 先発- / 中継ぎ◎ / 抑え○,ファストチェンジ,7.0,2.01,,
生成詳細,生成_球種名別詳細,,,,カテゴリ=助っ人外国人用 / 先発- / 中継ぎ◎ / 抑え○,ムービングファスト,7.0,2.01,,
生成詳細,生成_球種名別詳細,,,,カテゴリ=助っ人外国人用 / 先発- / 中継ぎ◎ / 抑え○,スクリュー,5.0,1.43,,
生成詳細,生成_球種名別詳細,,,,カテゴリ=助っ人外国人用 / 先発- / 中継ぎ◎ / 抑え○,パーム,4.0,1.15,,
生成詳細,生成_球種名別詳細,,,,カテゴリ=助っ人外国人用 / 先発- / 中継ぎ◎ / 抑え○,超スローボール,3.0,0.86,,
生成詳細,生成_球種名別詳細,,,,カテゴリ=助っ人外国人用 / 先発- / 中継ぎ◎ / 抑え○,Dスライダー,2.0,0.57,,
生成詳細,生成_球種名別詳細,,,,カテゴリ=助っ人外国人用 / 先発- / 中継ぎ◎ / 抑え○,シュート,2.0,0.57,,
生成詳細,生成_球種名別詳細,,,,カテゴリ=助っ人外国人用 / 先発- / 中継ぎ◎ / 抑え○,ナックル,2.0,0.57,,
生成詳細,生成_球種名別詳細,,,,カテゴリ=助っ人外国人用 / 先発- / 中継ぎ◎ / 抑え◎,カットボール,221.0,36.47,,
生成詳細,生成_球種名別詳細,,,,カテゴリ=助っ人外国人用 / 先発- / 中継ぎ◎ / 抑え◎,スライダー,199.0,32.84,,
生成詳細,生成_球種名別詳細,,,,カテゴリ=助っ人外国人用 / 先発- / 中継ぎ◎ / 抑え◎,SFF,185.0,30.53,,
生成詳細,生成_球種名別詳細,,,,カテゴリ=助っ人外国人用 / 先発- / 中継ぎ◎ / 抑え◎,フォーク,144.0,23.76,,
生成詳細,生成_球種名別詳細,,,,カテゴリ=助っ人外国人用 / 先発- / 中継ぎ◎ / 抑え◎,サークルチェンジ,129.0,21.29,,
生成詳細,生成_球種名別詳細,,,,カテゴリ=助っ人外国人用 / 先発- / 中継ぎ◎ / 抑え◎,スラーブ,121.0,19.97,,
生成詳細,生成_球種名別詳細,,,,カテゴリ=助っ人外国人用 / 先発- / 中継ぎ◎ / 抑え◎,Vスライダー,108.0,17.82,,
生成詳細,生成_球種名別詳細,,,,カテゴリ=助っ人外国人用 / 先発- / 中継ぎ◎ / 抑え◎,ツーシームファスト,108.0,17.82,,
生成詳細,生成_球種名別詳細,,,,カテゴリ=助っ人外国人用 / 先発- / 中継ぎ◎ / 抑え◎,Hスライダー,101.0,16.67,,
生成詳細,生成_球種名別詳細,,,,カテゴリ=助っ人外国人用 / 先発- / 中継ぎ◎ / 抑え◎,カーブ,101.0,16.67,,
生成詳細,生成_球種名別詳細,,,,カテゴリ=助っ人外国人用 / 先発- / 中継ぎ◎ / 抑え◎,シンキングスプリット,90.0,14.85,,
生成詳細,生成_球種名別詳細,,,,カテゴリ=助っ人外国人用 / 先発- / 中継ぎ◎ / 抑え◎,ドロップカーブ,65.0,10.73,,
生成詳細,生成_球種名別詳細,,,,カテゴリ=助っ人外国人用 / 先発- / 中継ぎ◎ / 抑え◎,スローカーブ,63.0,10.4,,
生成詳細,生成_球種名別詳細,,,,カテゴリ=助っ人外国人用 / 先発- / 中継ぎ◎ / 抑え◎,ナックルカーブ,55.0,9.08,,
生成詳細,生成_球種名別詳細,,,,カテゴリ=助っ人外国人用 / 先発- / 中継ぎ◎ / 抑え◎,シンキングツーシーム,45.0,7.43,,
生成詳細,生成_球種名別詳細,,,,カテゴリ=助っ人外国人用 / 先発- / 中継ぎ◎ / 抑え◎,チェンジアップ,43.0,7.1,,
生成詳細,生成_球種名別詳細,,,,カテゴリ=助っ人外国人用 / 先発- / 中継ぎ◎ / 抑え◎,パワーカーブ,39.0,6.44,,
生成詳細,生成_球種名別詳細,,,,カテゴリ=助っ人外国人用 / 先発- / 中継ぎ◎ / 抑え◎,Hシンカー,33.0,5.45,,
生成詳細,生成_球種名別詳細,,,,カテゴリ=助っ人外国人用 / 先発- / 中継ぎ◎ / 抑え◎,Hシュート,28.0,4.62,,
生成詳細,生成_球種名別詳細,,,,カテゴリ=助っ人外国人用 / 先発- / 中継ぎ◎ / 抑え◎,ファストチェンジ,17.0,2.81,,
生成詳細,生成_球種名別詳細,,,,カテゴリ=助っ人外国人用 / 先発- / 中継ぎ◎ / 抑え◎,シンカー,11.0,1.82,,
生成詳細,生成_球種名別詳細,,,,カテゴリ=助っ人外国人用 / 先発- / 中継ぎ◎ / 抑え◎,スクリュー,11.0,1.82,,
生成詳細,生成_球種名別詳細,,,,カテゴリ=助っ人外国人用 / 先発- / 中継ぎ◎ / 抑え◎,シュート,9.0,1.49,,
生成詳細,生成_球種名別詳細,,,,カテゴリ=助っ人外国人用 / 先発- / 中継ぎ◎ / 抑え◎,Dスライダー,8.0,1.32,,
生成詳細,生成_球種名別詳細,,,,カテゴリ=助っ人外国人用 / 先発- / 中継ぎ◎ / 抑え◎,パーム,8.0,1.32,,
生成詳細,生成_球種名別詳細,,,,カテゴリ=助っ人外国人用 / 先発- / 中継ぎ◎ / 抑え◎,超スローボール,6.0,0.99,,
生成詳細,生成_球種名別詳細,,,,カテゴリ=助っ人外国人用 / 先発- / 中継ぎ◎ / 抑え◎,ムービングファスト,4.0,0.66,,
生成詳細,生成_球種名別詳細,,,,カテゴリ=助っ人外国人用 / 先発- / 中継ぎ◎ / 抑え◎,ナックル,1.0,0.17,,
生成詳細,生成_球種名別詳細,,,,カテゴリ=助っ人外国人用 / 先発○ / 中継ぎ◎ / 抑え-,カットボール,279.0,36.61,,
生成詳細,生成_球種名別詳細,,,,カテゴリ=助っ人外国人用 / 先発○ / 中継ぎ◎ / 抑え-,スライダー,247.0,32.41,,
生成詳細,生成_球種名別詳細,,,,カテゴリ=助っ人外国人用 / 先発○ / 中継ぎ◎ / 抑え-,SFF,227.0,29.79,,
生成詳細,生成_球種名別詳細,,,,カテゴリ=助っ人外国人用 / 先発○ / 中継ぎ◎ / 抑え-,フォーク,176.0,23.1,,
生成詳細,生成_球種名別詳細,,,,カテゴリ=助っ人外国人用 / 先発○ / 中継ぎ◎ / 抑え-,カーブ,151.0,19.82,,
生成詳細,生成_球種名別詳細,,,,カテゴリ=助っ人外国人用 / 先発○ / 中継ぎ◎ / 抑え-,Hスライダー,150.0,19.69,,
生成詳細,生成_球種名別詳細,,,,カテゴリ=助っ人外国人用 / 先発○ / 中継ぎ◎ / 抑え-,サークルチェンジ,150.0,19.69,,
生成詳細,生成_球種名別詳細,,,,カテゴリ=助っ人外国人用 / 先発○ / 中継ぎ◎ / 抑え-,スラーブ,140.0,18.37,,
生成詳細,生成_球種名別詳細,,,,カテゴリ=助っ人外国人用 / 先発○ / 中継ぎ◎ / 抑え-,Vスライダー,124.0,16.27,,
生成詳細,生成_球種名別詳細,,,,カテゴリ=助っ人外国人用 / 先発○ / 中継ぎ◎ / 抑え-,ツーシームファスト,123.0,16.14,,
生成詳細,生成_球種名別詳細,,,,カテゴリ=助っ人外国人用 / 先発○ / 中継ぎ◎ / 抑え-,シンキングスプリット,122.0,16.01,,
生成詳細,生成_球種名別詳細,,,,カテゴリ=助っ人外国人用 / 先発○ / 中継ぎ◎ / 抑え-,ドロップカーブ,83.0,10.89,,
生成詳細,生成_球種名別詳細,,,,カテゴリ=助っ人外国人用 / 先発○ / 中継ぎ◎ / 抑え-,チェンジアップ,76.0,9.97,,
生成詳細,生成_球種名別詳細,,,,カテゴリ=助っ人外国人用 / 先発○ / 中継ぎ◎ / 抑え-,シンキングツーシーム,70.0,9.19,,
生成詳細,生成_球種名別詳細,,,,カテゴリ=助っ人外国人用 / 先発○ / 中継ぎ◎ / 抑え-,スローカーブ,65.0,8.53,,
生成詳細,生成_球種名別詳細,,,,カテゴリ=助っ人外国人用 / 先発○ / 中継ぎ◎ / 抑え-,ナックルカーブ,48.0,6.3,,
生成詳細,生成_球種名別詳細,,,,カテゴリ=助っ人外国人用 / 先発○ / 中継ぎ◎ / 抑え-,Hシンカー,48.0,6.3,,
生成詳細,生成_球種名別詳細,,,,カテゴリ=助っ人外国人用 / 先発○ / 中継ぎ◎ / 抑え-,Hシュート,45.0,5.91,,
生成詳細,生成_球種名別詳細,,,,カテゴリ=助っ人外国人用 / 先発○ / 中継ぎ◎ / 抑え-,パワーカーブ,45.0,5.91,,
生成詳細,生成_球種名別詳細,,,,カテゴリ=助っ人外国人用 / 先発○ / 中継ぎ◎ / 抑え-,ファストチェンジ,28.0,3.67,,
生成詳細,生成_球種名別詳細,,,,カテゴリ=助っ人外国人用 / 先発○ / 中継ぎ◎ / 抑え-,シンカー,18.0,2.36,,
生成詳細,生成_球種名別詳細,,,,カテゴリ=助っ人外国人用 / 先発○ / 中継ぎ◎ / 抑え-,パーム,12.0,1.57,,
生成詳細,生成_球種名別詳細,,,,カテゴリ=助っ人外国人用 / 先発○ / 中継ぎ◎ / 抑え-,シュート,8.0,1.05,,
生成詳細,生成_球種名別詳細,,,,カテゴリ=助っ人外国人用 / 先発○ / 中継ぎ◎ / 抑え-,ムービングファスト,7.0,0.92,,
生成詳細,生成_球種名別詳細,,,,カテゴリ=助っ人外国人用 / 先発○ / 中継ぎ◎ / 抑え-,Dスライダー,6.0,0.79,,
生成詳細,生成_球種名別詳細,,,,カテゴリ=助っ人外国人用 / 先発○ / 中継ぎ◎ / 抑え-,スクリュー,5.0,0.66,,
生成詳細,生成_球種名別詳細,,,,カテゴリ=助っ人外国人用 / 先発○ / 中継ぎ◎ / 抑え-,超スローボール,3.0,0.39,,
生成詳細,生成_球種名別詳細,,,,カテゴリ=助っ人外国人用 / 先発○ / 中継ぎ◎ / 抑え◎,カットボール,110.0,35.83,,
生成詳細,生成_球種名別詳細,,,,カテゴリ=助っ人外国人用 / 先発○ / 中継ぎ◎ / 抑え◎,SFF,100.0,32.57,,
生成詳細,生成_球種名別詳細,,,,カテゴリ=助っ人外国人用 / 先発○ / 中継ぎ◎ / 抑え◎,スライダー,100.0,32.57,,
生成詳細,生成_球種名別詳細,,,,カテゴリ=助っ人外国人用 / 先発○ / 中継ぎ◎ / 抑え◎,フォーク,77.0,25.08,,
生成詳細,生成_球種名別詳細,,,,カテゴリ=助っ人外国人用 / 先発○ / 中継ぎ◎ / 抑え◎,スラーブ,61.0,19.87,,
生成詳細,生成_球種名別詳細,,,,カテゴリ=助っ人外国人用 / 先発○ / 中継ぎ◎ / 抑え◎,ツーシームファスト,57.0,18.57,,
生成詳細,生成_球種名別詳細,,,,カテゴリ=助っ人外国人用 / 先発○ / 中継ぎ◎ / 抑え◎,サークルチェンジ,53.0,17.26,,
生成詳細,生成_球種名別詳細,,,,カテゴリ=助っ人外国人用 / 先発○ / 中継ぎ◎ / 抑え◎,Hスライダー,51.0,16.61,,
生成詳細,生成_球種名別詳細,,,,カテゴリ=助っ人外国人用 / 先発○ / 中継ぎ◎ / 抑え◎,カーブ,47.0,15.31,,
生成詳細,生成_球種名別詳細,,,,カテゴリ=助っ人外国人用 / 先発○ / 中継ぎ◎ / 抑え◎,Vスライダー,46.0,14.98,,
生成詳細,生成_球種名別詳細,,,,カテゴリ=助っ人外国人用 / 先発○ / 中継ぎ◎ / 抑え◎,シンキングスプリット,44.0,14.33,,
生成詳細,生成_球種名別詳細,,,,カテゴリ=助っ人外国人用 / 先発○ / 中継ぎ◎ / 抑え◎,ドロップカーブ,34.0,11.07,,
生成詳細,生成_球種名別詳細,,,,カテゴリ=助っ人外国人用 / 先発○ / 中継ぎ◎ / 抑え◎,シンキングツーシーム,31.0,10.1,,
生成詳細,生成_球種名別詳細,,,,カテゴリ=助っ人外国人用 / 先発○ / 中継ぎ◎ / 抑え◎,Hシンカー,29.0,9.45,,
生成詳細,生成_球種名別詳細,,,,カテゴリ=助っ人外国人用 / 先発○ / 中継ぎ◎ / 抑え◎,パワーカーブ,27.0,8.79,,
生成詳細,生成_球種名別詳細,,,,カテゴリ=助っ人外国人用 / 先発○ / 中継ぎ◎ / 抑え◎,チェンジアップ,25.0,8.14,,
生成詳細,生成_球種名別詳細,,,,カテゴリ=助っ人外国人用 / 先発○ / 中継ぎ◎ / 抑え◎,スローカーブ,25.0,8.14,,
生成詳細,生成_球種名別詳細,,,,カテゴリ=助っ人外国人用 / 先発○ / 中継ぎ◎ / 抑え◎,ナックルカーブ,19.0,6.19,,
生成詳細,生成_球種名別詳細,,,,カテゴリ=助っ人外国人用 / 先発○ / 中継ぎ◎ / 抑え◎,Hシュート,11.0,3.58,,
生成詳細,生成_球種名別詳細,,,,カテゴリ=助っ人外国人用 / 先発○ / 中継ぎ◎ / 抑え◎,ファストチェンジ,7.0,2.28,,
生成詳細,生成_球種名別詳細,,,,カテゴリ=助っ人外国人用 / 先発○ / 中継ぎ◎ / 抑え◎,シュート,7.0,2.28,,
生成詳細,生成_球種名別詳細,,,,カテゴリ=助っ人外国人用 / 先発○ / 中継ぎ◎ / 抑え◎,シンカー,6.0,1.95,,
生成詳細,生成_球種名別詳細,,,,カテゴリ=助っ人外国人用 / 先発○ / 中継ぎ◎ / 抑え◎,スクリュー,4.0,1.3,,
生成詳細,生成_球種名別詳細,,,,カテゴリ=助っ人外国人用 / 先発○ / 中継ぎ◎ / 抑え◎,Dスライダー,4.0,1.3,,
生成詳細,生成_球種名別詳細,,,,カテゴリ=助っ人外国人用 / 先発○ / 中継ぎ◎ / 抑え◎,ムービングファスト,3.0,0.98,,
生成詳細,生成_球種名別詳細,,,,カテゴリ=助っ人外国人用 / 先発○ / 中継ぎ◎ / 抑え◎,パーム,2.0,0.65,,
生成詳細,生成_球種名別詳細,,,,カテゴリ=助っ人外国人用 / 先発○ / 中継ぎ◎ / 抑え◎,ナックル,1.0,0.33,,
生成詳細,生成_球種名別詳細,,,,カテゴリ=助っ人外国人用 / 先発○ / 中継ぎ◎ / 抑え◎,超スローボール,1.0,0.33,,
生成詳細,生成_球種名別詳細,,,,カテゴリ=助っ人外国人用 / 先発◎ / 中継ぎ- / 抑え-,カットボール,460.0,36.54,,
生成詳細,生成_球種名別詳細,,,,カテゴリ=助っ人外国人用 / 先発◎ / 中継ぎ- / 抑え-,スライダー,425.0,33.76,,
生成詳細,生成_球種名別詳細,,,,カテゴリ=助っ人外国人用 / 先発◎ / 中継ぎ- / 抑え-,SFF,375.0,29.79,,
生成詳細,生成_球種名別詳細,,,,カテゴリ=助っ人外国人用 / 先発◎ / 中継ぎ- / 抑え-,フォーク,328.0,26.05,,
生成詳細,生成_球種名別詳細,,,,カテゴリ=助っ人外国人用 / 先発◎ / 中継ぎ- / 抑え-,サークルチェンジ,255.0,20.25,,
生成詳細,生成_球種名別詳細,,,,カテゴリ=助っ人外国人用 / 先発◎ / 中継ぎ- / 抑え-,スラーブ,247.0,19.62,,
生成詳細,生成_球種名別詳細,,,,カテゴリ=助っ人外国人用 / 先発◎ / 中継ぎ- / 抑え-,Vスライダー,228.0,18.11,,
生成詳細,生成_球種名別詳細,,,,カテゴリ=助っ人外国人用 / 先発◎ / 中継ぎ- / 抑え-,カーブ,226.0,17.95,,
生成詳細,生成_球種名別詳細,,,,カテゴリ=助っ人外国人用 / 先発◎ / 中継ぎ- / 抑え-,ツーシームファスト,210.0,16.68,,
生成詳細,生成_球種名別詳細,,,,カテゴリ=助っ人外国人用 / 先発◎ / 中継ぎ- / 抑え-,シンキングスプリット,205.0,16.28,,
生成詳細,生成_球種名別詳細,,,,カテゴリ=助っ人外国人用 / 先発◎ / 中継ぎ- / 抑え-,Hスライダー,203.0,16.12,,
生成詳細,生成_球種名別詳細,,,,カテゴリ=助っ人外国人用 / 先発◎ / 中継ぎ- / 抑え-,ドロップカーブ,154.0,12.23,,
生成詳細,生成_球種名別詳細,,,,カテゴリ=助っ人外国人用 / 先発◎ / 中継ぎ- / 抑え-,チェンジアップ,121.0,9.61,,
生成詳細,生成_球種名別詳細,,,,カテゴリ=助っ人外国人用 / 先発◎ / 中継ぎ- / 抑え-,シンキングツーシーム,118.0,9.37,,
生成詳細,生成_球種名別詳細,,,,カテゴリ=助っ人外国人用 / 先発◎ / 中継ぎ- / 抑え-,ナックルカーブ,108.0,8.58,,
生成詳細,生成_球種名別詳細,,,,カテゴリ=助っ人外国人用 / 先発◎ / 中継ぎ- / 抑え-,スローカーブ,98.0,7.78,,
生成詳細,生成_球種名別詳細,,,,カテゴリ=助っ人外国人用 / 先発◎ / 中継ぎ- / 抑え-,パワーカーブ,75.0,5.96,,
生成詳細,生成_球種名別詳細,,,,カテゴリ=助っ人外国人用 / 先発◎ / 中継ぎ- / 抑え-,Hシュート,63.0,5.0,,
生成詳細,生成_球種名別詳細,,,,カテゴリ=助っ人外国人用 / 先発◎ / 中継ぎ- / 抑え-,Hシンカー,62.0,4.92,,
生成詳細,生成_球種名別詳細,,,,カテゴリ=助っ人外国人用 / 先発◎ / 中継ぎ- / 抑え-,ファストチェンジ,40.0,3.18,,
生成詳細,生成_球種名別詳細,,,,カテゴリ=助っ人外国人用 / 先発◎ / 中継ぎ- / 抑え-,ムービングファスト,22.0,1.75,,
生成詳細,生成_球種名別詳細,,,,カテゴリ=助っ人外国人用 / 先発◎ / 中継ぎ- / 抑え-,シンカー,20.0,1.59,,
生成詳細,生成_球種名別詳細,,,,カテゴリ=助っ人外国人用 / 先発◎ / 中継ぎ- / 抑え-,シュート,16.0,1.27,,
生成詳細,生成_球種名別詳細,,,,カテゴリ=助っ人外国人用 / 先発◎ / 中継ぎ- / 抑え-,スクリュー,15.0,1.19,,
生成詳細,生成_球種名別詳細,,,,カテゴリ=助っ人外国人用 / 先発◎ / 中継ぎ- / 抑え-,Dスライダー,12.0,0.95,,
生成詳細,生成_球種名別詳細,,,,カテゴリ=助っ人外国人用 / 先発◎ / 中継ぎ- / 抑え-,パーム,8.0,0.64,,
生成詳細,生成_球種名別詳細,,,,カテゴリ=助っ人外国人用 / 先発◎ / 中継ぎ- / 抑え-,超スローボール,5.0,0.4,,
生成詳細,生成_球種名別詳細,,,,カテゴリ=助っ人外国人用 / 先発◎ / 中継ぎ- / 抑え-,ナックル,1.0,0.08,,
生成詳細,生成_球種名別詳細,,,,カテゴリ=助っ人外国人用 / 先発◎ / 中継ぎ○ / 抑え-,カットボール,333.0,34.87,,
生成詳細,生成_球種名別詳細,,,,カテゴリ=助っ人外国人用 / 先発◎ / 中継ぎ○ / 抑え-,スライダー,330.0,34.55,,
生成詳細,生成_球種名別詳細,,,,カテゴリ=助っ人外国人用 / 先発◎ / 中継ぎ○ / 抑え-,SFF,302.0,31.62,,
生成詳細,生成_球種名別詳細,,,,カテゴリ=助っ人外国人用 / 先発◎ / 中継ぎ○ / 抑え-,フォーク,229.0,23.98,,
生成詳細,生成_球種名別詳細,,,,カテゴリ=助っ人外国人用 / 先発◎ / 中継ぎ○ / 抑え-,サークルチェンジ,194.0,20.31,,
生成詳細,生成_球種名別詳細,,,,カテゴリ=助っ人外国人用 / 先発◎ / 中継ぎ○ / 抑え-,スラーブ,179.0,18.74,,
生成詳細,生成_球種名別詳細,,,,カテゴリ=助っ人外国人用 / 先発◎ / 中継ぎ○ / 抑え-,カーブ,162.0,16.96,,
生成詳細,生成_球種名別詳細,,,,カテゴリ=助っ人外国人用 / 先発◎ / 中継ぎ○ / 抑え-,Hスライダー,158.0,16.54,,
生成詳細,生成_球種名別詳細,,,,カテゴリ=助っ人外国人用 / 先発◎ / 中継ぎ○ / 抑え-,シンキングスプリット,158.0,16.54,,
生成詳細,生成_球種名別詳細,,,,カテゴリ=助っ人外国人用 / 先発◎ / 中継ぎ○ / 抑え-,ツーシームファスト,153.0,16.02,,
生成詳細,生成_球種名別詳細,,,,カテゴリ=助っ人外国人用 / 先発◎ / 中継ぎ○ / 抑え-,Vスライダー,146.0,15.29,,
生成詳細,生成_球種名別詳細,,,,カテゴリ=助っ人外国人用 / 先発◎ / 中継ぎ○ / 抑え-,シンキングツーシーム,113.0,11.83,,
生成詳細,生成_球種名別詳細,,,,カテゴリ=助っ人外国人用 / 先発◎ / 中継ぎ○ / 抑え-,ドロップカーブ,106.0,11.1,,
生成詳細,生成_球種名別詳細,,,,カテゴリ=助っ人外国人用 / 先発◎ / 中継ぎ○ / 抑え-,チェンジアップ,101.0,10.58,,
生成詳細,生成_球種名別詳細,,,,カテゴリ=助っ人外国人用 / 先発◎ / 中継ぎ○ / 抑え-,ナックルカーブ,101.0,10.58,,
生成詳細,生成_球種名別詳細,,,,カテゴリ=助っ人外国人用 / 先発◎ / 中継ぎ○ / 抑え-,スローカーブ,71.0,7.43,,
生成詳細,生成_球種名別詳細,,,,カテゴリ=助っ人外国人用 / 先発◎ / 中継ぎ○ / 抑え-,パワーカーブ,66.0,6.91,,
生成詳細,生成_球種名別詳細,,,,カテゴリ=助っ人外国人用 / 先発◎ / 中継ぎ○ / 抑え-,Hシンカー,62.0,6.49,,
生成詳細,生成_球種名別詳細,,,,カテゴリ=助っ人外国人用 / 先発◎ / 中継ぎ○ / 抑え-,Hシュート,51.0,5.34,,
生成詳細,生成_球種名別詳細,,,,カテゴリ=助っ人外国人用 / 先発◎ / 中継ぎ○ / 抑え-,ファストチェンジ,33.0,3.46,,
生成詳細,生成_球種名別詳細,,,,カテゴリ=助っ人外国人用 / 先発◎ / 中継ぎ○ / 抑え-,シンカー,16.0,1.68,,
生成詳細,生成_球種名別詳細,,,,カテゴリ=助っ人外国人用 / 先発◎ / 中継ぎ○ / 抑え-,シュート,14.0,1.47,,
生成詳細,生成_球種名別詳細,,,,カテゴリ=助っ人外国人用 / 先発◎ / 中継ぎ○ / 抑え-,パーム,13.0,1.36,,
生成詳細,生成_球種名別詳細,,,,カテゴリ=助っ人外国人用 / 先発◎ / 中継ぎ○ / 抑え-,スクリュー,7.0,0.73,,
生成詳細,生成_球種名別詳細,,,,カテゴリ=助っ人外国人用 / 先発◎ / 中継ぎ○ / 抑え-,ムービングファスト,7.0,0.73,,
生成詳細,生成_球種名別詳細,,,,カテゴリ=助っ人外国人用 / 先発◎ / 中継ぎ○ / 抑え-,Dスライダー,5.0,0.52,,
生成詳細,生成_球種名別詳細,,,,カテゴリ=助っ人外国人用 / 先発◎ / 中継ぎ○ / 抑え-,超スローボール,4.0,0.42,,
生成詳細,生成_球種名別詳細,,,,カテゴリ=助っ人外国人用 / 先発◎ / 中継ぎ○ / 抑え-,ナックル,1.0,0.1,,
生成詳細,生成_球種名別詳細,,,,カテゴリ=架空球団用 / 先発- / 中継ぎ◎ / 抑え-,カットボール,261.0,32.34,,
生成詳細,生成_球種名別詳細,,,,カテゴリ=架空球団用 / 先発- / 中継ぎ◎ / 抑え-,スライダー,243.0,30.11,,
生成詳細,生成_球種名別詳細,,,,カテゴリ=架空球団用 / 先発- / 中継ぎ◎ / 抑え-,SFF,201.0,24.91,,
生成詳細,生成_球種名別詳細,,,,カテゴリ=架空球団用 / 先発- / 中継ぎ◎ / 抑え-,フォーク,194.0,24.04,,
生成詳細,生成_球種名別詳細,,,,カテゴリ=架空球団用 / 先発- / 中継ぎ◎ / 抑え-,スラーブ,158.0,19.58,,
生成詳細,生成_球種名別詳細,,,,カテゴリ=架空球団用 / 先発- / 中継ぎ◎ / 抑え-,カーブ,153.0,18.96,,
生成詳細,生成_球種名別詳細,,,,カテゴリ=架空球団用 / 先発- / 中継ぎ◎ / 抑え-,サークルチェンジ,132.0,16.36,,
生成詳細,生成_球種名別詳細,,,,カテゴリ=架空球団用 / 先発- / 中継ぎ◎ / 抑え-,Hスライダー,131.0,16.23,,
生成詳細,生成_球種名別詳細,,,,カテゴリ=架空球団用 / 先発- / 中継ぎ◎ / 抑え-,Vスライダー,126.0,15.61,,
生成詳細,生成_球種名別詳細,,,,カテゴリ=架空球団用 / 先発- / 中継ぎ◎ / 抑え-,ツーシームファスト,100.0,12.39,,
生成詳細,生成_球種名別詳細,,,,カテゴリ=架空球団用 / 先発- / 中継ぎ◎ / 抑え-,シンキングスプリット,84.0,10.41,,
生成詳細,生成_球種名別詳細,,,,カテゴリ=架空球団用 / 先発- / 中継ぎ◎ / 抑え-,ドロップカーブ,82.0,10.16,,
生成詳細,生成_球種名別詳細,,,,カテゴリ=架空球団用 / 先発- / 中継ぎ◎ / 抑え-,チェンジアップ,73.0,9.05,,
生成詳細,生成_球種名別詳細,,,,カテゴリ=架空球団用 / 先発- / 中継ぎ◎ / 抑え-,シンキングツーシーム,61.0,7.56,,
生成詳細,生成_球種名別詳細,,,,カテゴリ=架空球団用 / 先発- / 中継ぎ◎ / 抑え-,スローカーブ,60.0,7.43,,
生成詳細,生成_球種名別詳細,,,,カテゴリ=架空球団用 / 先発- / 中継ぎ◎ / 抑え-,ナックルカーブ,56.0,6.94,,
生成詳細,生成_球種名別詳細,,,,カテゴリ=架空球団用 / 先発- / 中継ぎ◎ / 抑え-,Hシンカー,42.0,5.2,,
生成詳細,生成_球種名別詳細,,,,カテゴリ=架空球団用 / 先発- / 中継ぎ◎ / 抑え-,ファストチェンジ,34.0,4.21,,
生成詳細,生成_球種名別詳細,,,,カテゴリ=架空球団用 / 先発- / 中継ぎ◎ / 抑え-,Hシュート,31.0,3.84,,
生成詳細,生成_球種名別詳細,,,,カテゴリ=架空球団用 / 先発- / 中継ぎ◎ / 抑え-,パワーカーブ,23.0,2.85,,
生成詳細,生成_球種名別詳細,,,,カテゴリ=架空球団用 / 先発- / 中継ぎ◎ / 抑え-,シンカー,15.0,1.86,,
生成詳細,生成_球種名別詳細,,,,カテゴリ=架空球団用 / 先発- / 中継ぎ◎ / 抑え-,パーム,10.0,1.24,,
生成詳細,生成_球種名別詳細,,,,カテゴリ=架空球団用 / 先発- / 中継ぎ◎ / 抑え-,Dスライダー,8.0,0.99,,
生成詳細,生成_球種名別詳細,,,,カテゴリ=架空球団用 / 先発- / 中継ぎ◎ / 抑え-,スクリュー,8.0,0.99,,
生成詳細,生成_球種名別詳細,,,,カテゴリ=架空球団用 / 先発- / 中継ぎ◎ / 抑え-,ムービングファスト,6.0,0.74,,
生成詳細,生成_球種名別詳細,,,,カテゴリ=架空球団用 / 先発- / 中継ぎ◎ / 抑え-,シュート,5.0,0.62,,
生成詳細,生成_球種名別詳細,,,,カテゴリ=架空球団用 / 先発- / 中継ぎ◎ / 抑え-,超スローボール,3.0,0.37,,
生成詳細,生成_球種名別詳細,,,,カテゴリ=架空球団用 / 先発- / 中継ぎ◎ / 抑え○,カットボール,129.0,32.58,,
生成詳細,生成_球種名別詳細,,,,カテゴリ=架空球団用 / 先発- / 中継ぎ◎ / 抑え○,スライダー,116.0,29.29,,
生成詳細,生成_球種名別詳細,,,,カテゴリ=架空球団用 / 先発- / 中継ぎ◎ / 抑え○,フォーク,106.0,26.77,,
生成詳細,生成_球種名別詳細,,,,カテゴリ=架空球団用 / 先発- / 中継ぎ◎ / 抑え○,SFF,93.0,23.48,,
生成詳細,生成_球種名別詳細,,,,カテゴリ=架空球団用 / 先発- / 中継ぎ◎ / 抑え○,サークルチェンジ,87.0,21.97,,
生成詳細,生成_球種名別詳細,,,,カテゴリ=架空球団用 / 先発- / 中継ぎ◎ / 抑え○,スラーブ,72.0,18.18,,
生成詳細,生成_球種名別詳細,,,,カテゴリ=架空球団用 / 先発- / 中継ぎ◎ / 抑え○,カーブ,69.0,17.42,,
生成詳細,生成_球種名別詳細,,,,カテゴリ=架空球団用 / 先発- / 中継ぎ◎ / 抑え○,Hスライダー,62.0,15.66,,
生成詳細,生成_球種名別詳細,,,,カテゴリ=架空球団用 / 先発- / 中継ぎ◎ / 抑え○,Vスライダー,61.0,15.4,,
生成詳細,生成_球種名別詳細,,,,カテゴリ=架空球団用 / 先発- / 中継ぎ◎ / 抑え○,ツーシームファスト,44.0,11.11,,
生成詳細,生成_球種名別詳細,,,,カテゴリ=架空球団用 / 先発- / 中継ぎ◎ / 抑え○,シンキングスプリット,42.0,10.61,,
生成詳細,生成_球種名別詳細,,,,カテゴリ=架空球団用 / 先発- / 中継ぎ◎ / 抑え○,ドロップカーブ,39.0,9.85,,
生成詳細,生成_球種名別詳細,,,,カテゴリ=架空球団用 / 先発- / 中継ぎ◎ / 抑え○,チェンジアップ,32.0,8.08,,
生成詳細,生成_球種名別詳細,,,,カテゴリ=架空球団用 / 先発- / 中継ぎ◎ / 抑え○,スローカーブ,32.0,8.08,,
生成詳細,生成_球種名別詳細,,,,カテゴリ=架空球団用 / 先発- / 中継ぎ◎ / 抑え○,シンキングツーシーム,27.0,6.82,,
生成詳細,生成_球種名別詳細,,,,カテゴリ=架空球団用 / 先発- / 中継ぎ◎ / 抑え○,ナックルカーブ,26.0,6.57,,
生成詳細,生成_球種名別詳細,,,,カテゴリ=架空球団用 / 先発- / 中継ぎ◎ / 抑え○,Hシンカー,25.0,6.31,,
生成詳細,生成_球種名別詳細,,,,カテゴリ=架空球団用 / 先発- / 中継ぎ◎ / 抑え○,Hシュート,19.0,4.8,,
生成詳細,生成_球種名別詳細,,,,カテゴリ=架空球団用 / 先発- / 中継ぎ◎ / 抑え○,パワーカーブ,13.0,3.28,,
生成詳細,生成_球種名別詳細,,,,カテゴリ=架空球団用 / 先発- / 中継ぎ◎ / 抑え○,シンカー,11.0,2.78,,
生成詳細,生成_球種名別詳細,,,,カテゴリ=架空球団用 / 先発- / 中継ぎ◎ / 抑え○,ファストチェンジ,10.0,2.53,,
生成詳細,生成_球種名別詳細,,,,カテゴリ=架空球団用 / 先発- / 中継ぎ◎ / 抑え○,スクリュー,6.0,1.52,,
生成詳細,生成_球種名別詳細,,,,カテゴリ=架空球団用 / 先発- / 中継ぎ◎ / 抑え○,パーム,5.0,1.26,,
生成詳細,生成_球種名別詳細,,,,カテゴリ=架空球団用 / 先発- / 中継ぎ◎ / 抑え○,ムービングファスト,3.0,0.76,,
生成詳細,生成_球種名別詳細,,,,カテゴリ=架空球団用 / 先発- / 中継ぎ◎ / 抑え○,Dスライダー,2.0,0.51,,
生成詳細,生成_球種名別詳細,,,,カテゴリ=架空球団用 / 先発- / 中継ぎ◎ / 抑え○,シュート,2.0,0.51,,
生成詳細,生成_球種名別詳細,,,,カテゴリ=架空球団用 / 先発- / 中継ぎ◎ / 抑え○,ナックル,1.0,0.25,,
生成詳細,生成_球種名別詳細,,,,カテゴリ=架空球団用 / 先発- / 中継ぎ◎ / 抑え◎,カットボール,105.0,32.01,,
生成詳細,生成_球種名別詳細,,,,カテゴリ=架空球団用 / 先発- / 中継ぎ◎ / 抑え◎,スライダー,89.0,27.13,,
生成詳細,生成_球種名別詳細,,,,カテゴリ=架空球団用 / 先発- / 中継ぎ◎ / 抑え◎,SFF,77.0,23.48,,
生成詳細,生成_球種名別詳細,,,,カテゴリ=架空球団用 / 先発- / 中継ぎ◎ / 抑え◎,フォーク,71.0,21.65,,
生成詳細,生成_球種名別詳細,,,,カテゴリ=架空球団用 / 先発- / 中継ぎ◎ / 抑え◎,カーブ,69.0,21.04,,
生成詳細,生成_球種名別詳細,,,,カテゴリ=架空球団用 / 先発- / 中継ぎ◎ / 抑え◎,スラーブ,67.0,20.43,,
生成詳細,生成_球種名別詳細,,,,カテゴリ=架空球団用 / 先発- / 中継ぎ◎ / 抑え◎,サークルチェンジ,54.0,16.46,,
生成詳細,生成_球種名別詳細,,,,カテゴリ=架空球団用 / 先発- / 中継ぎ◎ / 抑え◎,Hスライダー,49.0,14.94,,
生成詳細,生成_球種名別詳細,,,,カテゴリ=架空球団用 / 先発- / 中継ぎ◎ / 抑え◎,シンキングスプリット,38.0,11.59,,
生成詳細,生成_球種名別詳細,,,,カテゴリ=架空球団用 / 先発- / 中継ぎ◎ / 抑え◎,ドロップカーブ,38.0,11.59,,
生成詳細,生成_球種名別詳細,,,,カテゴリ=架空球団用 / 先発- / 中継ぎ◎ / 抑え◎,Vスライダー,37.0,11.28,,
生成詳細,生成_球種名別詳細,,,,カテゴリ=架空球団用 / 先発- / 中継ぎ◎ / 抑え◎,ツーシームファスト,33.0,10.06,,
生成詳細,生成_球種名別詳細,,,,カテゴリ=架空球団用 / 先発- / 中継ぎ◎ / 抑え◎,チェンジアップ,29.0,8.84,,
生成詳細,生成_球種名別詳細,,,,カテゴリ=架空球団用 / 先発- / 中継ぎ◎ / 抑え◎,シンキングツーシーム,25.0,7.62,,
生成詳細,生成_球種名別詳細,,,,カテゴリ=架空球団用 / 先発- / 中継ぎ◎ / 抑え◎,スローカーブ,21.0,6.4,,
生成詳細,生成_球種名別詳細,,,,カテゴリ=架空球団用 / 先発- / 中継ぎ◎ / 抑え◎,パワーカーブ,20.0,6.1,,
生成詳細,生成_球種名別詳細,,,,カテゴリ=架空球団用 / 先発- / 中継ぎ◎ / 抑え◎,Hシンカー,16.0,4.88,,
生成詳細,生成_球種名別詳細,,,,カテゴリ=架空球団用 / 先発- / 中継ぎ◎ / 抑え◎,Hシュート,16.0,4.88,,
生成詳細,生成_球種名別詳細,,,,カテゴリ=架空球団用 / 先発- / 中継ぎ◎ / 抑え◎,ナックルカーブ,13.0,3.96,,
生成詳細,生成_球種名別詳細,,,,カテゴリ=架空球団用 / 先発- / 中継ぎ◎ / 抑え◎,シンカー,12.0,3.66,,
生成詳細,生成_球種名別詳細,,,,カテゴリ=架空球団用 / 先発- / 中継ぎ◎ / 抑え◎,シュート,6.0,1.83,,
生成詳細,生成_球種名別詳細,,,,カテゴリ=架空球団用 / 先発- / 中継ぎ◎ / 抑え◎,ファストチェンジ,5.0,1.52,,
生成詳細,生成_球種名別詳細,,,,カテゴリ=架空球団用 / 先発- / 中継ぎ◎ / 抑え◎,スクリュー,3.0,0.91,,
生成詳細,生成_球種名別詳細,,,,カテゴリ=架空球団用 / 先発- / 中継ぎ◎ / 抑え◎,Dスライダー,2.0,0.61,,
生成詳細,生成_球種名別詳細,,,,カテゴリ=架空球団用 / 先発- / 中継ぎ◎ / 抑え◎,パーム,2.0,0.61,,
生成詳細,生成_球種名別詳細,,,,カテゴリ=架空球団用 / 先発- / 中継ぎ◎ / 抑え◎,ムービングファスト,1.0,0.3,,
生成詳細,生成_球種名別詳細,,,,カテゴリ=架空球団用 / 先発○ / 中継ぎ◎ / 抑え-,カットボール,311.0,33.95,,
生成詳細,生成_球種名別詳細,,,,カテゴリ=架空球団用 / 先発○ / 中継ぎ◎ / 抑え-,スライダー,261.0,28.49,,
生成詳細,生成_球種名別詳細,,,,カテゴリ=架空球団用 / 先発○ / 中継ぎ◎ / 抑え-,SFF,260.0,28.38,,
生成詳細,生成_球種名別詳細,,,,カテゴリ=架空球団用 / 先発○ / 中継ぎ◎ / 抑え-,フォーク,215.0,23.47,,
生成詳細,生成_球種名別詳細,,,,カテゴリ=架空球団用 / 先発○ / 中継ぎ◎ / 抑え-,スラーブ,158.0,17.25,,
生成詳細,生成_球種名別詳細,,,,カテゴリ=架空球団用 / 先発○ / 中継ぎ◎ / 抑え-,Hスライダー,154.0,16.81,,
生成詳細,生成_球種名別詳細,,,,カテゴリ=架空球団用 / 先発○ / 中継ぎ◎ / 抑え-,サークルチェンジ,141.0,15.39,,
生成詳細,生成_球種名別詳細,,,,カテゴリ=架空球団用 / 先発○ / 中継ぎ◎ / 抑え-,Vスライダー,129.0,14.08,,
生成詳細,生成_球種名別詳細,,,,カテゴリ=架空球団用 / 先発○ / 中継ぎ◎ / 抑え-,カーブ,122.0,13.32,,
生成詳細,生成_球種名別詳細,,,,カテゴリ=架空球団用 / 先発○ / 中継ぎ◎ / 抑え-,ツーシームファスト,109.0,11.9,,
生成詳細,生成_球種名別詳細,,,,カテゴリ=架空球団用 / 先発○ / 中継ぎ◎ / 抑え-,シンキングスプリット,108.0,11.79,,
生成詳細,生成_球種名別詳細,,,,カテゴリ=架空球団用 / 先発○ / 中継ぎ◎ / 抑え-,ドロップカーブ,103.0,11.24,,
生成詳細,生成_球種名別詳細,,,,カテゴリ=架空球団用 / 先発○ / 中継ぎ◎ / 抑え-,シンキングツーシーム,86.0,9.39,,
生成詳細,生成_球種名別詳細,,,,カテゴリ=架空球団用 / 先発○ / 中継ぎ◎ / 抑え-,ナックルカーブ,75.0,8.19,,
生成詳細,生成_球種名別詳細,,,,カテゴリ=架空球団用 / 先発○ / 中継ぎ◎ / 抑え-,チェンジアップ,69.0,7.53,,
生成詳細,生成_球種名別詳細,,,,カテゴリ=架空球団用 / 先発○ / 中継ぎ◎ / 抑え-,スローカーブ,65.0,7.1,,
生成詳細,生成_球種名別詳細,,,,カテゴリ=架空球団用 / 先発○ / 中継ぎ◎ / 抑え-,Hシンカー,48.0,5.24,,
生成詳細,生成_球種名別詳細,,,,カテゴリ=架空球団用 / 先発○ / 中継ぎ◎ / 抑え-,Hシュート,41.0,4.48,,
生成詳細,生成_球種名別詳細,,,,カテゴリ=架空球団用 / 先発○ / 中継ぎ◎ / 抑え-,パワーカーブ,39.0,4.26,,
生成詳細,生成_球種名別詳細,,,,カテゴリ=架空球団用 / 先発○ / 中継ぎ◎ / 抑え-,ファストチェンジ,23.0,2.51,,
生成詳細,生成_球種名別詳細,,,,カテゴリ=架空球団用 / 先発○ / 中継ぎ◎ / 抑え-,シンカー,19.0,2.07,,
生成詳細,生成_球種名別詳細,,,,カテゴリ=架空球団用 / 先発○ / 中継ぎ◎ / 抑え-,パーム,10.0,1.09,,
生成詳細,生成_球種名別詳細,,,,カテゴリ=架空球団用 / 先発○ / 中継ぎ◎ / 抑え-,シュート,9.0,0.98,,
生成詳細,生成_球種名別詳細,,,,カテゴリ=架空球団用 / 先発○ / 中継ぎ◎ / 抑え-,ムービングファスト,9.0,0.98,,
生成詳細,生成_球種名別詳細,,,,カテゴリ=架空球団用 / 先発○ / 中継ぎ◎ / 抑え-,スクリュー,8.0,0.87,,
生成詳細,生成_球種名別詳細,,,,カテゴリ=架空球団用 / 先発○ / 中継ぎ◎ / 抑え-,Dスライダー,5.0,0.55,,
生成詳細,生成_球種名別詳細,,,,カテゴリ=架空球団用 / 先発○ / 中継ぎ◎ / 抑え-,超スローボール,2.0,0.22,,
生成詳細,生成_球種名別詳細,,,,カテゴリ=架空球団用 / 先発○ / 中継ぎ◎ / 抑え-,ナックル,2.0,0.22,,
生成詳細,生成_球種名別詳細,,,,カテゴリ=架空球団用 / 先発○ / 中継ぎ◎ / 抑え◎,スライダー,32.0,32.0,,
生成詳細,生成_球種名別詳細,,,,カテゴリ=架空球団用 / 先発○ / 中継ぎ◎ / 抑え◎,カットボール,32.0,32.0,,
生成詳細,生成_球種名別詳細,,,,カテゴリ=架空球団用 / 先発○ / 中継ぎ◎ / 抑え◎,フォーク,28.0,28.0,,
生成詳細,生成_球種名別詳細,,,,カテゴリ=架空球団用 / 先発○ / 中継ぎ◎ / 抑え◎,SFF,24.0,24.0,,
生成詳細,生成_球種名別詳細,,,,カテゴリ=架空球団用 / 先発○ / 中継ぎ◎ / 抑え◎,Hスライダー,20.0,20.0,,
生成詳細,生成_球種名別詳細,,,,カテゴリ=架空球団用 / 先発○ / 中継ぎ◎ / 抑え◎,カーブ,16.0,16.0,,
生成詳細,生成_球種名別詳細,,,,カテゴリ=架空球団用 / 先発○ / 中継ぎ◎ / 抑え◎,スラーブ,15.0,15.0,,
生成詳細,生成_球種名別詳細,,,,カテゴリ=架空球団用 / 先発○ / 中継ぎ◎ / 抑え◎,Vスライダー,15.0,15.0,,
生成詳細,生成_球種名別詳細,,,,カテゴリ=架空球団用 / 先発○ / 中継ぎ◎ / 抑え◎,サークルチェンジ,13.0,13.0,,
生成詳細,生成_球種名別詳細,,,,カテゴリ=架空球団用 / 先発○ / 中継ぎ◎ / 抑え◎,シンキングスプリット,12.0,12.0,,
生成詳細,生成_球種名別詳細,,,,カテゴリ=架空球団用 / 先発○ / 中継ぎ◎ / 抑え◎,ドロップカーブ,12.0,12.0,,
生成詳細,生成_球種名別詳細,,,,カテゴリ=架空球団用 / 先発○ / 中継ぎ◎ / 抑え◎,ツーシームファスト,11.0,11.0,,
生成詳細,生成_球種名別詳細,,,,カテゴリ=架空球団用 / 先発○ / 中継ぎ◎ / 抑え◎,チェンジアップ,9.0,9.0,,
生成詳細,生成_球種名別詳細,,,,カテゴリ=架空球団用 / 先発○ / 中継ぎ◎ / 抑え◎,シンキングツーシーム,9.0,9.0,,
生成詳細,生成_球種名別詳細,,,,カテゴリ=架空球団用 / 先発○ / 中継ぎ◎ / 抑え◎,ナックルカーブ,7.0,7.0,,
生成詳細,生成_球種名別詳細,,,,カテゴリ=架空球団用 / 先発○ / 中継ぎ◎ / 抑え◎,スローカーブ,7.0,7.0,,
生成詳細,生成_球種名別詳細,,,,カテゴリ=架空球団用 / 先発○ / 中継ぎ◎ / 抑え◎,Hシュート,6.0,6.0,,
生成詳細,生成_球種名別詳細,,,,カテゴリ=架空球団用 / 先発○ / 中継ぎ◎ / 抑え◎,Hシンカー,5.0,5.0,,
生成詳細,生成_球種名別詳細,,,,カテゴリ=架空球団用 / 先発○ / 中継ぎ◎ / 抑え◎,ファストチェンジ,3.0,3.0,,
生成詳細,生成_球種名別詳細,,,,カテゴリ=架空球団用 / 先発○ / 中継ぎ◎ / 抑え◎,ムービングファスト,2.0,2.0,,
生成詳細,生成_球種名別詳細,,,,カテゴリ=架空球団用 / 先発○ / 中継ぎ◎ / 抑え◎,シュート,2.0,2.0,,
生成詳細,生成_球種名別詳細,,,,カテゴリ=架空球団用 / 先発○ / 中継ぎ◎ / 抑え◎,Dスライダー,2.0,2.0,,
生成詳細,生成_球種名別詳細,,,,カテゴリ=架空球団用 / 先発○ / 中継ぎ◎ / 抑え◎,超スローボール,2.0,2.0,,
生成詳細,生成_球種名別詳細,,,,カテゴリ=架空球団用 / 先発○ / 中継ぎ◎ / 抑え◎,パワーカーブ,2.0,2.0,,
生成詳細,生成_球種名別詳細,,,,カテゴリ=架空球団用 / 先発○ / 中継ぎ◎ / 抑え◎,パーム,1.0,1.0,,
生成詳細,生成_球種名別詳細,,,,カテゴリ=架空球団用 / 先発○ / 中継ぎ◎ / 抑え◎,シンカー,1.0,1.0,,
生成詳細,生成_球種名別詳細,,,,カテゴリ=架空球団用 / 先発◎ / 中継ぎ- / 抑え-,カットボール,464.0,34.52,,
生成詳細,生成_球種名別詳細,,,,カテゴリ=架空球団用 / 先発◎ / 中継ぎ- / 抑え-,スライダー,412.0,30.65,,
生成詳細,生成_球種名別詳細,,,,カテゴリ=架空球団用 / 先発◎ / 中継ぎ- / 抑え-,SFF,347.0,25.82,,
生成詳細,生成_球種名別詳細,,,,カテゴリ=架空球団用 / 先発◎ / 中継ぎ- / 抑え-,フォーク,314.0,23.36,,
生成詳細,生成_球種名別詳細,,,,カテゴリ=架空球団用 / 先発◎ / 中継ぎ- / 抑え-,スラーブ,263.0,19.57,,
生成詳細,生成_球種名別詳細,,,,カテゴリ=架空球団用 / 先発◎ / 中継ぎ- / 抑え-,サークルチェンジ,242.0,18.01,,
生成詳細,生成_球種名別詳細,,,,カテゴリ=架空球団用 / 先発◎ / 中継ぎ- / 抑え-,カーブ,235.0,17.49,,
生成詳細,生成_球種名別詳細,,,,カテゴリ=架空球団用 / 先発◎ / 中継ぎ- / 抑え-,Hスライダー,221.0,16.44,,
生成詳細,生成_球種名別詳細,,,,カテゴリ=架空球団用 / 先発◎ / 中継ぎ- / 抑え-,Vスライダー,212.0,15.77,,
生成詳細,生成_球種名別詳細,,,,カテゴリ=架空球団用 / 先発◎ / 中継ぎ- / 抑え-,シンキングスプリット,157.0,11.68,,
生成詳細,生成_球種名別詳細,,,,カテゴリ=架空球団用 / 先発◎ / 中継ぎ- / 抑え-,ツーシームファスト,152.0,11.31,,
生成詳細,生成_球種名別詳細,,,,カテゴリ=架空球団用 / 先発◎ / 中継ぎ- / 抑え-,ドロップカーブ,134.0,9.97,,
生成詳細,生成_球種名別詳細,,,,カテゴリ=架空球団用 / 先発◎ / 中継ぎ- / 抑え-,スローカーブ,126.0,9.38,,
生成詳細,生成_球種名別詳細,,,,カテゴリ=架空球団用 / 先発◎ / 中継ぎ- / 抑え-,チェンジアップ,114.0,8.48,,
生成詳細,生成_球種名別詳細,,,,カテゴリ=架空球団用 / 先発◎ / 中継ぎ- / 抑え-,シンキングツーシーム,105.0,7.81,,
生成詳細,生成_球種名別詳細,,,,カテゴリ=架空球団用 / 先発◎ / 中継ぎ- / 抑え-,ナックルカーブ,84.0,6.25,,
生成詳細,生成_球種名別詳細,,,,カテゴリ=架空球団用 / 先発◎ / 中継ぎ- / 抑え-,Hシンカー,64.0,4.76,,
生成詳細,生成_球種名別詳細,,,,カテゴリ=架空球団用 / 先発◎ / 中継ぎ- / 抑え-,Hシュート,59.0,4.39,,
生成詳細,生成_球種名別詳細,,,,カテゴリ=架空球団用 / 先発◎ / 中継ぎ- / 抑え-,パワーカーブ,49.0,3.65,,
生成詳細,生成_球種名別詳細,,,,カテゴリ=架空球団用 / 先発◎ / 中継ぎ- / 抑え-,ファストチェンジ,36.0,2.68,,
生成詳細,生成_球種名別詳細,,,,カテゴリ=架空球団用 / 先発◎ / 中継ぎ- / 抑え-,スクリュー,18.0,1.34,,
生成詳細,生成_球種名別詳細,,,,カテゴリ=架空球団用 / 先発◎ / 中継ぎ- / 抑え-,シンカー,16.0,1.19,,
生成詳細,生成_球種名別詳細,,,,カテゴリ=架空球団用 / 先発◎ / 中継ぎ- / 抑え-,Dスライダー,15.0,1.12,,
生成詳細,生成_球種名別詳細,,,,カテゴリ=架空球団用 / 先発◎ / 中継ぎ- / 抑え-,シュート,14.0,1.04,,
生成詳細,生成_球種名別詳細,,,,カテゴリ=架空球団用 / 先発◎ / 中継ぎ- / 抑え-,パーム,10.0,0.74,,
生成詳細,生成_球種名別詳細,,,,カテゴリ=架空球団用 / 先発◎ / 中継ぎ- / 抑え-,ムービングファスト,9.0,0.67,,
生成詳細,生成_球種名別詳細,,,,カテゴリ=架空球団用 / 先発◎ / 中継ぎ- / 抑え-,ナックル,2.0,0.15,,
生成詳細,生成_球種名別詳細,,,,カテゴリ=架空球団用 / 先発◎ / 中継ぎ- / 抑え-,超スローボール,1.0,0.07,,
生成詳細,生成_球種名別詳細,,,,カテゴリ=架空球団用 / 先発◎ / 中継ぎ○ / 抑え-,スライダー,384.0,34.63,,
生成詳細,生成_球種名別詳細,,,,カテゴリ=架空球団用 / 先発◎ / 中継ぎ○ / 抑え-,カットボール,357.0,32.19,,
生成詳細,生成_球種名別詳細,,,,カテゴリ=架空球団用 / 先発◎ / 中継ぎ○ / 抑え-,SFF,294.0,26.51,,
生成詳細,生成_球種名別詳細,,,,カテゴリ=架空球団用 / 先発◎ / 中継ぎ○ / 抑え-,フォーク,259.0,23.35,,
生成詳細,生成_球種名別詳細,,,,カテゴリ=架空球団用 / 先発◎ / 中継ぎ○ / 抑え-,カーブ,195.0,17.58,,
生成詳細,生成_球種名別詳細,,,,カテゴリ=架空球団用 / 先発◎ / 中継ぎ○ / 抑え-,サークルチェンジ,192.0,17.31,,
生成詳細,生成_球種名別詳細,,,,カテゴリ=架空球団用 / 先発◎ / 中継ぎ○ / 抑え-,Vスライダー,192.0,17.31,,
生成詳細,生成_球種名別詳細,,,,カテゴリ=架空球団用 / 先発◎ / 中継ぎ○ / 抑え-,スラーブ,188.0,16.95,,
生成詳細,生成_球種名別詳細,,,,カテゴリ=架空球団用 / 先発◎ / 中継ぎ○ / 抑え-,Hスライダー,158.0,14.25,,
生成詳細,生成_球種名別詳細,,,,カテゴリ=架空球団用 / 先発◎ / 中継ぎ○ / 抑え-,シンキングスプリット,139.0,12.53,,
生成詳細,生成_球種名別詳細,,,,カテゴリ=架空球団用 / 先発◎ / 中継ぎ○ / 抑え-,ツーシームファスト,127.0,11.45,,
生成詳細,生成_球種名別詳細,,,,カテゴリ=架空球団用 / 先発◎ / 中継ぎ○ / 抑え-,ドロップカーブ,110.0,9.92,,
生成詳細,生成_球種名別詳細,,,,カテゴリ=架空球団用 / 先発◎ / 中継ぎ○ / 抑え-,シンキングツーシーム,89.0,8.03,,
生成詳細,生成_球種名別詳細,,,,カテゴリ=架空球団用 / 先発◎ / 中継ぎ○ / 抑え-,ナックルカーブ,87.0,7.84,,
生成詳細,生成_球種名別詳細,,,,カテゴリ=架空球団用 / 先発◎ / 中継ぎ○ / 抑え-,スローカーブ,87.0,7.84,,
生成詳細,生成_球種名別詳細,,,,カテゴリ=架空球団用 / 先発◎ / 中継ぎ○ / 抑え-,チェンジアップ,80.0,7.21,,
生成詳細,生成_球種名別詳細,,,,カテゴリ=架空球団用 / 先発◎ / 中継ぎ○ / 抑え-,Hシンカー,52.0,4.69,,
生成詳細,生成_球種名別詳細,,,,カテゴリ=架空球団用 / 先発◎ / 中継ぎ○ / 抑え-,Hシュート,51.0,4.6,,
生成詳細,生成_球種名別詳細,,,,カテゴリ=架空球団用 / 先発◎ / 中継ぎ○ / 抑え-,パワーカーブ,40.0,3.61,,
生成詳細,生成_球種名別詳細,,,,カテゴリ=架空球団用 / 先発◎ / 中継ぎ○ / 抑え-,ファストチェンジ,35.0,3.16,,
生成詳細,生成_球種名別詳細,,,,カテゴリ=架空球団用 / 先発◎ / 中継ぎ○ / 抑え-,シンカー,23.0,2.07,,
生成詳細,生成_球種名別詳細,,,,カテゴリ=架空球団用 / 先発◎ / 中継ぎ○ / 抑え-,パーム,12.0,1.08,,
生成詳細,生成_球種名別詳細,,,,カテゴリ=架空球団用 / 先発◎ / 中継ぎ○ / 抑え-,スクリュー,12.0,1.08,,
生成詳細,生成_球種名別詳細,,,,カテゴリ=架空球団用 / 先発◎ / 中継ぎ○ / 抑え-,シュート,11.0,0.99,,
生成詳細,生成_球種名別詳細,,,,カテゴリ=架空球団用 / 先発◎ / 中継ぎ○ / 抑え-,ムービングファスト,6.0,0.54,,
生成詳細,生成_球種名別詳細,,,,カテゴリ=架空球団用 / 先発◎ / 中継ぎ○ / 抑え-,Dスライダー,6.0,0.54,,
生成詳細,生成_球種名別詳細,,,,カテゴリ=架空球団用 / 先発◎ / 中継ぎ○ / 抑え-,ナックル,4.0,0.36,,
生成詳細,生成_球種名別詳細,,,,カテゴリ=架空球団用 / 先発◎ / 中継ぎ○ / 抑え-,超スローボール,3.0,0.27,,
生成詳細,生成_方向別詳細,,,,全体,,10589.0,70.59,第一球種,スライダー方向
生成詳細,生成_方向別詳細,,,,全体,,9899.0,65.99,第一球種,フォーク方向
生成詳細,生成_方向別詳細,,,,全体,,9146.0,60.97,第一球種,カーブ方向
生成詳細,生成_方向別詳細,,,,全体,,5933.0,39.55,第一球種,シンカー方向
生成詳細,生成_方向別詳細,,,,全体,,1996.0,13.31,第一球種,シュート方向
生成詳細,生成_方向別詳細,,,,全体,,1878.0,12.52,第一球種,ストレート系第二種
生成詳細,生成_方向別詳細,,,,全体,,1108.0,7.39,第二球種,スライダー方向
生成詳細,生成_方向別詳細,,,,全体,,1093.0,7.29,第二球種,フォーク方向
生成詳細,生成_方向別詳細,,,,全体,,584.0,3.89,第二球種,カーブ方向
生成詳細,生成_方向別詳細,,,,全体,,160.0,1.07,第二球種,シンカー方向
生成詳細,生成_方向別詳細,,,,全体,,30.0,0.2,第二球種,シュート方向
生成詳細,生成_方向別詳細,,,,カテゴリ=ドラフト候補用,,3125.0,62.5,第一球種,スライダー方向
生成詳細,生成_方向別詳細,,,,カテゴリ=ドラフト候補用,,2934.0,58.68,第一球種,フォーク方向
生成詳細,生成_方向別詳細,,,,カテゴリ=ドラフト候補用,,2700.0,54.0,第一球種,カーブ方向
生成詳細,生成_方向別詳細,,,,カテゴリ=ドラフト候補用,,1648.0,32.96,第一球種,シンカー方向
生成詳細,生成_方向別詳細,,,,カテゴリ=ドラフト候補用,,556.0,11.12,第一球種,シュート方向
生成詳細,生成_方向別詳細,,,,カテゴリ=ドラフト候補用,,365.0,7.3,第一球種,ストレート系第二種
生成詳細,生成_方向別詳細,,,,カテゴリ=ドラフト候補用,,231.0,4.62,第二球種,フォーク方向
生成詳細,生成_方向別詳細,,,,カテゴリ=ドラフト候補用,,210.0,4.2,第二球種,スライダー方向
生成詳細,生成_方向別詳細,,,,カテゴリ=ドラフト候補用,,136.0,2.72,第二球種,カーブ方向
生成詳細,生成_方向別詳細,,,,カテゴリ=ドラフト候補用,,48.0,0.96,第二球種,シンカー方向
生成詳細,生成_方向別詳細,,,,カテゴリ=ドラフト候補用,,7.0,0.14,第二球種,シュート方向
生成詳細,生成_方向別詳細,,,,カテゴリ=助っ人外国人用,,3868.0,77.36,第一球種,スライダー方向
生成詳細,生成_方向別詳細,,,,カテゴリ=助っ人外国人用,,3641.0,72.82,第一球種,フォーク方向
生成詳細,生成_方向別詳細,,,,カテゴリ=助っ人外国人用,,3397.0,67.94,第一球種,カーブ方向
生成詳細,生成_方向別詳細,,,,カテゴリ=助っ人外国人用,,2353.0,47.06,第一球種,シンカー方向
生成詳細,生成_方向別詳細,,,,カテゴリ=助っ人外国人用,,890.0,17.8,第一球種,ストレート系第二種
生成詳細,生成_方向別詳細,,,,カテゴリ=助っ人外国人用,,778.0,15.56,第一球種,シュート方向
生成詳細,生成_方向別詳細,,,,カテゴリ=助っ人外国人用,,503.0,10.06,第二球種,スライダー方向
生成詳細,生成_方向別詳細,,,,カテゴリ=助っ人外国人用,,466.0,9.32,第二球種,フォーク方向
生成詳細,生成_方向別詳細,,,,カテゴリ=助っ人外国人用,,227.0,4.54,第二球種,カーブ方向
生成詳細,生成_方向別詳細,,,,カテゴリ=助っ人外国人用,,53.0,1.06,第二球種,シンカー方向
生成詳細,生成_方向別詳細,,,,カテゴリ=助っ人外国人用,,11.0,0.22,第二球種,シュート方向
生成詳細,生成_方向別詳細,,,,カテゴリ=架空球団用,,3596.0,71.92,第一球種,スライダー方向
生成詳細,生成_方向別詳細,,,,カテゴリ=架空球団用,,3324.0,66.48,第一球種,フォーク方向
生成詳細,生成_方向別詳細,,,,カテゴリ=架空球団用,,3049.0,60.98,第一球種,カーブ方向
生成詳細,生成_方向別詳細,,,,カテゴリ=架空球団用,,1932.0,38.64,第一球種,シンカー方向
生成詳細,生成_方向別詳細,,,,カテゴリ=架空球団用,,662.0,13.24,第一球種,シュート方向
生成詳細,生成_方向別詳細,,,,カテゴリ=架空球団用,,623.0,12.46,第一球種,ストレート系第二種
生成詳細,生成_方向別詳細,,,,カテゴリ=架空球団用,,396.0,7.92,第二球種,フォーク方向
生成詳細,生成_方向別詳細,,,,カテゴリ=架空球団用,,395.0,7.9,第二球種,スライダー方向
生成詳細,生成_方向別詳細,,,,カテゴリ=架空球団用,,221.0,4.42,第二球種,カーブ方向
生成詳細,生成_方向別詳細,,,,カテゴリ=架空球団用,,59.0,1.18,第二球種,シンカー方向
生成詳細,生成_方向別詳細,,,,カテゴリ=架空球団用,,12.0,0.24,第二球種,シュート方向
生成詳細,生成_方向別詳細,,,,先発適正=-,,3318.0,69.71,第一球種,スライダー方向
生成詳細,生成_方向別詳細,,,,先発適正=-,,3096.0,65.04,第一球種,フォーク方向
生成詳細,生成_方向別詳細,,,,先発適正=-,,2942.0,61.81,第一球種,カーブ方向
生成詳細,生成_方向別詳細,,,,先発適正=-,,1881.0,39.52,第一球種,シンカー方向
生成詳細,生成_方向別詳細,,,,先発適正=-,,593.0,12.46,第一球種,ストレート系第二種
生成詳細,生成_方向別詳細,,,,先発適正=-,,573.0,12.04,第一球種,シュート方向
生成詳細,生成_方向別詳細,,,,先発適正=-,,345.0,7.25,第二球種,スライダー方向
生成詳細,生成_方向別詳細,,,,先発適正=-,,342.0,7.18,第二球種,フォーク方向
生成詳細,生成_方向別詳細,,,,先発適正=-,,181.0,3.8,第二球種,カーブ方向
生成詳細,生成_方向別詳細,,,,先発適正=-,,68.0,1.43,第二球種,シンカー方向
生成詳細,生成_方向別詳細,,,,先発適正=-,,5.0,0.11,第二球種,シュート方向
生成詳細,生成_方向別詳細,,,,先発適正=○,,2190.0,70.15,第一球種,スライダー方向
生成詳細,生成_方向別詳細,,,,先発適正=○,,2047.0,65.57,第一球種,フォーク方向
生成詳細,生成_方向別詳細,,,,先発適正=○,,1855.0,59.42,第一球種,カーブ方向
生成詳細,生成_方向別詳細,,,,先発適正=○,,1221.0,39.11,第一球種,シンカー方向
生成詳細,生成_方向別詳細,,,,先発適正=○,,430.0,13.77,第一球種,シュート方向
生成詳細,生成_方向別詳細,,,,先発適正=○,,399.0,12.78,第一球種,ストレート系第二種
生成詳細,生成_方向別詳細,,,,先発適正=○,,241.0,7.72,第二球種,スライダー方向
生成詳細,生成_方向別詳細,,,,先発適正=○,,226.0,7.24,第二球種,フォーク方向
生成詳細,生成_方向別詳細,,,,先発適正=○,,115.0,3.68,第二球種,カーブ方向
生成詳細,生成_方向別詳細,,,,先発適正=○,,26.0,0.83,第二球種,シンカー方向
生成詳細,生成_方向別詳細,,,,先発適正=○,,10.0,0.32,第二球種,シュート方向
生成詳細,生成_方向別詳細,,,,先発適正=◎,,5081.0,71.38,第一球種,スライダー方向
生成詳細,生成_方向別詳細,,,,先発適正=◎,,4756.0,66.82,第一球種,フォーク方向
生成詳細,生成_方向別詳細,,,,先発適正=◎,,4349.0,61.1,第一球種,カーブ方向
生成詳細,生成_方向別詳細,,,,先発適正=◎,,2831.0,39.77,第一球種,シンカー方向
生成詳細,生成_方向別詳細,,,,先発適正=◎,,993.0,13.95,第一球種,シュート方向
生成詳細,生成_方向別詳細,,,,先発適正=◎,,886.0,12.45,第一球種,ストレート系第二種
生成詳細,生成_方向別詳細,,,,先発適正=◎,,525.0,7.38,第二球種,フォーク方向
生成詳細,生成_方向別詳細,,,,先発適正=◎,,522.0,7.33,第二球種,スライダー方向
生成詳細,生成_方向別詳細,,,,先発適正=◎,,288.0,4.05,第二球種,カーブ方向
生成詳細,生成_方向別詳細,,,,先発適正=◎,,66.0,0.93,第二球種,シンカー方向
生成詳細,生成_方向別詳細,,,,先発適正=◎,,15.0,0.21,第二球種,シュート方向
生成詳細,生成_方向別詳細,,,,中継ぎ適正=-,,2826.0,71.36,第一球種,スライダー方向
生成詳細,生成_方向別詳細,,,,中継ぎ適正=-,,2634.0,66.52,第一球種,フォーク方向
生成詳細,生成_方向別詳細,,,,中継ぎ適正=-,,2457.0,62.05,第一球種,カーブ方向
生成詳細,生成_方向別詳細,,,,中継ぎ適正=-,,1574.0,39.75,第一球種,シンカー方向
生成詳細,生成_方向別詳細,,,,中継ぎ適正=-,,519.0,13.11,第一球種,シュート方向
生成詳細,生成_方向別詳細,,,,中継ぎ適正=-,,504.0,12.73,第一球種,ストレート系第二種
生成詳細,生成_方向別詳細,,,,中継ぎ適正=-,,300.0,7.58,第二球種,フォーク方向
生成詳細,生成_方向別詳細,,,,中継ぎ適正=-,,296.0,7.47,第二球種,スライダー方向
生成詳細,生成_方向別詳細,,,,中継ぎ適正=-,,153.0,3.86,第二球種,カーブ方向
生成詳細,生成_方向別詳細,,,,中継ぎ適正=-,,32.0,0.81,第二球種,シンカー方向
生成詳細,生成_方向別詳細,,,,中継ぎ適正=-,,7.0,0.18,第二球種,シュート方向
生成詳細,生成_方向別詳細,,,,中継ぎ適正=○,,2255.0,71.41,第一球種,スライダー方向
生成詳細,生成_方向別詳細,,,,中継ぎ適正=○,,2122.0,67.19,第一球種,フォーク方向
生成詳細,生成_方向別詳細,,,,中継ぎ適正=○,,1892.0,59.91,第一球種,カーブ方向
生成詳細,生成_方向別詳細,,,,中継ぎ適正=○,,1257.0,39.8,第一球種,シンカー方向
生成詳細,生成_方向別詳細,,,,中継ぎ適正=○,,474.0,15.01,第一球種,シュート方向
生成詳細,生成_方向別詳細,,,,中継ぎ適正=○,,382.0,12.1,第一球種,ストレート系第二種
生成詳細,生成_方向別詳細,,,,中継ぎ適正=○,,226.0,7.16,第二球種,スライダー方向
生成詳細,生成_方向別詳細,,,,中継ぎ適正=○,,225.0,7.12,第二球種,フォーク方向
生成詳細,生成_方向別詳細,,,,中継ぎ適正=○,,135.0,4.27,第二球種,カーブ方向
生成詳細,生成_方向別詳細,,,,中継ぎ適正=○,,34.0,1.08,第二球種,シンカー方向
生成詳細,生成_方向別詳細,,,,中継ぎ適正=○,,8.0,0.25,第二球種,シュート方向
生成詳細,生成_方向別詳細,,,,中継ぎ適正=◎,,5508.0,69.88,第一球種,スライダー方向
生成詳細,生成_方向別詳細,,,,中継ぎ適正=◎,,5143.0,65.25,第一球種,フォーク方向
生成詳細,生成_方向別詳細,,,,中継ぎ適正=◎,,4797.0,60.86,第一球種,カーブ方向
生成詳細,生成_方向別詳細,,,,中継ぎ適正=◎,,3102.0,39.36,第一球種,シンカー方向
生成詳細,生成_方向別詳細,,,,中継ぎ適正=◎,,1003.0,12.73,第一球種,シュート方向
生成詳細,生成_方向別詳細,,,,中継ぎ適正=◎,,992.0,12.59,第一球種,ストレート系第二種
生成詳細,生成_方向別詳細,,,,中継ぎ適正=◎,,586.0,7.43,第二球種,スライダー方向
生成詳細,生成_方向別詳細,,,,中継ぎ適正=◎,,568.0,7.21,第二球種,フォーク方向
生成詳細,生成_方向別詳細,,,,中継ぎ適正=◎,,296.0,3.76,第二球種,カーブ方向
生成詳細,生成_方向別詳細,,,,中継ぎ適正=◎,,94.0,1.19,第二球種,シンカー方向
生成詳細,生成_方向別詳細,,,,中継ぎ適正=◎,,15.0,0.19,第二球種,シュート方向
生成詳細,生成_方向別詳細,,,,抑え適正=-,,8552.0,70.84,第一球種,スライダー方向
生成詳細,生成_方向別詳細,,,,抑え適正=-,,8006.0,66.32,第一球種,フォーク方向
生成詳細,生成_方向別詳細,,,,抑え適正=-,,7319.0,60.63,第一球種,カーブ方向
生成詳細,生成_方向別詳細,,,,抑え適正=-,,4748.0,39.33,第一球種,シンカー方向
生成詳細,生成_方向別詳細,,,,抑え適正=-,,1625.0,13.46,第一球種,シュート方向
生成詳細,生成_方向別詳細,,,,抑え適正=-,,1489.0,12.33,第一球種,ストレート系第二種
生成詳細,生成_方向別詳細,,,,抑え適正=-,,876.0,7.26,第二球種,フォーク方向
生成詳細,生成_方向別詳細,,,,抑え適正=-,,863.0,7.15,第二球種,スライダー方向
生成詳細,生成_方向別詳細,,,,抑え適正=-,,465.0,3.85,第二球種,カーブ方向
生成詳細,生成_方向別詳細,,,,抑え適正=-,,123.0,1.02,第二球種,シンカー方向
生成詳細,生成_方向別詳細,,,,抑え適正=-,,26.0,0.22,第二球種,シュート方向
生成詳細,生成_方向別詳細,,,,抑え適正=○,,800.0,69.75,第一球種,スライダー方向
生成詳細,生成_方向別詳細,,,,抑え適正=○,,730.0,63.64,第一球種,フォーク方向
生成詳細,生成_方向別詳細,,,,抑え適正=○,,697.0,60.77,第一球種,カーブ方向
生成詳細,生成_方向別詳細,,,,抑え適正=○,,463.0,40.37,第一球種,シンカー方向
生成詳細,生成_方向別詳細,,,,抑え適正=○,,136.0,11.86,第一球種,ストレート系第二種
生成詳細,生成_方向別詳細,,,,抑え適正=○,,128.0,11.16,第一球種,シュート方向
生成詳細,生成_方向別詳細,,,,抑え適正=○,,97.0,8.46,第二球種,スライダー方向
生成詳細,生成_方向別詳細,,,,抑え適正=○,,83.0,7.24,第二球種,フォーク方向
生成詳細,生成_方向別詳細,,,,抑え適正=○,,32.0,2.79,第二球種,カーブ方向
生成詳細,生成_方向別詳細,,,,抑え適正=○,,13.0,1.13,第二球種,シンカー方向
生成詳細,生成_方向別詳細,,,,抑え適正=○,,1.0,0.09,第二球種,シュート方向
生成詳細,生成_方向別詳細,,,,抑え適正=◎,,1237.0,69.46,第一球種,スライダー方向
生成詳細,生成_方向別詳細,,,,抑え適正=◎,,1163.0,65.3,第一球種,フォーク方向
生成詳細,生成_方向別詳細,,,,抑え適正=◎,,1130.0,63.45,第一球種,カーブ方向
生成詳細,生成_方向別詳細,,,,抑え適正=◎,,722.0,40.54,第一球種,シンカー方向
生成詳細,生成_方向別詳細,,,,抑え適正=◎,,253.0,14.21,第一球種,ストレート系第二種
生成詳細,生成_方向別詳細,,,,抑え適正=◎,,243.0,13.64,第一球種,シュート方向
生成詳細,生成_方向別詳細,,,,抑え適正=◎,,148.0,8.31,第二球種,スライダー方向
生成詳細,生成_方向別詳細,,,,抑え適正=◎,,134.0,7.52,第二球種,フォーク方向
生成詳細,生成_方向別詳細,,,,抑え適正=◎,,87.0,4.88,第二球種,カーブ方向
生成詳細,生成_方向別詳細,,,,抑え適正=◎,,24.0,1.35,第二球種,シンカー方向
生成詳細,生成_方向別詳細,,,,抑え適正=◎,,3.0,0.17,第二球種,シュート方向
生成詳細,生成_方向別詳細,,,,カテゴリ=ドラフト候補用 / 先発- / 中継ぎ◎ / 抑え-,,470.0,61.04,第一球種,スライダー方向
生成詳細,生成_方向別詳細,,,,カテゴリ=ドラフト候補用 / 先発- / 中継ぎ◎ / 抑え-,,450.0,58.44,第一球種,フォーク方向
生成詳細,生成_方向別詳細,,,,カテゴリ=ドラフト候補用 / 先発- / 中継ぎ◎ / 抑え-,,404.0,52.47,第一球種,カーブ方向
生成詳細,生成_方向別詳細,,,,カテゴリ=ドラフト候補用 / 先発- / 中継ぎ◎ / 抑え-,,243.0,31.56,第一球種,シンカー方向
生成詳細,生成_方向別詳細,,,,カテゴリ=ドラフト候補用 / 先発- / 中継ぎ◎ / 抑え-,,74.0,9.61,第一球種,シュート方向
生成詳細,生成_方向別詳細,,,,カテゴリ=ドラフト候補用 / 先発- / 中継ぎ◎ / 抑え-,,62.0,8.05,第一球種,ストレート系第二種
生成詳細,生成_方向別詳細,,,,カテゴリ=ドラフト候補用 / 先発- / 中継ぎ◎ / 抑え-,,34.0,4.42,第二球種,フォーク方向
生成詳細,生成_方向別詳細,,,,カテゴリ=ドラフト候補用 / 先発- / 中継ぎ◎ / 抑え-,,23.0,2.99,第二球種,スライダー方向
生成詳細,生成_方向別詳細,,,,カテゴリ=ドラフト候補用 / 先発- / 中継ぎ◎ / 抑え-,,17.0,2.21,第二球種,カーブ方向
生成詳細,生成_方向別詳細,,,,カテゴリ=ドラフト候補用 / 先発- / 中継ぎ◎ / 抑え-,,10.0,1.3,第二球種,シンカー方向
生成詳細,生成_方向別詳細,,,,カテゴリ=ドラフト候補用 / 先発- / 中継ぎ◎ / 抑え-,,1.0,0.13,第二球種,シュート方向
生成詳細,生成_方向別詳細,,,,カテゴリ=ドラフト候補用 / 先発- / 中継ぎ◎ / 抑え○,,236.0,58.71,第一球種,スライダー方向
生成詳細,生成_方向別詳細,,,,カテゴリ=ドラフト候補用 / 先発- / 中継ぎ◎ / 抑え○,,232.0,57.71,第一球種,フォーク方向
生成詳細,生成_方向別詳細,,,,カテゴリ=ドラフト候補用 / 先発- / 中継ぎ◎ / 抑え○,,213.0,52.99,第一球種,カーブ方向
生成詳細,生成_方向別詳細,,,,カテゴリ=ドラフト候補用 / 先発- / 中継ぎ◎ / 抑え○,,125.0,31.09,第一球種,シンカー方向
生成詳細,生成_方向別詳細,,,,カテゴリ=ドラフト候補用 / 先発- / 中継ぎ◎ / 抑え○,,30.0,7.46,第一球種,シュート方向
生成詳細,生成_方向別詳細,,,,カテゴリ=ドラフト候補用 / 先発- / 中継ぎ◎ / 抑え○,,28.0,6.97,第一球種,ストレート系第二種
生成詳細,生成_方向別詳細,,,,カテゴリ=ドラフト候補用 / 先発- / 中継ぎ◎ / 抑え○,,16.0,3.98,第二球種,フォーク方向
生成詳細,生成_方向別詳細,,,,カテゴリ=ドラフト候補用 / 先発- / 中継ぎ◎ / 抑え○,,15.0,3.73,第二球種,スライダー方向
生成詳細,生成_方向別詳細,,,,カテゴリ=ドラフト候補用 / 先発- / 中継ぎ◎ / 抑え○,,9.0,2.24,第二球種,カーブ方向
生成詳細,生成_方向別詳細,,,,カテゴリ=ドラフト候補用 / 先発- / 中継ぎ◎ / 抑え○,,6.0,1.49,第二球種,シンカー方向
生成詳細,生成_方向別詳細,,,,カテゴリ=ドラフト候補用 / 先発- / 中継ぎ◎ / 抑え◎,,202.0,59.41,第一球種,スライダー方向
生成詳細,生成_方向別詳細,,,,カテゴリ=ドラフト候補用 / 先発- / 中継ぎ◎ / 抑え◎,,189.0,55.59,第一球種,カーブ方向
生成詳細,生成_方向別詳細,,,,カテゴリ=ドラフト候補用 / 先発- / 中継ぎ◎ / 抑え◎,,187.0,55.0,第一球種,フォーク方向
生成詳細,生成_方向別詳細,,,,カテゴリ=ドラフト候補用 / 先発- / 中継ぎ◎ / 抑え◎,,114.0,33.53,第一球種,シンカー方向
生成詳細,生成_方向別詳細,,,,カテゴリ=ドラフト候補用 / 先発- / 中継ぎ◎ / 抑え◎,,38.0,11.18,第一球種,シュート方向
生成詳細,生成_方向別詳細,,,,カテゴリ=ドラフト候補用 / 先発- / 中継ぎ◎ / 抑え◎,,18.0,5.29,第一球種,ストレート系第二種
生成詳細,生成_方向別詳細,,,,カテゴリ=ドラフト候補用 / 先発- / 中継ぎ◎ / 抑え◎,,13.0,3.82,第二球種,フォーク方向
生成詳細,生成_方向別詳細,,,,カテゴリ=ドラフト候補用 / 先発- / 中継ぎ◎ / 抑え◎,,9.0,2.65,第二球種,カーブ方向
生成詳細,生成_方向別詳細,,,,カテゴリ=ドラフト候補用 / 先発- / 中継ぎ◎ / 抑え◎,,7.0,2.06,第二球種,スライダー方向
生成詳細,生成_方向別詳細,,,,カテゴリ=ドラフト候補用 / 先発- / 中継ぎ◎ / 抑え◎,,2.0,0.59,第二球種,シンカー方向
生成詳細,生成_方向別詳細,,,,カテゴリ=ドラフト候補用 / 先発- / 中継ぎ◎ / 抑え◎,,1.0,0.29,第二球種,シュート方向
生成詳細,生成_方向別詳細,,,,カテゴリ=ドラフト候補用 / 先発○ / 中継ぎ◎ / 抑え-,,575.0,61.37,第一球種,スライダー方向
生成詳細,生成_方向別詳細,,,,カテゴリ=ドラフト候補用 / 先発○ / 中継ぎ◎ / 抑え-,,535.0,57.1,第一球種,フォーク方向
生成詳細,生成_方向別詳細,,,,カテゴリ=ドラフト候補用 / 先発○ / 中継ぎ◎ / 抑え-,,501.0,53.47,第一球種,カーブ方向
生成詳細,生成_方向別詳細,,,,カテゴリ=ドラフト候補用 / 先発○ / 中継ぎ◎ / 抑え-,,312.0,33.3,第一球種,シンカー方向
生成詳細,生成_方向別詳細,,,,カテゴリ=ドラフト候補用 / 先発○ / 中継ぎ◎ / 抑え-,,100.0,10.67,第一球種,シュート方向
生成詳細,生成_方向別詳細,,,,カテゴリ=ドラフト候補用 / 先発○ / 中継ぎ◎ / 抑え-,,63.0,6.72,第一球種,ストレート系第二種
生成詳細,生成_方向別詳細,,,,カテゴリ=ドラフト候補用 / 先発○ / 中継ぎ◎ / 抑え-,,46.0,4.91,第二球種,フォーク方向
生成詳細,生成_方向別詳細,,,,カテゴリ=ドラフト候補用 / 先発○ / 中継ぎ◎ / 抑え-,,42.0,4.48,第二球種,スライダー方向
生成詳細,生成_方向別詳細,,,,カテゴリ=ドラフト候補用 / 先発○ / 中継ぎ◎ / 抑え-,,27.0,2.88,第二球種,カーブ方向
生成詳細,生成_方向別詳細,,,,カテゴリ=ドラフト候補用 / 先発○ / 中継ぎ◎ / 抑え-,,6.0,0.64,第二球種,シンカー方向
生成詳細,生成_方向別詳細,,,,カテゴリ=ドラフト候補用 / 先発○ / 中継ぎ◎ / 抑え-,,3.0,0.32,第二球種,シュート方向
生成詳細,生成_方向別詳細,,,,カテゴリ=ドラフト候補用 / 先発○ / 中継ぎ◎ / 抑え◎,,61.0,61.0,第一球種,スライダー方向
生成詳細,生成_方向別詳細,,,,カテゴリ=ドラフト候補用 / 先発○ / 中継ぎ◎ / 抑え◎,,58.0,58.0,第一球種,フォーク方向
生成詳細,生成_方向別詳細,,,,カテゴリ=ドラフト候補用 / 先発○ / 中継ぎ◎ / 抑え◎,,55.0,55.0,第一球種,カーブ方向
生成詳細,生成_方向別詳細,,,,カテゴリ=ドラフト候補用 / 先発○ / 中継ぎ◎ / 抑え◎,,34.0,34.0,第一球種,シンカー方向
生成詳細,生成_方向別詳細,,,,カテゴリ=ドラフト候補用 / 先発○ / 中継ぎ◎ / 抑え◎,,12.0,12.0,第一球種,シュート方向
生成詳細,生成_方向別詳細,,,,カテゴリ=ドラフト候補用 / 先発○ / 中継ぎ◎ / 抑え◎,,7.0,7.0,第一球種,ストレート系第二種
生成詳細,生成_方向別詳細,,,,カテゴリ=ドラフト候補用 / 先発○ / 中継ぎ◎ / 抑え◎,,6.0,6.0,第二球種,フォーク方向
生成詳細,生成_方向別詳細,,,,カテゴリ=ドラフト候補用 / 先発○ / 中継ぎ◎ / 抑え◎,,6.0,6.0,第二球種,スライダー方向
生成詳細,生成_方向別詳細,,,,カテゴリ=ドラフト候補用 / 先発○ / 中継ぎ◎ / 抑え◎,,4.0,4.0,第二球種,カーブ方向
生成詳細,生成_方向別詳細,,,,カテゴリ=ドラフト候補用 / 先発◎ / 中継ぎ- / 抑え-,,875.0,64.48,第一球種,スライダー方向
生成詳細,生成_方向別詳細,,,,カテゴリ=ドラフト候補用 / 先発◎ / 中継ぎ- / 抑え-,,813.0,59.91,第一球種,フォーク方向
生成詳細,生成_方向別詳細,,,,カテゴリ=ドラフト候補用 / 先発◎ / 中継ぎ- / 抑え-,,751.0,55.34,第一球種,カーブ方向
生成詳細,生成_方向別詳細,,,,カテゴリ=ドラフト候補用 / 先発◎ / 中継ぎ- / 抑え-,,463.0,34.12,第一球種,シンカー方向
生成詳細,生成_方向別詳細,,,,カテゴリ=ドラフト候補用 / 先発◎ / 中継ぎ- / 抑え-,,150.0,11.05,第一球種,シュート方向
生成詳細,生成_方向別詳細,,,,カテゴリ=ドラフト候補用 / 先発◎ / 中継ぎ- / 抑え-,,105.0,7.74,第一球種,ストレート系第二種
生成詳細,生成_方向別詳細,,,,カテゴリ=ドラフト候補用 / 先発◎ / 中継ぎ- / 抑え-,,62.0,4.57,第二球種,スライダー方向
生成詳細,生成_方向別詳細,,,,カテゴリ=ドラフト候補用 / 先発◎ / 中継ぎ- / 抑え-,,61.0,4.5,第二球種,フォーク方向
生成詳細,生成_方向別詳細,,,,カテゴリ=ドラフト候補用 / 先発◎ / 中継ぎ- / 抑え-,,33.0,2.43,第二球種,カーブ方向
生成詳細,生成_方向別詳細,,,,カテゴリ=ドラフト候補用 / 先発◎ / 中継ぎ- / 抑え-,,13.0,0.96,第二球種,シンカー方向
生成詳細,生成_方向別詳細,,,,カテゴリ=ドラフト候補用 / 先発◎ / 中継ぎ- / 抑え-,,1.0,0.07,第二球種,シュート方向
生成詳細,生成_方向別詳細,,,,カテゴリ=ドラフト候補用 / 先発◎ / 中継ぎ○ / 抑え-,,706.0,64.53,第一球種,スライダー方向
生成詳細,生成_方向別詳細,,,,カテゴリ=ドラフト候補用 / 先発◎ / 中継ぎ○ / 抑え-,,659.0,60.24,第一球種,フォーク方向
生成詳細,生成_方向別詳細,,,,カテゴリ=ドラフト候補用 / 先発◎ / 中継ぎ○ / 抑え-,,587.0,53.66,第一球種,カーブ方向
生成詳細,生成_方向別詳細,,,,カテゴリ=ドラフト候補用 / 先発◎ / 中継ぎ○ / 抑え-,,357.0,32.63,第一球種,シンカー方向
生成詳細,生成_方向別詳細,,,,カテゴリ=ドラフト候補用 / 先発◎ / 中継ぎ○ / 抑え-,,152.0,13.89,第一球種,シュート方向
生成詳細,生成_方向別詳細,,,,カテゴリ=ドラフト候補用 / 先発◎ / 中継ぎ○ / 抑え-,,82.0,7.5,第一球種,ストレート系第二種
生成詳細,生成_方向別詳細,,,,カテゴリ=ドラフト候補用 / 先発◎ / 中継ぎ○ / 抑え-,,55.0,5.03,第二球種,スライダー方向
生成詳細,生成_方向別詳細,,,,カテゴリ=ドラフト候補用 / 先発◎ / 中継ぎ○ / 抑え-,,55.0,5.03,第二球種,フォーク方向
生成詳細,生成_方向別詳細,,,,カテゴリ=ドラフト候補用 / 先発◎ / 中継ぎ○ / 抑え-,,37.0,3.38,第二球種,カーブ方向
生成詳細,生成_方向別詳細,,,,カテゴリ=ドラフト候補用 / 先発◎ / 中継ぎ○ / 抑え-,,11.0,1.01,第二球種,シンカー方向
生成詳細,生成_方向別詳細,,,,カテゴリ=ドラフト候補用 / 先発◎ / 中継ぎ○ / 抑え-,,1.0,0.09,第二球種,シュート方向
生成詳細,生成_方向別詳細,,,,カテゴリ=助っ人外国人用 / 先発- / 中継ぎ◎ / 抑え-,,602.0,79.0,第一球種,スライダー方向
生成詳細,生成_方向別詳細,,,,カテゴリ=助っ人外国人用 / 先発- / 中継ぎ◎ / 抑え-,,565.0,74.15,第一球種,フォーク方向
生成詳細,生成_方向別詳細,,,,カテゴリ=助っ人外国人用 / 先発- / 中継ぎ◎ / 抑え-,,517.0,67.85,第一球種,カーブ方向
生成詳細,生成_方向別詳細,,,,カテゴリ=助っ人外国人用 / 先発- / 中継ぎ◎ / 抑え-,,358.0,46.98,第一球種,シンカー方向
生成詳細,生成_方向別詳細,,,,カテゴリ=助っ人外国人用 / 先発- / 中継ぎ◎ / 抑え-,,116.0,15.22,第一球種,ストレート系第二種
生成詳細,生成_方向別詳細,,,,カテゴリ=助っ人外国人用 / 先発- / 中継ぎ◎ / 抑え-,,109.0,14.3,第一球種,シュート方向
生成詳細,生成_方向別詳細,,,,カテゴリ=助っ人外国人用 / 先発- / 中継ぎ◎ / 抑え-,,67.0,8.79,第二球種,フォーク方向
生成詳細,生成_方向別詳細,,,,カテゴリ=助っ人外国人用 / 先発- / 中継ぎ◎ / 抑え-,,63.0,8.27,第二球種,スライダー方向
生成詳細,生成_方向別詳細,,,,カテゴリ=助っ人外国人用 / 先発- / 中継ぎ◎ / 抑え-,,36.0,4.72,第二球種,カーブ方向
生成詳細,生成_方向別詳細,,,,カテゴリ=助っ人外国人用 / 先発- / 中継ぎ◎ / 抑え-,,12.0,1.57,第二球種,シンカー方向
生成詳細,生成_方向別詳細,,,,カテゴリ=助っ人外国人用 / 先発- / 中継ぎ◎ / 抑え○,,287.0,82.23,第一球種,スライダー方向
生成詳細,生成_方向別詳細,,,,カテゴリ=助っ人外国人用 / 先発- / 中継ぎ◎ / 抑え○,,244.0,69.91,第一球種,カーブ方向
生成詳細,生成_方向別詳細,,,,カテゴリ=助っ人外国人用 / 先発- / 中継ぎ◎ / 抑え○,,237.0,67.91,第一球種,フォーク方向
生成詳細,生成_方向別詳細,,,,カテゴリ=助っ人外国人用 / 先発- / 中継ぎ◎ / 抑え○,,163.0,46.7,第一球種,シンカー方向
生成詳細,生成_方向別詳細,,,,カテゴリ=助っ人外国人用 / 先発- / 中継ぎ◎ / 抑え○,,61.0,17.48,第一球種,ストレート系第二種
生成詳細,生成_方向別詳細,,,,カテゴリ=助っ人外国人用 / 先発- / 中継ぎ◎ / 抑え○,,51.0,14.61,第一球種,シュート方向
生成詳細,生成_方向別詳細,,,,カテゴリ=助っ人外国人用 / 先発- / 中継ぎ◎ / 抑え○,,52.0,14.9,第二球種,スライダー方向
生成詳細,生成_方向別詳細,,,,カテゴリ=助っ人外国人用 / 先発- / 中継ぎ◎ / 抑え○,,30.0,8.6,第二球種,フォーク方向
生成詳細,生成_方向別詳細,,,,カテゴリ=助っ人外国人用 / 先発- / 中継ぎ◎ / 抑え○,,10.0,2.87,第二球種,カーブ方向
生成詳細,生成_方向別詳細,,,,カテゴリ=助っ人外国人用 / 先発- / 中継ぎ◎ / 抑え○,,1.0,0.29,第二球種,シンカー方向
生成詳細,生成_方向別詳細,,,,カテゴリ=助っ人外国人用 / 先発- / 中継ぎ◎ / 抑え◎,,458.0,75.58,第一球種,スライダー方向
生成詳細,生成_方向別詳細,,,,カテゴリ=助っ人外国人用 / 先発- / 中継ぎ◎ / 抑え◎,,432.0,71.29,第一球種,フォーク方向
生成詳細,生成_方向別詳細,,,,カテゴリ=助っ人外国人用 / 先発- / 中継ぎ◎ / 抑え◎,,422.0,69.64,第一球種,カーブ方向
生成詳細,生成_方向別詳細,,,,カテゴリ=助っ人外国人用 / 先発- / 中継ぎ◎ / 抑え◎,,279.0,46.04,第一球種,シンカー方向
生成詳細,生成_方向別詳細,,,,カテゴリ=助っ人外国人用 / 先発- / 中継ぎ◎ / 抑え◎,,118.0,19.47,第一球種,ストレート系第二種
生成詳細,生成_方向別詳細,,,,カテゴリ=助っ人外国人用 / 先発- / 中継ぎ◎ / 抑え◎,,82.0,13.53,第一球種,シュート方向
生成詳細,生成_方向別詳細,,,,カテゴリ=助っ人外国人用 / 先発- / 中継ぎ◎ / 抑え◎,,63.0,10.4,第二球種,スライダー方向
生成詳細,生成_方向別詳細,,,,カテゴリ=助っ人外国人用 / 先発- / 中継ぎ◎ / 抑え◎,,57.0,9.41,第二球種,フォーク方向
生成詳細,生成_方向別詳細,,,,カテゴリ=助っ人外国人用 / 先発- / 中継ぎ◎ / 抑え◎,,30.0,4.95,第二球種,カーブ方向
生成詳細,生成_方向別詳細,,,,カテゴリ=助っ人外国人用 / 先発- / 中継ぎ◎ / 抑え◎,,12.0,1.98,第二球種,シンカー方向
生成詳細,生成_方向別詳細,,,,カテゴリ=助っ人外国人用 / 先発○ / 中継ぎ◎ / 抑え-,,599.0,78.61,第一球種,スライダー方向
生成詳細,生成_方向別詳細,,,,カテゴリ=助っ人外国人用 / 先発○ / 中継ぎ◎ / 抑え-,,549.0,72.05,第一球種,フォーク方向
生成詳細,生成_方向別詳細,,,,カテゴリ=助っ人外国人用 / 先発○ / 中継ぎ◎ / 抑え-,,513.0,67.32,第一球種,カーブ方向
生成詳細,生成_方向別詳細,,,,カテゴリ=助っ人外国人用 / 先発○ / 中継ぎ◎ / 抑え-,,365.0,47.9,第一球種,シンカー方向
生成詳細,生成_方向別詳細,,,,カテゴリ=助っ人外国人用 / 先発○ / 中継ぎ◎ / 抑え-,,133.0,17.45,第一球種,ストレート系第二種
生成詳細,生成_方向別詳細,,,,カテゴリ=助っ人外国人用 / 先発○ / 中継ぎ◎ / 抑え-,,120.0,15.75,第一球種,シュート方向
生成詳細,生成_方向別詳細,,,,カテゴリ=助っ人外国人用 / 先発○ / 中継ぎ◎ / 抑え-,,77.0,10.1,第二球種,スライダー方向
生成詳細,生成_方向別詳細,,,,カテゴリ=助っ人外国人用 / 先発○ / 中継ぎ◎ / 抑え-,,66.0,8.66,第二球種,フォーク方向
生成詳細,生成_方向別詳細,,,,カテゴリ=助っ人外国人用 / 先発○ / 中継ぎ◎ / 抑え-,,25.0,3.28,第二球種,カーブ方向
生成詳細,生成_方向別詳細,,,,カテゴリ=助っ人外国人用 / 先発○ / 中継ぎ◎ / 抑え-,,6.0,0.79,第二球種,シンカー方向
生成詳細,生成_方向別詳細,,,,カテゴリ=助っ人外国人用 / 先発○ / 中継ぎ◎ / 抑え-,,3.0,0.39,第二球種,シュート方向
生成詳細,生成_方向別詳細,,,,カテゴリ=助っ人外国人用 / 先発○ / 中継ぎ◎ / 抑え◎,,223.0,72.64,第一球種,フォーク方向
生成詳細,生成_方向別詳細,,,,カテゴリ=助っ人外国人用 / 先発○ / 中継ぎ◎ / 抑え◎,,222.0,72.31,第一球種,スライダー方向
生成詳細,生成_方向別詳細,,,,カテゴリ=助っ人外国人用 / 先発○ / 中継ぎ◎ / 抑え◎,,196.0,63.84,第一球種,カーブ方向
生成詳細,生成_方向別詳細,,,,カテゴリ=助っ人外国人用 / 先発○ / 中継ぎ◎ / 抑え◎,,140.0,45.6,第一球種,シンカー方向
生成詳細,生成_方向別詳細,,,,カテゴリ=助っ人外国人用 / 先発○ / 中継ぎ◎ / 抑え◎,,61.0,19.87,第一球種,ストレート系第二種
生成詳細,生成_方向別詳細,,,,カテゴリ=助っ人外国人用 / 先発○ / 中継ぎ◎ / 抑え◎,,48.0,15.64,第一球種,シュート方向
生成詳細,生成_方向別詳細,,,,カテゴリ=助っ人外国人用 / 先発○ / 中継ぎ◎ / 抑え◎,,39.0,12.7,第二球種,スライダー方向
生成詳細,生成_方向別詳細,,,,カテゴリ=助っ人外国人用 / 先発○ / 中継ぎ◎ / 抑え◎,,28.0,9.12,第二球種,フォーク方向
生成詳細,生成_方向別詳細,,,,カテゴリ=助っ人外国人用 / 先発○ / 中継ぎ◎ / 抑え◎,,21.0,6.84,第二球種,カーブ方向
生成詳細,生成_方向別詳細,,,,カテゴリ=助っ人外国人用 / 先発○ / 中継ぎ◎ / 抑え◎,,3.0,0.98,第二球種,シンカー方向
生成詳細,生成_方向別詳細,,,,カテゴリ=助っ人外国人用 / 先発○ / 中継ぎ◎ / 抑え◎,,1.0,0.33,第二球種,シュート方向
生成詳細,生成_方向別詳細,,,,カテゴリ=助っ人外国人用 / 先発◎ / 中継ぎ- / 抑え-,,966.0,76.73,第一球種,スライダー方向
生成詳細,生成_方向別詳細,,,,カテゴリ=助っ人外国人用 / 先発◎ / 中継ぎ- / 抑え-,,925.0,73.47,第一球種,フォーク方向
生成詳細,生成_方向別詳細,,,,カテゴリ=助っ人外国人用 / 先発◎ / 中継ぎ- / 抑え-,,864.0,68.63,第一球種,カーブ方向
生成詳細,生成_方向別詳細,,,,カテゴリ=助っ人外国人用 / 先発◎ / 中継ぎ- / 抑え-,,590.0,46.86,第一球種,シンカー方向
生成詳細,生成_方向別詳細,,,,カテゴリ=助っ人外国人用 / 先発◎ / 中継ぎ- / 抑え-,,237.0,18.82,第一球種,ストレート系第二種
生成詳細,生成_方向別詳細,,,,カテゴリ=助っ人外国人用 / 先発◎ / 中継ぎ- / 抑え-,,193.0,15.33,第一球種,シュート方向
生成詳細,生成_方向別詳細,,,,カテゴリ=助っ人外国人用 / 先発◎ / 中継ぎ- / 抑え-,,136.0,10.8,第二球種,フォーク方向
生成詳細,生成_方向別詳細,,,,カテゴリ=助っ人外国人用 / 先発◎ / 中継ぎ- / 抑え-,,122.0,9.69,第二球種,スライダー方向
生成詳細,生成_方向別詳細,,,,カテゴリ=助っ人外国人用 / 先発◎ / 中継ぎ- / 抑え-,,56.0,4.45,第二球種,カーブ方向
生成詳細,生成_方向別詳細,,,,カテゴリ=助っ人外国人用 / 先発◎ / 中継ぎ- / 抑え-,,7.0,0.56,第二球種,シンカー方向
生成詳細,生成_方向別詳細,,,,カテゴリ=助っ人外国人用 / 先発◎ / 中継ぎ- / 抑え-,,4.0,0.32,第二球種,シュート方向
生成詳細,生成_方向別詳細,,,,カテゴリ=助っ人外国人用 / 先発◎ / 中継ぎ○ / 抑え-,,734.0,76.86,第一球種,スライダー方向
生成詳細,生成_方向別詳細,,,,カテゴリ=助っ人外国人用 / 先発◎ / 中継ぎ○ / 抑え-,,710.0,74.35,第一球種,フォーク方向
生成詳細,生成_方向別詳細,,,,カテゴリ=助っ人外国人用 / 先発◎ / 中継ぎ○ / 抑え-,,641.0,67.12,第一球種,カーブ方向
生成詳細,生成_方向別詳細,,,,カテゴリ=助っ人外国人用 / 先発◎ / 中継ぎ○ / 抑え-,,458.0,47.96,第一球種,シンカー方向
生成詳細,生成_方向別詳細,,,,カテゴリ=助っ人外国人用 / 先発◎ / 中継ぎ○ / 抑え-,,175.0,18.32,第一球種,シュート方向
生成詳細,生成_方向別詳細,,,,カテゴリ=助っ人外国人用 / 先発◎ / 中継ぎ○ / 抑え-,,164.0,17.17,第一球種,ストレート系第二種
生成詳細,生成_方向別詳細,,,,カテゴリ=助っ人外国人用 / 先発◎ / 中継ぎ○ / 抑え-,,87.0,9.11,第二球種,スライダー方向
生成詳細,生成_方向別詳細,,,,カテゴリ=助っ人外国人用 / 先発◎ / 中継ぎ○ / 抑え-,,82.0,8.59,第二球種,フォーク方向
生成詳細,生成_方向別詳細,,,,カテゴリ=助っ人外国人用 / 先発◎ / 中継ぎ○ / 抑え-,,49.0,5.13,第二球種,カーブ方向
生成詳細,生成_方向別詳細,,,,カテゴリ=助っ人外国人用 / 先発◎ / 中継ぎ○ / 抑え-,,12.0,1.26,第二球種,シンカー方向
生成詳細,生成_方向別詳細,,,,カテゴリ=助っ人外国人用 / 先発◎ / 中継ぎ○ / 抑え-,,3.0,0.31,第二球種,シュート方向
生成詳細,生成_方向別詳細,,,,カテゴリ=架空球団用 / 先発- / 中継ぎ◎ / 抑え-,,566.0,70.14,第一球種,スライダー方向
生成詳細,生成_方向別詳細,,,,カテゴリ=架空球団用 / 先発- / 中継ぎ◎ / 抑え-,,539.0,66.79,第一球種,フォーク方向
生成詳細,生成_方向別詳細,,,,カテゴリ=架空球団用 / 先発- / 中継ぎ◎ / 抑え-,,503.0,62.33,第一球種,カーブ方向
生成詳細,生成_方向別詳細,,,,カテゴリ=架空球団用 / 先発- / 中継ぎ◎ / 抑え-,,302.0,37.42,第一球種,シンカー方向
生成詳細,生成_方向別詳細,,,,カテゴリ=架空球団用 / 先発- / 中継ぎ◎ / 抑え-,,109.0,13.51,第一球種,ストレート系第二種
生成詳細,生成_方向別詳細,,,,カテゴリ=架空球団用 / 先発- / 中継ぎ◎ / 抑え-,,96.0,11.9,第一球種,シュート方向
生成詳細,生成_方向別詳細,,,,カテゴリ=架空球団用 / 先発- / 中継ぎ◎ / 抑え-,,69.0,8.55,第二球種,スライダー方向
生成詳細,生成_方向別詳細,,,,カテゴリ=架空球団用 / 先発- / 中継ぎ◎ / 抑え-,,65.0,8.05,第二球種,フォーク方向
生成詳細,生成_方向別詳細,,,,カテゴリ=架空球団用 / 先発- / 中継ぎ◎ / 抑え-,,37.0,4.58,第二球種,カーブ方向
生成詳細,生成_方向別詳細,,,,カテゴリ=架空球団用 / 先発- / 中継ぎ◎ / 抑え-,,13.0,1.61,第二球種,シンカー方向
生成詳細,生成_方向別詳細,,,,カテゴリ=架空球団用 / 先発- / 中継ぎ◎ / 抑え-,,1.0,0.12,第二球種,シュート方向
生成詳細,生成_方向別詳細,,,,カテゴリ=架空球団用 / 先発- / 中継ぎ◎ / 抑え○,,277.0,69.95,第一球種,スライダー方向
生成詳細,生成_方向別詳細,,,,カテゴリ=架空球団用 / 先発- / 中継ぎ◎ / 抑え○,,261.0,65.91,第一球種,フォーク方向
生成詳細,生成_方向別詳細,,,,カテゴリ=架空球団用 / 先発- / 中継ぎ◎ / 抑え○,,240.0,60.61,第一球種,カーブ方向
生成詳細,生成_方向別詳細,,,,カテゴリ=架空球団用 / 先発- / 中継ぎ◎ / 抑え○,,175.0,44.19,第一球種,シンカー方向
生成詳細,生成_方向別詳細,,,,カテゴリ=架空球団用 / 先発- / 中継ぎ◎ / 抑え○,,47.0,11.87,第一球種,シュート方向
生成詳細,生成_方向別詳細,,,,カテゴリ=架空球団用 / 先発- / 中継ぎ◎ / 抑え○,,47.0,11.87,第一球種,ストレート系第二種
生成詳細,生成_方向別詳細,,,,カテゴリ=架空球団用 / 先発- / 中継ぎ◎ / 抑え○,,37.0,9.34,第二球種,フォーク方向
生成詳細,生成_方向別詳細,,,,カテゴリ=架空球団用 / 先発- / 中継ぎ◎ / 抑え○,,30.0,7.58,第二球種,スライダー方向
生成詳細,生成_方向別詳細,,,,カテゴリ=架空球団用 / 先発- / 中継ぎ◎ / 抑え○,,13.0,3.28,第二球種,カーブ方向
生成詳細,生成_方向別詳細,,,,カテゴリ=架空球団用 / 先発- / 中継ぎ◎ / 抑え○,,6.0,1.52,第二球種,シンカー方向
生成詳細,生成_方向別詳細,,,,カテゴリ=架空球団用 / 先発- / 中継ぎ◎ / 抑え○,,1.0,0.25,第二球種,シュート方向
生成詳細,生成_方向別詳細,,,,カテゴリ=架空球団用 / 先発- / 中継ぎ◎ / 抑え◎,,220.0,67.07,第一球種,スライダー方向
生成詳細,生成_方向別詳細,,,,カテゴリ=架空球団用 / 先発- / 中継ぎ◎ / 抑え◎,,210.0,64.02,第一球種,カーブ方向
生成詳細,生成_方向別詳細,,,,カテゴリ=架空球団用 / 先発- / 中継ぎ◎ / 抑え◎,,193.0,58.84,第一球種,フォーク方向
生成詳細,生成_方向別詳細,,,,カテゴリ=架空球団用 / 先発- / 中継ぎ◎ / 抑え◎,,122.0,37.2,第一球種,シンカー方向
生成詳細,生成_方向別詳細,,,,カテゴリ=架空球団用 / 先発- / 中継ぎ◎ / 抑え◎,,46.0,14.02,第一球種,シュート方向
生成詳細,生成_方向別詳細,,,,カテゴリ=架空球団用 / 先発- / 中継ぎ◎ / 抑え◎,,34.0,10.37,第一球種,ストレート系第二種
生成詳細,生成_方向別詳細,,,,カテゴリ=架空球団用 / 先発- / 中継ぎ◎ / 抑え◎,,23.0,7.01,第二球種,スライダー方向
生成詳細,生成_方向別詳細,,,,カテゴリ=架空球団用 / 先発- / 中継ぎ◎ / 抑え◎,,23.0,7.01,第二球種,フォーク方向
生成詳細,生成_方向別詳細,,,,カテゴリ=架空球団用 / 先発- / 中継ぎ◎ / 抑え◎,,20.0,6.1,第二球種,カーブ方向
生成詳細,生成_方向別詳細,,,,カテゴリ=架空球団用 / 先発- / 中継ぎ◎ / 抑え◎,,6.0,1.83,第二球種,シンカー方向
生成詳細,生成_方向別詳細,,,,カテゴリ=架空球団用 / 先発- / 中継ぎ◎ / 抑え◎,,1.0,0.3,第二球種,シュート方向
生成詳細,生成_方向別詳細,,,,カテゴリ=架空球団用 / 先発○ / 中継ぎ◎ / 抑え-,,659.0,71.94,第一球種,スライダー方向
生成詳細,生成_方向別詳細,,,,カテゴリ=架空球団用 / 先発○ / 中継ぎ◎ / 抑え-,,612.0,66.81,第一球種,フォーク方向
生成詳細,生成_方向別詳細,,,,カテゴリ=架空球団用 / 先発○ / 中継ぎ◎ / 抑え-,,532.0,58.08,第一球種,カーブ方向
生成詳細,生成_方向別詳細,,,,カテゴリ=架空球団用 / 先発○ / 中継ぎ◎ / 抑え-,,337.0,36.79,第一球種,シンカー方向
生成詳細,生成_方向別詳細,,,,カテゴリ=架空球団用 / 先発○ / 中継ぎ◎ / 抑え-,,133.0,14.52,第一球種,シュート方向
生成詳細,生成_方向別詳細,,,,カテゴリ=架空球団用 / 先発○ / 中継ぎ◎ / 抑え-,,120.0,13.1,第一球種,ストレート系第二種
生成詳細,生成_方向別詳細,,,,カテゴリ=架空球団用 / 先発○ / 中継ぎ◎ / 抑え-,,73.0,7.97,第二球種,フォーク方向
生成詳細,生成_方向別詳細,,,,カテゴリ=架空球団用 / 先発○ / 中継ぎ◎ / 抑え-,,67.0,7.31,第二球種,スライダー方向
生成詳細,生成_方向別詳細,,,,カテゴリ=架空球団用 / 先発○ / 中継ぎ◎ / 抑え-,,35.0,3.82,第二球種,カーブ方向
生成詳細,生成_方向別詳細,,,,カテゴリ=架空球団用 / 先発○ / 中継ぎ◎ / 抑え-,,10.0,1.09,第二球種,シンカー方向
生成詳細,生成_方向別詳細,,,,カテゴリ=架空球団用 / 先発○ / 中継ぎ◎ / 抑え-,,3.0,0.33,第二球種,シュート方向
生成詳細,生成_方向別詳細,,,,カテゴリ=架空球団用 / 先発○ / 中継ぎ◎ / 抑え◎,,74.0,74.0,第一球種,スライダー方向
生成詳細,生成_方向別詳細,,,,カテゴリ=架空球団用 / 先発○ / 中継ぎ◎ / 抑え◎,,70.0,70.0,第一球種,フォーク方向
生成詳細,生成_方向別詳細,,,,カテゴリ=架空球団用 / 先発○ / 中継ぎ◎ / 抑え◎,,58.0,58.0,第一球種,カーブ方向
生成詳細,生成_方向別詳細,,,,カテゴリ=架空球団用 / 先発○ / 中継ぎ◎ / 抑え◎,,33.0,33.0,第一球種,シンカー方向
生成詳細,生成_方向別詳細,,,,カテゴリ=架空球団用 / 先発○ / 中継ぎ◎ / 抑え◎,,17.0,17.0,第一球種,シュート方向
生成詳細,生成_方向別詳細,,,,カテゴリ=架空球団用 / 先発○ / 中継ぎ◎ / 抑え◎,,15.0,15.0,第一球種,ストレート系第二種
生成詳細,生成_方向別詳細,,,,カテゴリ=架空球団用 / 先発○ / 中継ぎ◎ / 抑え◎,,10.0,10.0,第二球種,スライダー方向
生成詳細,生成_方向別詳細,,,,カテゴリ=架空球団用 / 先発○ / 中継ぎ◎ / 抑え◎,,7.0,7.0,第二球種,フォーク方向
生成詳細,生成_方向別詳細,,,,カテゴリ=架空球団用 / 先発○ / 中継ぎ◎ / 抑え◎,,3.0,3.0,第二球種,カーブ方向
生成詳細,生成_方向別詳細,,,,カテゴリ=架空球団用 / 先発○ / 中継ぎ◎ / 抑え◎,,1.0,1.0,第二球種,シンカー方向
生成詳細,生成_方向別詳細,,,,カテゴリ=架空球団用 / 先発◎ / 中継ぎ- / 抑え-,,985.0,73.29,第一球種,スライダー方向
生成詳細,生成_方向別詳細,,,,カテゴリ=架空球団用 / 先発◎ / 中継ぎ- / 抑え-,,896.0,66.67,第一球種,フォーク方向
生成詳細,生成_方向別詳細,,,,カテゴリ=架空球団用 / 先発◎ / 中継ぎ- / 抑え-,,842.0,62.65,第一球種,カーブ方向
生成詳細,生成_方向別詳細,,,,カテゴリ=架空球団用 / 先発◎ / 中継ぎ- / 抑え-,,521.0,38.76,第一球種,シンカー方向
生成詳細,生成_方向別詳細,,,,カテゴリ=架空球団用 / 先発◎ / 中継ぎ- / 抑え-,,176.0,13.1,第一球種,シュート方向
生成詳細,生成_方向別詳細,,,,カテゴリ=架空球団用 / 先発◎ / 中継ぎ- / 抑え-,,162.0,12.05,第一球種,ストレート系第二種
生成詳細,生成_方向別詳細,,,,カテゴリ=架空球団用 / 先発◎ / 中継ぎ- / 抑え-,,112.0,8.33,第二球種,スライダー方向
生成詳細,生成_方向別詳細,,,,カテゴリ=架空球団用 / 先発◎ / 中継ぎ- / 抑え-,,103.0,7.66,第二球種,フォーク方向
生成詳細,生成_方向別詳細,,,,カテゴリ=架空球団用 / 先発◎ / 中継ぎ- / 抑え-,,64.0,4.76,第二球種,カーブ方向
生成詳細,生成_方向別詳細,,,,カテゴリ=架空球団用 / 先発◎ / 中継ぎ- / 抑え-,,12.0,0.89,第二球種,シンカー方向
生成詳細,生成_方向別詳細,,,,カテゴリ=架空球団用 / 先発◎ / 中継ぎ- / 抑え-,,2.0,0.15,第二球種,シュート方向
生成詳細,生成_方向別詳細,,,,カテゴリ=架空球団用 / 先発◎ / 中継ぎ○ / 抑え-,,815.0,73.49,第一球種,スライダー方向
生成詳細,生成_方向別詳細,,,,カテゴリ=架空球団用 / 先発◎ / 中継ぎ○ / 抑え-,,753.0,67.9,第一球種,フォーク方向
生成詳細,生成_方向別詳細,,,,カテゴリ=架空球団用 / 先発◎ / 中継ぎ○ / 抑え-,,664.0,59.87,第一球種,カーブ方向
生成詳細,生成_方向別詳細,,,,カテゴリ=架空球団用 / 先発◎ / 中継ぎ○ / 抑え-,,442.0,39.86,第一球種,シンカー方向
生成詳細,生成_方向別詳細,,,,カテゴリ=架空球団用 / 先発◎ / 中継ぎ○ / 抑え-,,147.0,13.26,第一球種,シュート方向
生成詳細,生成_方向別詳細,,,,カテゴリ=架空球団用 / 先発◎ / 中継ぎ○ / 抑え-,,136.0,12.26,第一球種,ストレート系第二種
生成詳細,生成_方向別詳細,,,,カテゴリ=架空球団用 / 先発◎ / 中継ぎ○ / 抑え-,,88.0,7.94,第二球種,フォーク方向
生成詳細,生成_方向別詳細,,,,カテゴリ=架空球団用 / 先発◎ / 中継ぎ○ / 抑え-,,84.0,7.57,第二球種,スライダー方向
生成詳細,生成_方向別詳細,,,,カテゴリ=架空球団用 / 先発◎ / 中継ぎ○ / 抑え-,,49.0,4.42,第二球種,カーブ方向
生成詳細,生成_方向別詳細,,,,カテゴリ=架空球団用 / 先発◎ / 中継ぎ○ / 抑え-,,11.0,0.99,第二球種,シンカー方向
生成詳細,生成_方向別詳細,,,,カテゴリ=架空球団用 / 先発◎ / 中継ぎ○ / 抑え-,,4.0,0.36,第二球種,シュート方向
